label,cluster
Curve00001,1
Curve00002,1
Curve00003,1
Curve00004,1
Curve00005,1
Curve00006,1
Curve00007,1
Curve00008,1
Curve00009,1
Curve00010,1
Curve00011,1
Curve00012,1
Curve00013,1
Curve00014,1
Curve00015,1
Curve00016,1
Curve00017,1
Curve00018,1
Curve00019,1
Curve00020,1
Curve00021,1
Curve00022,1
Curve00023,1
Curve00024,1
Curve00025,1
Curve00026,1
Curve00027,1
Curve00028,1
Curve00029,1
Curve00030,1
Curve00031,1
Curve00032,1
Curve00033,1
Curve00034,1
Curve00035,1
Curve00036,1
Curve00037,1
Curve00038,1
Curve00039,1
Curve00040,1
Curve00041,1
Curve00042,1
Curve00043,1
Curve00044,1
Curve00045,1
Curve00046,1
Curve00047,1
Curve00048,1
Curve00049,1
Curve00050,1
Curve00051,1
Curve00052,1
Curve00053,1
Curve00054,1
Curve00055,1
Curve00056,1
Curve00057,1
Curve00058,1
Curve00059,1
Curve00060,1
Curve00061,1
Curve00062,1
Curve00063,1
Curve00064,1
Curve00065,1
Curve00066,1
Curve00067,1
Curve00068,1
Curve00069,1
Curve00070,1
Curve00071,1
Curve00072,1
Curve00073,1
Curve00074,1
Curve00075,1
Curve00076,1
Curve00077,1
Curve00078,1
Curve00079,1
Curve00080,1
Curve00081,1
Curve00082,1
Curve00083,1
Curve00084,1
Curve00085,1
Curve00086,1
Curve00087,1
Curve00088,1
Curve00089,1
Curve00090,1
Curve00091,1
Curve00092,1
Curve00093,1
Curve00094,1
Curve00095,1
Curve00096,1
Curve00097,1
Curve00098,1
Curve00099,1
Curve00100,1
Curve00101,1
Curve00102,1
Curve00103,1
Curve00104,1
Curve00105,1
Curve00106,1
Curve00107,1
Curve00108,1
Curve00109,1
Curve00110,1
Curve00111,1
Curve00112,1
Curve00113,1
Curve00114,1
Curve00115,1
Curve00116,1
Curve00117,1
Curve00118,1
Curve00119,1
Curve00120,1
Curve00121,1
Curve00122,1
Curve00123,1
Curve00124,1
Curve00125,1
Curve00126,1
Curve00127,1
Curve00128,1
Curve00129,1
Curve00130,1
Curve00131,1
Curve00132,1
Curve00133,1
Curve00134,1
Curve00135,1
Curve00136,1
Curve00137,1
Curve00138,1
Curve00139,1
Curve00140,1
Curve00141,1
Curve00142,1
Curve00143,1
Curve00144,1
Curve00145,1
Curve00146,1
Curve00147,1
Curve00148,1
Curve00149,1
Curve00150,1
Curve00151,1
Curve00152,1
Curve00153,1
Curve00154,1
Curve00155,1
Curve00156,1
Curve00157,1
Curve00158,1
Curve00159,1
Curve00160,1
Curve00161,1
Curve00162,1
Curve00163,1
Curve00164,1
Curve00165,1
Curve00166,1
Curve00167,1
Curve00168,1
Curve00169,1
Curve00170,1
Curve00171,1
Curve00172,1
Curve00173,1
Curve00174,1
Curve00175,1
Curve00176,1
Curve00177,1
Curve00178,1
Curve00179,1
Curve00180,1
Curve00181,1
Curve00182,1
Curve00183,1
Curve00184,1
Curve00185,1
Curve00186,1
Curve00187,1
Curve00188,1
Curve00189,1
Curve00190,1
Curve00191,1
Curve00192,1
Curve00193,1
Curve00194,1
Curve00195,1
Curve00196,1
Curve00197,1
Curve00198,1
Curve00199,1
Curve00200,1
Curve00201,1
Curve00202,1
Curve00203,1
Curve00204,1
Curve00205,1
Curve00206,1
Curve00207,1
Curve00208,1
Curve00209,1
Curve00210,1
Curve00211,1
Curve00212,1
Curve00213,1
Curve00214,1
Curve00215,1
Curve00216,1
Curve00217,1
Curve00218,1
Curve00219,1
Curve00220,1
Curve00221,1
Curve00222,1
Curve00223,1
Curve00224,1
Curve00225,1
Curve00226,1
Curve00227,1
Curve00228,1
Curve00229,1
Curve00230,1
Curve00231,1
Curve00232,1
Curve00233,1
Curve00234,1
Curve00235,1
Curve00236,1
Curve00237,1
Curve00238,1
Curve00239,1
Curve00240,1
Curve00241,1
Curve00242,1
Curve00243,1
Curve00244,1
Curve00245,1
Curve00246,1
Curve00247,1
Curve00248,1
Curve00249,1
Curve00250,1
Curve00251,1
Curve00252,1
Curve00253,1
Curve00254,1
Curve00255,1
Curve00256,1
Curve00257,1
Curve00258,1
Curve00259,1
Curve00260,1
Curve00261,1
Curve00262,1
Curve00263,1
Curve00264,1
Curve00265,1
Curve00266,1
Curve00267,1
Curve00268,1
Curve00269,1
Curve00270,1
Curve00271,1
Curve00272,1
Curve00273,1
Curve00274,1
Curve00275,1
Curve00276,1
Curve00277,1
Curve00278,1
Curve00279,1
Curve00280,1
Curve00281,1
Curve00282,1
Curve00283,1
Curve00284,1
Curve00285,1
Curve00286,1
Curve00287,1
Curve00288,1
Curve00289,1
Curve00290,1
Curve00291,1
Curve00292,1
Curve00293,1
Curve00294,1
Curve00295,1
Curve00296,1
Curve00297,1
Curve00298,1
Curve00299,1
Curve00300,1
Curve00301,1
Curve00302,1
Curve00303,1
Curve00304,1
Curve00305,1
Curve00306,1
Curve00307,1
Curve00308,1
Curve00309,1
Curve00310,1
Curve00311,1
Curve00312,1
Curve00313,1
Curve00314,1
Curve00315,1
Curve00316,1
Curve00317,1
Curve00318,1
Curve00319,1
Curve00320,1
Curve00321,1
Curve00322,1
Curve00323,1
Curve00324,1
Curve00325,1
Curve00326,1
Curve00327,1
Curve00328,1
Curve00329,1
Curve00330,1
Curve00331,1
Curve00332,1
Curve00333,1
Curve00334,1
Curve00335,1
Curve00336,1
Curve00337,1
Curve00338,1
Curve00339,1
Curve00340,1
Curve00341,1
Curve00342,1
Curve00343,1
Curve00344,1
Curve00345,1
Curve00346,1
Curve00347,1
Curve00348,1
Curve00349,1
Curve00350,1
Curve00351,1
Curve00352,1
Curve00353,1
Curve00354,1
Curve00355,1
Curve00356,1
Curve00357,1
Curve00358,1
Curve00359,1
Curve00360,1
Curve00361,1
Curve00362,1
Curve00363,1
Curve00364,1
Curve00365,1
Curve00366,1
Curve00367,1
Curve00368,1
Curve00369,1
Curve00370,1
Curve00371,1
Curve00372,1
Curve00373,1
Curve00374,1
Curve00375,1
Curve00376,1
Curve00377,1
Curve00378,1
Curve00379,1
Curve00380,1
Curve00381,1
Curve00382,1
Curve00383,1
Curve00384,1
Curve00385,1
Curve00386,1
Curve00387,1
Curve00388,1
Curve00389,1
Curve00390,1
Curve00391,1
Curve00392,1
Curve00393,1
Curve00394,1
Curve00395,1
Curve00396,1
Curve00397,1
Curve00398,1
Curve00399,1
Curve00400,1
Curve00401,1
Curve00402,1
Curve00403,1
Curve00404,1
Curve00405,1
Curve00406,1
Curve00407,1
Curve00408,1
Curve00409,1
Curve00410,1
Curve00411,1
Curve00412,1
Curve00413,1
Curve00414,1
Curve00415,1
Curve00416,1
Curve00417,1
Curve00418,1
Curve00419,1
Curve00420,1
Curve00421,1
Curve00422,1
Curve00423,1
Curve00424,1
Curve00425,1
Curve00426,1
Curve00427,1
Curve00428,1
Curve00429,1
Curve00430,1
Curve00431,1
Curve00432,1
Curve00433,1
Curve00434,1
Curve00435,1
Curve00436,1
Curve00437,1
Curve00438,1
Curve00439,1
Curve00440,1
Curve00441,1
Curve00442,1
Curve00443,1
Curve00444,1
Curve00445,1
Curve00446,1
Curve00447,1
Curve00448,1
Curve00449,1
Curve00450,1
Curve00451,1
Curve00452,1
Curve00453,1
Curve00454,1
Curve00455,1
Curve00456,1
Curve00457,1
Curve00458,1
Curve00459,1
Curve00460,1
Curve00461,1
Curve00462,1
Curve00463,1
Curve00464,1
Curve00465,1
Curve00466,1
Curve00467,1
Curve00468,1
Curve00469,1
Curve00470,1
Curve00471,1
Curve00472,1
Curve00473,1
Curve00474,1
Curve00475,1
Curve00476,1
Curve00477,1
Curve00478,1
Curve00479,1
Curve00480,1
Curve00481,1
Curve00482,1
Curve00483,1
Curve00484,1
Curve00485,1
Curve00486,1
Curve00487,1
Curve00488,1
Curve00489,1
Curve00490,1
Curve00491,1
Curve00492,1
Curve00493,1
Curve00494,1
Curve00495,1
Curve00496,1
Curve00497,1
Curve00498,1
Curve00499,1
Curve00500,1
Curve00501,1
Curve00502,1
Curve00503,1
Curve00504,1
Curve00505,1
Curve00506,1
Curve00507,1
Curve00508,1
Curve00509,1
Curve00510,1
Curve00511,1
Curve00512,1
Curve00513,1
Curve00514,1
Curve00515,1
Curve00516,1
Curve00517,1
Curve00518,1
Curve00519,1
Curve00520,1
Curve00521,1
Curve00522,1
Curve00523,1
Curve00524,1
Curve00525,1
Curve00526,1
Curve00527,1
Curve00528,1
Curve00529,1
Curve00530,1
Curve00531,1
Curve00532,1
Curve00533,1
Curve00534,1
Curve00535,1
Curve00536,1
Curve00537,1
Curve00538,1
Curve00539,1
Curve00540,1
Curve00541,1
Curve00542,1
Curve00543,1
Curve00544,1
Curve00545,1
Curve00546,1
Curve00547,1
Curve00548,1
Curve00549,1
Curve00550,1
Curve00551,1
Curve00552,1
Curve00553,1
Curve00554,1
Curve00555,1
Curve00556,1
Curve00557,1
Curve00558,1
Curve00559,1
Curve00560,1
Curve00561,1
Curve00562,1
Curve00563,1
Curve00564,1
Curve00565,1
Curve00566,1
Curve00567,1
Curve00568,1
Curve00569,1
Curve00570,1
Curve00571,1
Curve00572,1
Curve00573,1
Curve00574,1
Curve00575,1
Curve00576,1
Curve00577,1
Curve00578,1
Curve00579,1
Curve00580,1
Curve00581,1
Curve00582,1
Curve00583,1
Curve00584,1
Curve00585,1
Curve00586,1
Curve00587,1
Curve00588,1
Curve00589,1
Curve00590,1
Curve00591,1
Curve00592,1
Curve00593,1
Curve00594,1
Curve00595,1
Curve00596,1
Curve00597,1
Curve00598,1
Curve00599,1
Curve00600,1
Curve00601,1
Curve00602,1
Curve00603,1
Curve00604,1
Curve00605,1
Curve00606,1
Curve00607,1
Curve00608,1
Curve00609,1
Curve00610,1
Curve00611,1
Curve00612,1
Curve00613,1
Curve00614,1
Curve00615,1
Curve00616,1
Curve00617,1
Curve00618,1
Curve00619,1
Curve00620,1
Curve00621,1
Curve00622,1
Curve00623,1
Curve00624,1
Curve00625,1
Curve00626,1
Curve00627,1
Curve00628,1
Curve00629,1
Curve00630,1
Curve00631,1
Curve00632,1
Curve00633,1
Curve00634,1
Curve00635,1
Curve00636,1
Curve00637,1
Curve00638,1
Curve00639,1
Curve00640,1
Curve00641,1
Curve00642,1
Curve00643,1
Curve00644,1
Curve00645,1
Curve00646,1
Curve00647,1
Curve00648,1
Curve00649,1
Curve00650,1
Curve00651,1
Curve00652,1
Curve00653,1
Curve00654,1
Curve00655,1
Curve00656,1
Curve00657,1
Curve00658,1
Curve00659,1
Curve00660,1
Curve00661,1
Curve00662,1
Curve00663,1
Curve00664,1
Curve00665,1
Curve00666,1
Curve00667,1
Curve00668,1
Curve00669,1
Curve00670,1
Curve00671,1
Curve00672,1
Curve00673,1
Curve00674,1
Curve00675,1
Curve00676,1
Curve00677,1
Curve00678,1
Curve00679,1
Curve00680,1
Curve00681,1
Curve00682,1
Curve00683,1
Curve00684,1
Curve00685,1
Curve00686,1
Curve00687,1
Curve00688,1
Curve00689,1
Curve00690,1
Curve00691,1
Curve00692,1
Curve00693,1
Curve00694,1
Curve00695,1
Curve00696,1
Curve00697,1
Curve00698,1
Curve00699,1
Curve00700,1
Curve00701,1
Curve00702,1
Curve00703,1
Curve00704,1
Curve00705,1
Curve00706,1
Curve00707,1
Curve00708,1
Curve00709,1
Curve00710,1
Curve00711,1
Curve00712,1
Curve00713,1
Curve00714,1
Curve00715,1
Curve00716,1
Curve00717,1
Curve00718,1
Curve00719,1
Curve00720,1
Curve00721,1
Curve00722,1
Curve00723,1
Curve00724,1
Curve00725,1
Curve00726,1
Curve00727,1
Curve00728,1
Curve00729,1
Curve00730,1
Curve00731,1
Curve00732,1
Curve00733,1
Curve00734,1
Curve00735,1
Curve00736,1
Curve00737,1
Curve00738,1
Curve00739,1
Curve00740,1
Curve00741,1
Curve00742,1
Curve00743,1
Curve00744,1
Curve00745,1
Curve00746,1
Curve00747,1
Curve00748,1
Curve00749,1
Curve00750,1
Curve00751,1
Curve00752,1
Curve00753,1
Curve00754,1
Curve00755,1
Curve00756,1
Curve00757,1
Curve00758,1
Curve00759,1
Curve00760,1
Curve00761,1
Curve00762,1
Curve00763,1
Curve00764,1
Curve00765,1
Curve00766,1
Curve00767,1
Curve00768,1
Curve00769,1
Curve00770,1
Curve00771,1
Curve00772,1
Curve00773,1
Curve00774,1
Curve00775,1
Curve00776,1
Curve00777,1
Curve00778,1
Curve00779,1
Curve00780,1
Curve00781,1
Curve00782,1
Curve00783,1
Curve00784,1
Curve00785,1
Curve00786,1
Curve00787,1
Curve00788,1
Curve00789,1
Curve00790,1
Curve00791,1
Curve00792,1
Curve00793,1
Curve00794,1
Curve00795,1
Curve00796,1
Curve00797,1
Curve00798,1
Curve00799,1
Curve00800,1
Curve00801,1
Curve00802,1
Curve00803,1
Curve00804,1
Curve00805,1
Curve00806,1
Curve00807,1
Curve00808,1
Curve00809,1
Curve00810,1
Curve00811,1
Curve00812,1
Curve00813,1
Curve00814,1
Curve00815,1
Curve00816,1
Curve00817,1
Curve00818,1
Curve00819,1
Curve00820,1
Curve00821,1
Curve00822,1
Curve00823,1
Curve00824,1
Curve00825,1
Curve00826,1
Curve00827,1
Curve00828,1
Curve00829,1
Curve00830,1
Curve00831,1
Curve00832,1
Curve00833,1
Curve00834,1
Curve00835,1
Curve00836,1
Curve00837,1
Curve00838,1
Curve00839,1
Curve00840,1
Curve00841,1
Curve00842,1
Curve00843,1
Curve00844,1
Curve00845,1
Curve00846,1
Curve00847,1
Curve00848,1
Curve00849,1
Curve00850,1
Curve00851,1
Curve00852,1
Curve00853,1
Curve00854,1
Curve00855,1
Curve00856,1
Curve00857,1
Curve00858,1
Curve00859,1
Curve00860,1
Curve00861,1
Curve00862,1
Curve00863,1
Curve00864,1
Curve00865,1
Curve00866,1
Curve00867,1
Curve00868,1
Curve00869,1
Curve00870,1
Curve00871,1
Curve00872,1
Curve00873,1
Curve00874,1
Curve00875,1
Curve00876,1
Curve00877,1
Curve00878,1
Curve00879,1
Curve00880,1
Curve00881,1
Curve00882,1
Curve00883,1
Curve00884,1
Curve00885,1
Curve00886,1
Curve00887,1
Curve00888,1
Curve00889,1
Curve00890,1
Curve00891,1
Curve00892,1
Curve00893,1
Curve00894,1
Curve00895,1
Curve00896,1
Curve00897,1
Curve00898,1
Curve00899,1
Curve00900,1
Curve00901,1
Curve00902,1
Curve00903,1
Curve00904,1
Curve00905,1
Curve00906,1
Curve00907,1
Curve00908,1
Curve00909,1
Curve00910,1
Curve00911,1
Curve00912,1
Curve00913,1
Curve00914,1
Curve00915,1
Curve00916,1
Curve00917,1
Curve00918,1
Curve00919,1
Curve00920,1
Curve00921,1
Curve00922,1
Curve00923,1
Curve00924,1
Curve00925,1
Curve00926,1
Curve00927,1
Curve00928,1
Curve00929,1
Curve00930,1
Curve00931,1
Curve00932,1
Curve00933,1
Curve00934,1
Curve00935,1
Curve00936,1
Curve00937,1
Curve00938,1
Curve00939,1
Curve00940,1
Curve00941,1
Curve00942,1
Curve00943,1
Curve00944,1
Curve00945,1
Curve00946,1
Curve00947,1
Curve00948,1
Curve00949,1
Curve00950,1
Curve00951,1
Curve00952,1
Curve00953,1
Curve00954,1
Curve00955,1
Curve00956,1
Curve00957,1
Curve00958,1
Curve00959,1
Curve00960,1
Curve00961,1
Curve00962,1
Curve00963,1
Curve00964,1
Curve00965,1
Curve00966,1
Curve00967,1
Curve00968,1
Curve00969,1
Curve00970,1
Curve00971,1
Curve00972,1
Curve00973,1
Curve00974,1
Curve00975,1
Curve00976,1
Curve00977,1
Curve00978,1
Curve00979,1
Curve00980,1
Curve00981,1
Curve00982,1
Curve00983,1
Curve00984,1
Curve00985,1
Curve00986,1
Curve00987,1
Curve00988,1
Curve00989,1
Curve00990,1
Curve00991,1
Curve00992,1
Curve00993,1
Curve00994,1
Curve00995,1
Curve00996,1
Curve00997,1
Curve00998,1
Curve00999,1
Curve01000,1
Curve01001,1
Curve01002,1
Curve01003,1
Curve01004,1
Curve01005,1
Curve01006,1
Curve01007,1
Curve01008,1
Curve01009,1
Curve01010,1
Curve01011,1
Curve01012,1
Curve01013,1
Curve01014,1
Curve01015,1
Curve01016,1
Curve01017,1
Curve01018,1
Curve01019,1
Curve01020,1
Curve01021,1
Curve01022,1
Curve01023,1
Curve01024,1
Curve01025,1
Curve01026,1
Curve01027,1
Curve01028,1
Curve01029,1
Curve01030,1
Curve01031,1
Curve01032,1
Curve01033,1
Curve01034,1
Curve01035,1
Curve01036,1
Curve01037,1
Curve01038,1
Curve01039,1
Curve01040,1
Curve01041,1
Curve01042,1
Curve01043,1
Curve01044,1
Curve01045,1
Curve01046,1
Curve01047,1
Curve01048,1
Curve01049,1
Curve01050,1
Curve01051,1
Curve01052,1
Curve01053,1
Curve01054,1
Curve01055,1
Curve01056,1
Curve01057,1
Curve01058,1
Curve01059,1
Curve01060,1
Curve01061,1
Curve01062,1
Curve01063,1
Curve01064,1
Curve01065,1
Curve01066,1
Curve01067,1
Curve01068,1
Curve01069,1
Curve01070,1
Curve01071,1
Curve01072,1
Curve01073,1
Curve01074,1
Curve01075,1
Curve01076,1
Curve01077,1
Curve01078,1
Curve01079,1
Curve01080,1
Curve01081,1
Curve01082,1
Curve01083,1
Curve01084,1
Curve01085,1
Curve01086,1
Curve01087,1
Curve01088,1
Curve01089,1
Curve01090,1
Curve01091,1
Curve01092,1
Curve01093,1
Curve01094,1
Curve01095,1
Curve01096,1
Curve01097,1
Curve01098,1
Curve01099,1
Curve01100,1
Curve01101,1
Curve01102,1
Curve01103,1
Curve01104,1
Curve01105,1
Curve01106,1
Curve01107,1
Curve01108,1
Curve01109,1
Curve01110,1
Curve01111,1
Curve01112,1
Curve01113,1
Curve01114,1
Curve01115,1
Curve01116,1
Curve01117,1
Curve01118,1
Curve01119,1
Curve01120,1
Curve01121,1
Curve01122,1
Curve01123,1
Curve01124,1
Curve01125,1
Curve01126,1
Curve01127,1
Curve01128,1
Curve01129,1
Curve01130,1
Curve01131,1
Curve01132,1
Curve01133,1
Curve01134,1
Curve01135,1
Curve01136,1
Curve01137,1
Curve01138,1
Curve01139,1
Curve01140,1
Curve01141,1
Curve01142,1
Curve01143,1
Curve01144,1
Curve01145,1
Curve01146,1
Curve01147,1
Curve01148,1
Curve01149,1
Curve01150,1
Curve01151,1
Curve01152,1
Curve01153,1
Curve01154,1
Curve01155,1
Curve01156,1
Curve01157,1
Curve01158,1
Curve01159,1
Curve01160,1
Curve01161,1
Curve01162,1
Curve01163,1
Curve01164,1
Curve01165,1
Curve01166,1
Curve01167,1
Curve01168,1
Curve01169,1
Curve01170,1
Curve01171,1
Curve01172,1
Curve01173,1
Curve01174,1
Curve01175,1
Curve01176,1
Curve01177,1
Curve01178,1
Curve01179,1
Curve01180,1
Curve01181,1
Curve01182,1
Curve01183,1
Curve01184,1
Curve01185,1
Curve01186,1
Curve01187,1
Curve01188,1
Curve01189,1
Curve01190,1
Curve01191,1
Curve01192,1
Curve01193,1
Curve01194,1
Curve01195,1
Curve01196,1
Curve01197,1
Curve01198,1
Curve01199,1
Curve01200,1
Curve01201,1
Curve01202,1
Curve01203,1
Curve01204,1
Curve01205,1
Curve01206,1
Curve01207,1
Curve01208,1
Curve01209,1
Curve01210,1
Curve01211,1
Curve01212,1
Curve01213,1
Curve01214,1
Curve01215,1
Curve01216,1
Curve01217,1
Curve01218,1
Curve01219,1
Curve01220,1
Curve01221,1
Curve01222,1
Curve01223,1
Curve01224,1
Curve01225,1
Curve01226,1
Curve01227,1
Curve01228,1
Curve01229,1
Curve01230,1
Curve01231,1
Curve01232,1
Curve01233,1
Curve01234,1
Curve01235,1
Curve01236,1
Curve01237,1
Curve01238,1
Curve01239,1
Curve01240,1
Curve01241,1
Curve01242,1
Curve01243,1
Curve01244,1
Curve01245,1
Curve01246,1
Curve01247,1
Curve01248,1
Curve01249,1
Curve01250,1
Curve01251,1
Curve01252,1
Curve01253,1
Curve01254,1
Curve01255,1
Curve01256,1
Curve01257,1
Curve01258,1
Curve01259,1
Curve01260,1
Curve01261,1
Curve01262,1
Curve01263,1
Curve01264,1
Curve01265,1
Curve01266,1
Curve01267,1
Curve01268,1
Curve01269,1
Curve01270,1
Curve01271,1
Curve01272,1
Curve01273,1
Curve01274,1
Curve01275,1
Curve01276,1
Curve01277,1
Curve01278,1
Curve01279,1
Curve01280,1
Curve01281,1
Curve01282,1
Curve01283,1
Curve01284,1
Curve01285,1
Curve01286,1
Curve01287,1
Curve01288,1
Curve01289,1
Curve01290,1
Curve01291,1
Curve01292,1
Curve01293,1
Curve01294,1
Curve01295,1
Curve01296,1
Curve01297,1
Curve01298,1
Curve01299,1
Curve01300,1
Curve01301,1
Curve01302,1
Curve01303,1
Curve01304,1
Curve01305,1
Curve01306,1
Curve01307,1
Curve01308,1
Curve01309,1
Curve01310,1
Curve01311,1
Curve01312,1
Curve01313,1
Curve01314,1
Curve01315,1
Curve01316,1
Curve01317,1
Curve01318,1
Curve01319,1
Curve01320,1
Curve01321,1
Curve01322,1
Curve01323,1
Curve01324,1
Curve01325,1
Curve01326,1
Curve01327,1
Curve01328,1
Curve01329,1
Curve01330,1
Curve01331,1
Curve01332,1
Curve01333,1
Curve01334,1
Curve01335,1
Curve01336,1
Curve01337,1
Curve01338,1
Curve01339,1
Curve01340,1
Curve01341,1
Curve01342,1
Curve01343,1
Curve01344,1
Curve01345,1
Curve01346,1
Curve01347,1
Curve01348,1
Curve01349,1
Curve01350,1
Curve01351,1
Curve01352,1
Curve01353,1
Curve01354,1
Curve01355,1
Curve01356,1
Curve01357,1
Curve01358,1
Curve01359,1
Curve01360,1
Curve01361,1
Curve01362,1
Curve01363,1
Curve01364,1
Curve01365,1
Curve01366,1
Curve01367,1
Curve01368,1
Curve01369,1
Curve01370,1
Curve01371,1
Curve01372,1
Curve01373,1
Curve01374,1
Curve01375,1
Curve01376,1
Curve01377,1
Curve01378,1
Curve01379,1
Curve01380,1
Curve01381,1
Curve01382,1
Curve01383,1
Curve01384,1
Curve01385,1
Curve01386,1
Curve01387,1
Curve01388,1
Curve01389,1
Curve01390,1
Curve01391,1
Curve01392,1
Curve01393,1
Curve01394,1
Curve01395,1
Curve01396,1
Curve01397,1
Curve01398,1
Curve01399,1
Curve01400,1
Curve01401,1
Curve01402,1
Curve01403,1
Curve01404,1
Curve01405,1
Curve01406,1
Curve01407,1
Curve01408,1
Curve01409,1
Curve01410,1
Curve01411,1
Curve01412,1
Curve01413,1
Curve01414,1
Curve01415,1
Curve01416,1
Curve01417,1
Curve01418,1
Curve01419,1
Curve01420,1
Curve01421,1
Curve01422,1
Curve01423,1
Curve01424,1
Curve01425,1
Curve01426,1
Curve01427,1
Curve01428,1
Curve01429,1
Curve01430,1
Curve01431,1
Curve01432,1
Curve01433,1
Curve01434,1
Curve01435,1
Curve01436,1
Curve01437,1
Curve01438,1
Curve01439,1
Curve01440,1
Curve01441,1
Curve01442,1
Curve01443,1
Curve01444,1
Curve01445,1
Curve01446,1
Curve01447,1
Curve01448,1
Curve01449,1
Curve01450,1
Curve01451,1
Curve01452,1
Curve01453,1
Curve01454,1
Curve01455,1
Curve01456,1
Curve01457,1
Curve01458,1
Curve01459,1
Curve01460,1
Curve01461,1
Curve01462,1
Curve01463,1
Curve01464,1
Curve01465,1
Curve01466,1
Curve01467,1
Curve01468,1
Curve01469,1
Curve01470,1
Curve01471,1
Curve01472,1
Curve01473,1
Curve01474,1
Curve01475,1
Curve01476,1
Curve01477,1
Curve01478,1
Curve01479,1
Curve01480,1
Curve01481,1
Curve01482,1
Curve01483,1
Curve01484,1
Curve01485,1
Curve01486,1
Curve01487,1
Curve01488,1
Curve01489,1
Curve01490,1
Curve01491,1
Curve01492,1
Curve01493,1
Curve01494,1
Curve01495,1
Curve01496,1
Curve01497,1
Curve01498,1
Curve01499,1
Curve01500,1
Curve01501,1
Curve01502,1
Curve01503,1
Curve01504,1
Curve01505,1
Curve01506,1
Curve01507,1
Curve01508,1
Curve01509,1
Curve01510,1
Curve01511,1
Curve01512,1
Curve01513,1
Curve01514,1
Curve01515,1
Curve01516,1
Curve01517,1
Curve01518,1
Curve01519,1
Curve01520,1
Curve01521,1
Curve01522,1
Curve01523,1
Curve01524,1
Curve01525,1
Curve01526,1
Curve01527,1
Curve01528,1
Curve01529,1
Curve01530,1
Curve01531,1
Curve01532,1
Curve01533,1
Curve01534,1
Curve01535,1
Curve01536,1
Curve01537,1
Curve01538,1
Curve01539,1
Curve01540,1
Curve01541,1
Curve01542,1
Curve01543,1
Curve01544,1
Curve01545,1
Curve01546,1
Curve01547,1
Curve01548,1
Curve01549,1
Curve01550,1
Curve01551,1
Curve01552,1
Curve01553,1
Curve01554,1
Curve01555,1
Curve01556,1
Curve01557,1
Curve01558,1
Curve01559,1
Curve01560,1
Curve01561,1
Curve01562,1
Curve01563,1
Curve01564,1
Curve01565,1
Curve01566,1
Curve01567,1
Curve01568,1
Curve01569,1
Curve01570,1
Curve01571,1
Curve01572,1
Curve01573,1
Curve01574,1
Curve01575,1
Curve01576,1
Curve01577,1
Curve01578,1
Curve01579,1
Curve01580,1
Curve01581,1
Curve01582,1
Curve01583,1
Curve01584,1
Curve01585,1
Curve01586,1
Curve01587,1
Curve01588,1
Curve01589,1
Curve01590,1
Curve01591,1
Curve01592,1
Curve01593,1
Curve01594,1
Curve01595,1
Curve01596,1
Curve01597,1
Curve01598,1
Curve01599,1
Curve01600,1
Curve01601,1
Curve01602,1
Curve01603,1
Curve01604,1
Curve01605,1
Curve01606,1
Curve01607,1
Curve01608,1
Curve01609,1
Curve01610,1
Curve01611,1
Curve01612,1
Curve01613,1
Curve01614,1
Curve01615,1
Curve01616,1
Curve01617,1
Curve01618,1
Curve01619,1
Curve01620,1
Curve01621,1
Curve01622,1
Curve01623,1
Curve01624,1
Curve01625,1
Curve01626,1
Curve01627,1
Curve01628,1
Curve01629,1
Curve01630,1
Curve01631,1
Curve01632,1
Curve01633,1
Curve01634,1
Curve01635,1
Curve01636,1
Curve01637,1
Curve01638,1
Curve01639,1
Curve01640,1
Curve01641,1
Curve01642,1
Curve01643,1
Curve01644,1
Curve01645,1
Curve01646,1
Curve01647,1
Curve01648,1
Curve01649,1
Curve01650,1
Curve01651,1
Curve01652,1
Curve01653,1
Curve01654,1
Curve01655,1
Curve01656,1
Curve01657,1
Curve01658,1
Curve01659,1
Curve01660,1
Curve01661,1
Curve01662,1
Curve01663,1
Curve01664,1
Curve01665,1
Curve01666,1
Curve01667,1
Curve01668,1
Curve01669,1
Curve01670,1
Curve01671,1
Curve01672,1
Curve01673,1
Curve01674,1
Curve01675,1
Curve01676,1
Curve01677,1
Curve01678,1
Curve01679,1
Curve01680,1
Curve01681,1
Curve01682,1
Curve01683,1
Curve01684,1
Curve01685,1
Curve01686,1
Curve01687,1
Curve01688,1
Curve01689,1
Curve01690,1
Curve01691,1
Curve01692,1
Curve01693,1
Curve01694,1
Curve01695,1
Curve01696,1
Curve01697,1
Curve01698,1
Curve01699,1
Curve01700,1
Curve01701,1
Curve01702,1
Curve01703,1
Curve01704,1
Curve01705,1
Curve01706,1
Curve01707,1
Curve01708,1
Curve01709,1
Curve01710,1
Curve01711,1
Curve01712,1
Curve01713,1
Curve01714,1
Curve01715,1
Curve01716,1
Curve01717,1
Curve01718,1
Curve01719,1
Curve01720,1
Curve01721,1
Curve01722,1
Curve01723,1
Curve01724,1
Curve01725,1
Curve01726,1
Curve01727,1
Curve01728,1
Curve01729,1
Curve01730,1
Curve01731,1
Curve01732,1
Curve01733,1
Curve01734,1
Curve01735,1
Curve01736,1
Curve01737,1
Curve01738,1
Curve01739,1
Curve01740,1
Curve01741,1
Curve01742,1
Curve01743,1
Curve01744,1
Curve01745,1
Curve01746,1
Curve01747,1
Curve01748,1
Curve01749,1
Curve01750,1
Curve01751,1
Curve01752,1
Curve01753,1
Curve01754,1
Curve01755,1
Curve01756,1
Curve01757,1
Curve01758,1
Curve01759,1
Curve01760,1
Curve01761,1
Curve01762,1
Curve01763,1
Curve01764,1
Curve01765,1
Curve01766,1
Curve01767,1
Curve01768,1
Curve01769,1
Curve01770,1
Curve01771,1
Curve01772,1
Curve01773,1
Curve01774,1
Curve01775,1
Curve01776,1
Curve01777,2
Curve01778,2
Curve01779,2
Curve01780,2
Curve01781,2
Curve01782,2
Curve01783,2
Curve01784,2
Curve01785,2
Curve01786,2
Curve01787,2
Curve01788,2
Curve01789,2
Curve01790,2
Curve01791,2
Curve01792,2
Curve01793,2
Curve01794,2
Curve01795,2
Curve01796,2
Curve01797,2
Curve01798,2
Curve01799,2
Curve01800,2
Curve01801,2
Curve01802,2
Curve01803,2
Curve01804,2
Curve01805,2
Curve01806,2
Curve01807,2
Curve01808,2
Curve01809,2
Curve01810,2
Curve01811,2
Curve01812,2
Curve01813,2
Curve01814,2
Curve01815,2
Curve01816,2
Curve01817,2
Curve01818,2
Curve01819,2
Curve01820,2
Curve01821,2
Curve01822,2
Curve01823,2
Curve01824,2
Curve01825,2
Curve01826,2
Curve01827,2
Curve01828,2
Curve01829,2
Curve01830,2
Curve01831,2
Curve01832,2
Curve01833,2
Curve01834,2
Curve01835,2
Curve01836,2
Curve01837,2
Curve01838,2
Curve01839,2
Curve01840,2
Curve01841,2
Curve01842,2
Curve01843,2
Curve01844,2
Curve01845,2
Curve01846,2
Curve01847,2
Curve01848,2
Curve01849,2
Curve01850,2
Curve01851,2
Curve01852,2
Curve01853,2
Curve01854,2
Curve01855,2
Curve01856,2
Curve01857,2
Curve01858,2
Curve01859,2
Curve01860,2
Curve01861,2
Curve01862,2
Curve01863,2
Curve01864,2
Curve01865,2
Curve01866,2
Curve01867,2
Curve01868,2
Curve01869,2
Curve01870,2
Curve01871,2
Curve01872,2
Curve01873,2
Curve01874,2
Curve01875,2
Curve01876,2
Curve01877,2
Curve01878,2
Curve01879,2
Curve01880,2
Curve01881,2
Curve01882,2
Curve01883,2
Curve01884,2
Curve01885,2
Curve01886,2
Curve01887,2
Curve01888,2
Curve01889,2
Curve01890,2
Curve01891,2
Curve01892,2
Curve01893,2
Curve01894,2
Curve01895,2
Curve01896,2
Curve01897,1
Curve01898,1
Curve01899,1
Curve01900,1
Curve01901,1
Curve01902,1
Curve01903,1
Curve01904,1
Curve01905,1
Curve01906,1
Curve01907,1
Curve01908,1
Curve01909,1
Curve01910,1
Curve01911,1
Curve01912,1
Curve01913,1
Curve01914,1
Curve01915,1
Curve01916,1
Curve01917,1
Curve01918,1
Curve01919,1
Curve01920,1
Curve01921,1
Curve01922,1
Curve01923,1
Curve01924,1
Curve01925,1
Curve01926,1
Curve01927,1
Curve01928,1
Curve01929,1
Curve01930,1
Curve01931,1
Curve01932,1
Curve01933,1
Curve01934,1
Curve01935,1
Curve01936,1
Curve01937,1
Curve01938,1
Curve01939,1
Curve01940,1
Curve01941,1
Curve01942,1
Curve01943,1
Curve01944,1
Curve01945,1
Curve01946,1
Curve01947,1
Curve01948,1
Curve01949,1
Curve01950,1
Curve01951,1
Curve01952,1
Curve01953,1
Curve01954,1
Curve01955,1
Curve01956,1
Curve01957,1
Curve01958,1
Curve01959,1
Curve01960,1
Curve01961,1
Curve01962,1
Curve01963,1
Curve01964,1
Curve01965,1
Curve01966,1
Curve01967,1
Curve01968,1
Curve01969,1
Curve01970,1
Curve01971,1
Curve01972,1
Curve01973,1
Curve01974,1
Curve01975,1
Curve01976,1
Curve01977,1
Curve01978,1
Curve01979,1
Curve01980,1
Curve01981,1
Curve01982,1
Curve01983,1
Curve01984,1
Curve01985,1
Curve01986,1
Curve01987,1
Curve01988,1
Curve01989,1
Curve01990,1
Curve01991,1
Curve01992,1
Curve01993,1
Curve01994,1
Curve01995,1
Curve01996,1
Curve01997,1
Curve01998,1
Curve01999,1
Curve02000,1
Curve02001,1
Curve02002,1
Curve02003,1
Curve02004,1
Curve02005,1
Curve02006,1
Curve02007,1
Curve02008,1
Curve02009,1
Curve02010,1
Curve02011,1
Curve02012,1
Curve02013,1
Curve02014,1
Curve02015,1
Curve02016,1
Curve02017,1
Curve02018,1
Curve02019,1
Curve02020,1
Curve02021,1
Curve02022,1
Curve02023,1
Curve02024,1
Curve02025,1
Curve02026,1
Curve02027,1
Curve02028,1
Curve02029,1
Curve02030,1
Curve02031,1
Curve02032,1
Curve02033,1
Curve02034,1
Curve02035,1
Curve02036,1
Curve02037,1
Curve02038,1
Curve02039,1
Curve02040,1
Curve02041,1
Curve02042,1
Curve02043,1
Curve02044,1
Curve02045,1
Curve02046,1
Curve02047,1
Curve02048,1
Curve02049,1
Curve02050,1
Curve02051,1
Curve02052,1
Curve02053,1
Curve02054,1
Curve02055,1
Curve02056,1
Curve02057,1
Curve02058,1
Curve02059,1
Curve02060,1
Curve02061,1
Curve02062,1
Curve02063,1
Curve02064,1
Curve02065,1
Curve02066,1
Curve02067,1
Curve02068,1
Curve02069,1
Curve02070,1
Curve02071,1
Curve02072,1
Curve02073,1
Curve02074,1
Curve02075,1
Curve02076,1
Curve02077,1
Curve02078,1
Curve02079,1
Curve02080,1
Curve02081,1
Curve02082,1
Curve02083,1
Curve02084,1
Curve02085,1
Curve02086,1
Curve02087,1
Curve02088,1
Curve02089,1
Curve02090,1
Curve02091,1
Curve02092,1
Curve02093,1
Curve02094,1
Curve02095,1
Curve02096,1
Curve02097,1
Curve02098,1
Curve02099,1
Curve02100,1
Curve02101,1
Curve02102,1
Curve02103,1
Curve02104,1
Curve02105,1
Curve02106,1
Curve02107,1
Curve02108,1
Curve02109,1
Curve02110,1
Curve02111,1
Curve02112,1
Curve02113,1
Curve02114,1
Curve02115,1
Curve02116,1
Curve02117,1
Curve02118,1
Curve02119,1
Curve02120,1
Curve02121,1
Curve02122,1
Curve02123,1
Curve02124,1
Curve02125,1
Curve02126,1
Curve02127,1
Curve02128,1
Curve02129,1
Curve02130,1
Curve02131,1
Curve02132,1
Curve02133,1
Curve02134,1
Curve02135,1
Curve02136,1
Curve02137,1
Curve02138,1
Curve02139,1
Curve02140,1
Curve02141,1
Curve02142,1
Curve02143,1
Curve02144,1
Curve02145,1
Curve02146,1
Curve02147,1
Curve02148,1
Curve02149,1
Curve02150,1
Curve02151,1
Curve02152,1
Curve02153,1
Curve02154,1
Curve02155,1
Curve02156,1
Curve02157,1
Curve02158,1
Curve02159,1
Curve02160,1
Curve02161,1
Curve02162,1
Curve02163,1
Curve02164,1
Curve02165,1
Curve02166,1
Curve02167,1
Curve02168,1
Curve02169,1
Curve02170,1
Curve02171,1
Curve02172,1
Curve02173,1
Curve02174,1
Curve02175,1
Curve02176,1
Curve02177,1
Curve02178,1
Curve02179,1
Curve02180,1
Curve02181,1
Curve02182,1
Curve02183,1
Curve02184,1
Curve02185,1
Curve02186,1
Curve02187,1
Curve02188,1
Curve02189,1
Curve02190,1
Curve02191,1
Curve02192,1
Curve02193,1
Curve02194,1
Curve02195,1
Curve02196,1
Curve02197,1
Curve02198,1
Curve02199,1
Curve02200,1
Curve02201,1
Curve02202,1
Curve02203,1
Curve02204,1
Curve02205,1
Curve02206,1
Curve02207,1
Curve02208,1
Curve02209,1
Curve02210,1
Curve02211,1
Curve02212,1
Curve02213,1
Curve02214,1
Curve02215,1
Curve02216,1
Curve02217,1
Curve02218,1
Curve02219,1
Curve02220,1
Curve02221,1
Curve02222,1
Curve02223,1
Curve02224,1
Curve02225,1
Curve02226,1
Curve02227,1
Curve02228,1
Curve02229,1
Curve02230,1
Curve02231,1
Curve02232,1
Curve02233,1
Curve02234,1
Curve02235,1
Curve02236,1
Curve02237,1
Curve02238,1
Curve02239,1
Curve02240,1
Curve02241,1
Curve02242,1
Curve02243,1
Curve02244,1
Curve02245,1
Curve02246,1
Curve02247,1
Curve02248,1
Curve02249,1
Curve02250,1
Curve02251,1
Curve02252,1
Curve02253,1
Curve02254,1
Curve02255,1
Curve02256,1
Curve02257,1
Curve02258,1
Curve02259,1
Curve02260,1
Curve02261,1
Curve02262,1
Curve02263,1
Curve02264,1
Curve02265,1
Curve02266,1
Curve02267,1
Curve02268,1
Curve02269,1
Curve02270,1
Curve02271,1
Curve02272,1
Curve02273,1
Curve02274,1
Curve02275,1
Curve02276,1
Curve02277,1
Curve02278,1
Curve02279,1
Curve02280,1
Curve02281,1
Curve02282,1
Curve02283,1
Curve02284,1
Curve02285,1
Curve02286,1
Curve02287,1
Curve02288,1
Curve02289,1
Curve02290,1
Curve02291,1
Curve02292,1
Curve02293,1
Curve02294,1
Curve02295,1
Curve02296,1
Curve02297,1
Curve02298,1
Curve02299,1
Curve02300,1
Curve02301,1
Curve02302,1
Curve02303,1
Curve02304,1
Curve02305,1
Curve02306,1
Curve02307,1
Curve02308,1
Curve02309,1
Curve02310,1
Curve02311,1
Curve02312,1
Curve02313,1
Curve02314,1
Curve02315,1
Curve02316,1
Curve02317,1
Curve02318,1
Curve02319,1
Curve02320,1
Curve02321,1
Curve02322,1
Curve02323,1
Curve02324,1
Curve02325,1
Curve02326,1
Curve02327,1
Curve02328,1
Curve02329,1
Curve02330,1
Curve02331,1
Curve02332,1
Curve02333,1
Curve02334,1
Curve02335,1
Curve02336,1
Curve02337,1
Curve02338,1
Curve02339,1
Curve02340,1
Curve02341,1
Curve02342,1
Curve02343,1
Curve02344,1
Curve02345,1
Curve02346,1
Curve02347,1
Curve02348,1
Curve02349,1
Curve02350,1
Curve02351,1
Curve02352,1
Curve02353,1
Curve02354,1
Curve02355,1
Curve02356,1
Curve02357,1
Curve02358,1
Curve02359,1
Curve02360,1
Curve02361,1
Curve02362,1
Curve02363,1
Curve02364,1
Curve02365,1
Curve02366,1
Curve02367,1
Curve02368,1
Curve02369,1
Curve02370,1
Curve02371,1
Curve02372,1
Curve02373,1
Curve02374,1
Curve02375,1
Curve02376,1
Curve02377,1
Curve02378,1
Curve02379,1
Curve02380,1
Curve02381,1
Curve02382,1
Curve02383,1
Curve02384,1
Curve02385,1
Curve02386,1
Curve02387,1
Curve02388,1
Curve02389,1
Curve02390,1
Curve02391,1
Curve02392,1
Curve02393,1
Curve02394,1
Curve02395,1
Curve02396,1
Curve02397,1
Curve02398,1
Curve02399,1
Curve02400,1
Curve02401,1
Curve02402,1
Curve02403,1
Curve02404,1
Curve02405,1
Curve02406,1
Curve02407,1
Curve02408,1
Curve02409,1
Curve02410,1
Curve02411,1
Curve02412,1
Curve02413,1
Curve02414,1
Curve02415,1
Curve02416,1
Curve02417,1
Curve02418,1
Curve02419,1
Curve02420,1
Curve02421,1
Curve02422,1
Curve02423,1
Curve02424,1
Curve02425,1
Curve02426,1
Curve02427,1
Curve02428,1
Curve02429,1
Curve02430,1
Curve02431,1
Curve02432,1
Curve02433,1
Curve02434,1
Curve02435,1
Curve02436,1
Curve02437,1
Curve02438,1
Curve02439,1
Curve02440,1
Curve02441,1
Curve02442,1
Curve02443,1
Curve02444,1
Curve02445,1
Curve02446,1
Curve02447,1
Curve02448,1
Curve02449,1
Curve02450,1
Curve02451,1
Curve02452,1
Curve02453,1
Curve02454,1
Curve02455,1
Curve02456,1
Curve02457,1
Curve02458,1
Curve02459,1
Curve02460,1
Curve02461,1
Curve02462,1
Curve02463,1
Curve02464,1
Curve02465,1
Curve02466,1
Curve02467,1
Curve02468,1
Curve02469,1
Curve02470,1
Curve02471,1
Curve02472,1
Curve02473,1
Curve02474,1
Curve02475,1
Curve02476,1
Curve02477,1
Curve02478,1
Curve02479,1
Curve02480,1
Curve02481,1
Curve02482,1
Curve02483,1
Curve02484,1
Curve02485,1
Curve02486,1
Curve02487,1
Curve02488,1
Curve02489,1
Curve02490,1
Curve02491,1
Curve02492,1
Curve02493,1
Curve02494,1
Curve02495,1
Curve02496,1
Curve02497,1
Curve02498,1
Curve02499,1
Curve02500,1
Curve02501,1
Curve02502,1
Curve02503,1
Curve02504,1
Curve02505,1
Curve02506,1
Curve02507,1
Curve02508,1
Curve02509,1
Curve02510,1
Curve02511,1
Curve02512,1
Curve02513,1
Curve02514,1
Curve02515,1
Curve02516,1
Curve02517,1
Curve02518,1
Curve02519,1
Curve02520,1
Curve02521,1
Curve02522,1
Curve02523,1
Curve02524,1
Curve02525,1
Curve02526,1
Curve02527,1
Curve02528,1
Curve02529,1
Curve02530,1
Curve02531,1
Curve02532,1
Curve02533,1
Curve02534,1
Curve02535,1
Curve02536,1
Curve02537,1
Curve02538,1
Curve02539,1
Curve02540,1
Curve02541,1
Curve02542,1
Curve02543,1
Curve02544,1
Curve02545,1
Curve02546,1
Curve02547,1
Curve02548,1
Curve02549,1
Curve02550,1
Curve02551,1
Curve02552,1
Curve02553,1
Curve02554,1
Curve02555,1
Curve02556,1
Curve02557,1
Curve02558,1
Curve02559,1
Curve02560,1
Curve02561,1
Curve02562,1
Curve02563,1
Curve02564,1
Curve02565,1
Curve02566,1
Curve02567,1
Curve02568,1
Curve02569,1
Curve02570,1
Curve02571,1
Curve02572,1
Curve02573,1
Curve02574,1
Curve02575,1
Curve02576,1
Curve02577,1
Curve02578,1
Curve02579,1
Curve02580,1
Curve02581,1
Curve02582,1
Curve02583,1
Curve02584,1
Curve02585,1
Curve02586,1
Curve02587,1
Curve02588,1
Curve02589,1
Curve02590,1
Curve02591,1
Curve02592,1
Curve02593,1
Curve02594,1
Curve02595,1
Curve02596,1
Curve02597,1
Curve02598,1
Curve02599,1
Curve02600,1
Curve02601,1
Curve02602,1
Curve02603,1
Curve02604,1
Curve02605,1
Curve02606,1
Curve02607,1
Curve02608,1
Curve02609,1
Curve02610,1
Curve02611,1
Curve02612,1
Curve02613,1
Curve02614,1
Curve02615,1
Curve02616,1
Curve02617,1
Curve02618,1
Curve02619,1
Curve02620,1
Curve02621,1
Curve02622,1
Curve02623,1
Curve02624,1
Curve02625,1
Curve02626,1
Curve02627,1
Curve02628,1
Curve02629,1
Curve02630,1
Curve02631,1
Curve02632,1
Curve02633,1
Curve02634,1
Curve02635,1
Curve02636,1
Curve02637,1
Curve02638,1
Curve02639,1
Curve02640,1
Curve02641,1
Curve02642,1
Curve02643,1
Curve02644,1
Curve02645,1
Curve02646,1
Curve02647,1
Curve02648,1
Curve02649,1
Curve02650,1
Curve02651,1
Curve02652,1
Curve02653,1
Curve02654,1
Curve02655,1
Curve02656,1
Curve02657,1
Curve02658,1
Curve02659,1
Curve02660,1
Curve02661,1
Curve02662,1
Curve02663,1
Curve02664,1
Curve02665,1
Curve02666,1
Curve02667,1
Curve02668,1
Curve02669,1
Curve02670,1
Curve02671,1
Curve02672,1
Curve02673,1
Curve02674,1
Curve02675,1
Curve02676,1
Curve02677,1
Curve02678,1
Curve02679,1
Curve02680,1
Curve02681,1
Curve02682,1
Curve02683,1
Curve02684,1
Curve02685,1
Curve02686,1
Curve02687,1
Curve02688,1
Curve02689,1
Curve02690,1
Curve02691,1
Curve02692,1
Curve02693,1
Curve02694,1
Curve02695,1
Curve02696,1
Curve02697,1
Curve02698,1
Curve02699,1
Curve02700,1
Curve02701,1
Curve02702,1
Curve02703,1
Curve02704,1
Curve02705,1
Curve02706,1
Curve02707,1
Curve02708,1
Curve02709,1
Curve02710,1
Curve02711,1
Curve02712,1
Curve02713,1
Curve02714,1
Curve02715,1
Curve02716,1
Curve02717,1
Curve02718,1
Curve02719,1
Curve02720,1
Curve02721,1
Curve02722,1
Curve02723,1
Curve02724,1
Curve02725,1
Curve02726,1
Curve02727,1
Curve02728,1
Curve02729,1
Curve02730,1
Curve02731,1
Curve02732,1
Curve02733,1
Curve02734,1
Curve02735,1
Curve02736,1
Curve02737,1
Curve02738,1
Curve02739,1
Curve02740,1
Curve02741,1
Curve02742,1
Curve02743,1
Curve02744,1
Curve02745,1
Curve02746,1
Curve02747,1
Curve02748,1
Curve02749,2
Curve02750,2
Curve02751,2
Curve02752,2
Curve02753,2
Curve02754,2
Curve02755,2
Curve02756,2
Curve02757,2
Curve02758,2
Curve02759,2
Curve02760,2
Curve02761,2
Curve02762,2
Curve02763,2
Curve02764,2
Curve02765,2
Curve02766,2
Curve02767,2
Curve02768,2
Curve02769,2
Curve02770,2
Curve02771,2
Curve02772,2
Curve02773,2
Curve02774,2
Curve02775,2
Curve02776,2
Curve02777,2
Curve02778,2
Curve02779,2
Curve02780,2
Curve02781,2
Curve02782,2
Curve02783,2
Curve02784,2
Curve02785,2
Curve02786,2
Curve02787,2
Curve02788,2
Curve02789,2
Curve02790,2
Curve02791,2
Curve02792,2
Curve02793,2
Curve02794,2
Curve02795,2
Curve02796,2
Curve02797,2
Curve02798,2
Curve02799,2
Curve02800,2
Curve02801,2
Curve02802,2
Curve02803,2
Curve02804,2
Curve02805,2
Curve02806,2
Curve02807,2
Curve02808,2
Curve02809,2
Curve02810,2
Curve02811,2
Curve02812,2
Curve02813,2
Curve02814,2
Curve02815,2
Curve02816,2
Curve02817,2
Curve02818,2
Curve02819,2
Curve02820,2
Curve02821,2
Curve02822,2
Curve02823,2
Curve02824,2
Curve02825,2
Curve02826,2
Curve02827,2
Curve02828,2
Curve02829,2
Curve02830,2
Curve02831,2
Curve02832,2
Curve02833,2
Curve02834,2
Curve02835,2
Curve02836,2
Curve02837,2
Curve02838,2
Curve02839,2
Curve02840,2
Curve02841,2
Curve02842,2
Curve02843,2
Curve02844,2
Curve02845,2
Curve02846,2
Curve02847,2
Curve02848,2
Curve02849,2
Curve02850,2
Curve02851,2
Curve02852,2
Curve02853,2
Curve02854,2
Curve02855,2
Curve02856,2
Curve02857,2
Curve02858,2
Curve02859,2
Curve02860,2
Curve02861,2
Curve02862,2
Curve02863,2
Curve02864,2
Curve02865,2
Curve02866,2
Curve02867,2
Curve02868,2
Curve02869,1
Curve02870,1
Curve02871,1
Curve02872,1
Curve02873,1
Curve02874,1
Curve02875,1
Curve02876,1
Curve02877,1
Curve02878,1
Curve02879,1
Curve02880,1
Curve02881,1
Curve02882,1
Curve02883,1
Curve02884,1
Curve02885,1
Curve02886,1
Curve02887,1
Curve02888,1
Curve02889,1
Curve02890,1
Curve02891,1
Curve02892,1
Curve02893,1
Curve02894,1
Curve02895,1
Curve02896,1
Curve02897,1
Curve02898,1
Curve02899,1
Curve02900,1
Curve02901,1
Curve02902,1
Curve02903,1
Curve02904,1
Curve02905,1
Curve02906,1
Curve02907,1
Curve02908,1
Curve02909,1
Curve02910,1
Curve02911,1
Curve02912,1
Curve02913,1
Curve02914,1
Curve02915,1
Curve02916,1
Curve02917,1
Curve02918,1
Curve02919,1
Curve02920,1
Curve02921,1
Curve02922,1
Curve02923,1
Curve02924,1
Curve02925,1
Curve02926,1
Curve02927,1
Curve02928,1
Curve02929,1
Curve02930,1
Curve02931,1
Curve02932,1
Curve02933,1
Curve02934,1
Curve02935,1
Curve02936,1
Curve02937,1
Curve02938,1
Curve02939,1
Curve02940,1
Curve02941,1
Curve02942,1
Curve02943,1
Curve02944,1
Curve02945,1
Curve02946,1
Curve02947,1
Curve02948,1
Curve02949,1
Curve02950,1
Curve02951,1
Curve02952,1
Curve02953,1
Curve02954,1
Curve02955,1
Curve02956,1
Curve02957,1
Curve02958,1
Curve02959,1
Curve02960,1
Curve02961,1
Curve02962,1
Curve02963,1
Curve02964,1
Curve02965,1
Curve02966,1
Curve02967,1
Curve02968,1
Curve02969,1
Curve02970,1
Curve02971,1
Curve02972,1
Curve02973,1
Curve02974,1
Curve02975,1
Curve02976,1
Curve02977,1
Curve02978,1
Curve02979,1
Curve02980,1
Curve02981,1
Curve02982,1
Curve02983,1
Curve02984,1
Curve02985,1
Curve02986,1
Curve02987,1
Curve02988,1
Curve02989,2
Curve02990,2
Curve02991,2
Curve02992,2
Curve02993,2
Curve02994,2
Curve02995,2
Curve02996,2
Curve02997,2
Curve02998,2
Curve02999,2
Curve03000,2
Curve03001,2
Curve03002,2
Curve03003,2
Curve03004,2
Curve03005,2
Curve03006,2
Curve03007,2
Curve03008,2
Curve03009,2
Curve03010,2
Curve03011,2
Curve03012,2
Curve03013,2
Curve03014,2
Curve03015,2
Curve03016,2
Curve03017,2
Curve03018,2
Curve03019,2
Curve03020,2
Curve03021,2
Curve03022,2
Curve03023,2
Curve03024,2
Curve03025,2
Curve03026,2
Curve03027,2
Curve03028,2
Curve03029,2
Curve03030,2
Curve03031,2
Curve03032,2
Curve03033,2
Curve03034,2
Curve03035,2
Curve03036,2
Curve03037,2
Curve03038,2
Curve03039,2
Curve03040,2
Curve03041,2
Curve03042,2
Curve03043,2
Curve03044,2
Curve03045,2
Curve03046,2
Curve03047,2
Curve03048,2
Curve03049,2
Curve03050,2
Curve03051,2
Curve03052,2
Curve03053,2
Curve03054,2
Curve03055,2
Curve03056,2
Curve03057,2
Curve03058,2
Curve03059,2
Curve03060,2
Curve03061,2
Curve03062,2
Curve03063,2
Curve03064,2
Curve03065,2
Curve03066,2
Curve03067,2
Curve03068,2
Curve03069,2
Curve03070,2
Curve03071,2
Curve03072,2
Curve03073,2
Curve03074,2
Curve03075,2
Curve03076,2
Curve03077,2
Curve03078,2
Curve03079,2
Curve03080,2
Curve03081,2
Curve03082,2
Curve03083,2
Curve03084,2
Curve03085,2
Curve03086,2
Curve03087,2
Curve03088,2
Curve03089,2
Curve03090,2
Curve03091,2
Curve03092,2
Curve03093,2
Curve03094,2
Curve03095,2
Curve03096,2
Curve03097,2
Curve03098,2
Curve03099,2
Curve03100,2
Curve03101,2
Curve03102,2
Curve03103,2
Curve03104,2
Curve03105,2
Curve03106,2
Curve03107,2
Curve03108,2
Curve03109,1
Curve03110,1
Curve03111,1
Curve03112,1
Curve03113,1
Curve03114,1
Curve03115,1
Curve03116,1
Curve03117,1
Curve03118,1
Curve03119,1
Curve03120,1
Curve03121,1
Curve03122,1
Curve03123,1
Curve03124,1
Curve03125,1
Curve03126,1
Curve03127,1
Curve03128,1
Curve03129,1
Curve03130,1
Curve03131,1
Curve03132,1
Curve03133,1
Curve03134,1
Curve03135,1
Curve03136,1
Curve03137,1
Curve03138,1
Curve03139,1
Curve03140,1
Curve03141,1
Curve03142,1
Curve03143,1
Curve03144,1
Curve03145,1
Curve03146,1
Curve03147,1
Curve03148,1
Curve03149,1
Curve03150,1
Curve03151,1
Curve03152,1
Curve03153,1
Curve03154,1
Curve03155,1
Curve03156,1
Curve03157,1
Curve03158,1
Curve03159,1
Curve03160,1
Curve03161,1
Curve03162,1
Curve03163,1
Curve03164,1
Curve03165,1
Curve03166,1
Curve03167,1
Curve03168,1
Curve03169,1
Curve03170,1
Curve03171,1
Curve03172,1
Curve03173,1
Curve03174,1
Curve03175,1
Curve03176,1
Curve03177,1
Curve03178,1
Curve03179,1
Curve03180,1
Curve03181,1
Curve03182,1
Curve03183,1
Curve03184,1
Curve03185,1
Curve03186,1
Curve03187,1
Curve03188,1
Curve03189,1
Curve03190,1
Curve03191,1
Curve03192,1
Curve03193,1
Curve03194,1
Curve03195,1
Curve03196,1
Curve03197,1
Curve03198,1
Curve03199,1
Curve03200,1
Curve03201,1
Curve03202,1
Curve03203,1
Curve03204,1
Curve03205,1
Curve03206,1
Curve03207,1
Curve03208,1
Curve03209,1
Curve03210,1
Curve03211,1
Curve03212,1
Curve03213,1
Curve03214,1
Curve03215,1
Curve03216,1
Curve03217,1
Curve03218,1
Curve03219,1
Curve03220,1
Curve03221,1
Curve03222,1
Curve03223,1
Curve03224,1
Curve03225,1
Curve03226,1
Curve03227,1
Curve03228,1
Curve03229,3
Curve03230,3
Curve03231,3
Curve03232,3
Curve03233,3
Curve03234,3
Curve03235,3
Curve03236,3
Curve03237,3
Curve03238,3
Curve03239,3
Curve03240,3
Curve03241,3
Curve03242,3
Curve03243,3
Curve03244,3
Curve03245,3
Curve03246,3
Curve03247,3
Curve03248,3
Curve03249,3
Curve03250,3
Curve03251,3
Curve03252,3
Curve03253,3
Curve03254,3
Curve03255,3
Curve03256,3
Curve03257,3
Curve03258,3
Curve03259,3
Curve03260,3
Curve03261,3
Curve03262,3
Curve03263,3
Curve03264,3
Curve03265,3
Curve03266,3
Curve03267,3
Curve03268,3
Curve03269,3
Curve03270,3
Curve03271,3
Curve03272,3
Curve03273,3
Curve03274,3
Curve03275,3
Curve03276,3
Curve03277,3
Curve03278,1
Curve03279,3
Curve03280,1
Curve03281,3
Curve03282,1
Curve03283,3
Curve03284,1
Curve03285,3
Curve03286,1
Curve03287,3
Curve03288,1
Curve03289,3
Curve03290,3
Curve03291,3
Curve03292,3
Curve03293,3
Curve03294,3
Curve03295,3
Curve03296,3
Curve03297,3
Curve03298,3
Curve03299,3
Curve03300,3
Curve03301,3
Curve03302,3
Curve03303,3
Curve03304,3
Curve03305,3
Curve03306,3
Curve03307,3
Curve03308,3
Curve03309,3
Curve03310,3
Curve03311,3
Curve03312,3
Curve03313,3
Curve03314,3
Curve03315,3
Curve03316,3
Curve03317,3
Curve03318,3
Curve03319,3
Curve03320,3
Curve03321,3
Curve03322,3
Curve03323,3
Curve03324,3
Curve03325,3
Curve03326,3
Curve03327,3
Curve03328,3
Curve03329,3
Curve03330,3
Curve03331,3
Curve03332,3
Curve03333,3
Curve03334,3
Curve03335,3
Curve03336,3
Curve03337,3
Curve03338,3
Curve03339,3
Curve03340,3
Curve03341,3
Curve03342,3
Curve03343,3
Curve03344,3
Curve03345,3
Curve03346,3
Curve03347,3
Curve03348,3
Curve03349,1
Curve03350,1
Curve03351,1
Curve03352,1
Curve03353,1
Curve03354,1
Curve03355,1
Curve03356,1
Curve03357,1
Curve03358,1
Curve03359,1
Curve03360,1
Curve03361,1
Curve03362,1
Curve03363,1
Curve03364,1
Curve03365,1
Curve03366,1
Curve03367,1
Curve03368,1
Curve03369,1
Curve03370,1
Curve03371,1
Curve03372,1
Curve03373,1
Curve03374,1
Curve03375,1
Curve03376,1
Curve03377,1
Curve03378,1
Curve03379,1
Curve03380,1
Curve03381,1
Curve03382,1
Curve03383,1
Curve03384,1
Curve03385,1
Curve03386,1
Curve03387,1
Curve03388,1
Curve03389,1
Curve03390,1
Curve03391,1
Curve03392,1
Curve03393,1
Curve03394,1
Curve03395,1
Curve03396,1
Curve03397,1
Curve03398,1
Curve03399,1
Curve03400,1
Curve03401,1
Curve03402,1
Curve03403,1
Curve03404,1
Curve03405,1
Curve03406,1
Curve03407,1
Curve03408,1
Curve03409,1
Curve03410,1
Curve03411,1
Curve03412,1
Curve03413,1
Curve03414,1
Curve03415,1
Curve03416,1
Curve03417,1
Curve03418,1
Curve03419,1
Curve03420,1
Curve03421,1
Curve03422,1
Curve03423,1
Curve03424,1
Curve03425,1
Curve03426,1
Curve03427,1
Curve03428,1
Curve03429,1
Curve03430,1
Curve03431,1
Curve03432,1
Curve03433,1
Curve03434,1
Curve03435,1
Curve03436,1
Curve03437,1
Curve03438,1
Curve03439,1
Curve03440,1
Curve03441,1
Curve03442,1
Curve03443,1
Curve03444,1
Curve03445,1
Curve03446,1
Curve03447,1
Curve03448,1
Curve03449,1
Curve03450,1
Curve03451,1
Curve03452,1
Curve03453,1
Curve03454,1
Curve03455,1
Curve03456,1
Curve03457,1
Curve03458,1
Curve03459,1
Curve03460,1
Curve03461,1
Curve03462,1
Curve03463,1
Curve03464,1
Curve03465,1
Curve03466,1
Curve03467,1
Curve03468,1
Curve03469,1
Curve03470,1
Curve03471,1
Curve03472,1
Curve03473,1
Curve03474,1
Curve03475,1
Curve03476,1
Curve03477,1
Curve03478,1
Curve03479,1
Curve03480,1
Curve03481,1
Curve03482,1
Curve03483,1
Curve03484,1
Curve03485,1
Curve03486,1
Curve03487,1
Curve03488,1
Curve03489,1
Curve03490,1
Curve03491,1
Curve03492,1
Curve03493,1
Curve03494,1
Curve03495,1
Curve03496,1
Curve03497,1
Curve03498,1
Curve03499,1
Curve03500,1
Curve03501,1
Curve03502,1
Curve03503,1
Curve03504,1
Curve03505,1
Curve03506,1
Curve03507,1
Curve03508,1
Curve03509,1
Curve03510,1
Curve03511,1
Curve03512,1
Curve03513,1
Curve03514,1
Curve03515,1
Curve03516,1
Curve03517,1
Curve03518,1
Curve03519,1
Curve03520,1
Curve03521,1
Curve03522,1
Curve03523,1
Curve03524,1
Curve03525,1
Curve03526,1
Curve03527,1
Curve03528,1
Curve03529,1
Curve03530,1
Curve03531,1
Curve03532,1
Curve03533,1
Curve03534,1
Curve03535,1
Curve03536,1
Curve03537,1
Curve03538,1
Curve03539,1
Curve03540,1
Curve03541,1
Curve03542,1
Curve03543,1
Curve03544,1
Curve03545,1
Curve03546,1
Curve03547,1
Curve03548,1
Curve03549,1
Curve03550,1
Curve03551,1
Curve03552,1
Curve03553,1
Curve03554,1
Curve03555,1
Curve03556,1
Curve03557,1
Curve03558,1
Curve03559,1
Curve03560,1
Curve03561,1
Curve03562,1
Curve03563,1
Curve03564,1
Curve03565,1
Curve03566,1
Curve03567,1
Curve03568,1
Curve03569,1
Curve03570,1
Curve03571,1
Curve03572,1
Curve03573,1
Curve03574,1
Curve03575,1
Curve03576,1
Curve03577,1
Curve03578,1
Curve03579,1
Curve03580,1
Curve03581,1
Curve03582,1
Curve03583,1
Curve03584,1
Curve03585,1
Curve03586,1
Curve03587,1
Curve03588,1
Curve03589,2
Curve03590,2
Curve03591,2
Curve03592,2
Curve03593,2
Curve03594,2
Curve03595,2
Curve03596,2
Curve03597,2
Curve03598,2
Curve03599,2
Curve03600,2
Curve03601,2
Curve03602,2
Curve03603,2
Curve03604,2
Curve03605,2
Curve03606,2
Curve03607,2
Curve03608,2
Curve03609,2
Curve03610,2
Curve03611,2
Curve03612,2
Curve03613,2
Curve03614,2
Curve03615,2
Curve03616,2
Curve03617,2
Curve03618,2
Curve03619,2
Curve03620,2
Curve03621,2
Curve03622,2
Curve03623,2
Curve03624,2
Curve03625,2
Curve03626,2
Curve03627,2
Curve03628,2
Curve03629,2
Curve03630,2
Curve03631,2
Curve03632,2
Curve03633,2
Curve03634,2
Curve03635,2
Curve03636,2
Curve03637,2
Curve03638,2
Curve03639,2
Curve03640,2
Curve03641,2
Curve03642,2
Curve03643,2
Curve03644,2
Curve03645,2
Curve03646,2
Curve03647,2
Curve03648,2
Curve03649,2
Curve03650,2
Curve03651,2
Curve03652,2
Curve03653,2
Curve03654,2
Curve03655,2
Curve03656,2
Curve03657,2
Curve03658,2
Curve03659,2
Curve03660,2
Curve03661,2
Curve03662,2
Curve03663,2
Curve03664,2
Curve03665,2
Curve03666,2
Curve03667,2
Curve03668,2
Curve03669,2
Curve03670,2
Curve03671,2
Curve03672,2
Curve03673,2
Curve03674,2
Curve03675,2
Curve03676,2
Curve03677,2
Curve03678,2
Curve03679,2
Curve03680,2
Curve03681,2
Curve03682,2
Curve03683,2
Curve03684,2
Curve03685,2
Curve03686,2
Curve03687,2
Curve03688,2
Curve03689,2
Curve03690,2
Curve03691,2
Curve03692,2
Curve03693,2
Curve03694,2
Curve03695,2
Curve03696,2
Curve03697,2
Curve03698,2
Curve03699,2
Curve03700,2
Curve03701,2
Curve03702,2
Curve03703,2
Curve03704,2
Curve03705,2
Curve03706,2
Curve03707,2
Curve03708,2
Curve03709,1
Curve03710,1
Curve03711,1
Curve03712,1
Curve03713,1
Curve03714,1
Curve03715,1
Curve03716,1
Curve03717,1
Curve03718,1
Curve03719,1
Curve03720,1
Curve03721,1
Curve03722,1
Curve03723,1
Curve03724,1
Curve03725,1
Curve03726,1
Curve03727,1
Curve03728,1
Curve03729,1
Curve03730,1
Curve03731,1
Curve03732,1
Curve03733,1
Curve03734,1
Curve03735,1
Curve03736,1
Curve03737,1
Curve03738,1
Curve03739,1
Curve03740,1
Curve03741,1
Curve03742,1
Curve03743,1
Curve03744,1
Curve03745,1
Curve03746,1
Curve03747,1
Curve03748,1
Curve03749,1
Curve03750,1
Curve03751,1
Curve03752,1
Curve03753,1
Curve03754,1
Curve03755,1
Curve03756,1
Curve03757,1
Curve03758,1
Curve03759,1
Curve03760,1
Curve03761,1
Curve03762,1
Curve03763,1
Curve03764,1
Curve03765,1
Curve03766,1
Curve03767,1
Curve03768,1
Curve03769,1
Curve03770,1
Curve03771,1
Curve03772,1
Curve03773,1
Curve03774,1
Curve03775,1
Curve03776,1
Curve03777,1
Curve03778,1
Curve03779,1
Curve03780,1
Curve03781,1
Curve03782,1
Curve03783,1
Curve03784,1
Curve03785,1
Curve03786,1
Curve03787,1
Curve03788,1
Curve03789,1
Curve03790,1
Curve03791,1
Curve03792,1
Curve03793,1
Curve03794,1
Curve03795,1
Curve03796,1
Curve03797,1
Curve03798,1
Curve03799,1
Curve03800,1
Curve03801,1
Curve03802,1
Curve03803,1
Curve03804,1
Curve03805,1
Curve03806,1
Curve03807,1
Curve03808,1
Curve03809,1
Curve03810,1
Curve03811,1
Curve03812,1
Curve03813,1
Curve03814,1
Curve03815,1
Curve03816,1
Curve03817,1
Curve03818,1
Curve03819,1
Curve03820,1
Curve03821,1
Curve03822,1
Curve03823,1
Curve03824,1
Curve03825,1
Curve03826,1
Curve03827,1
Curve03828,1
Curve03829,1
Curve03830,1
Curve03831,1
Curve03832,1
Curve03833,1
Curve03834,1
Curve03835,1
Curve03836,1
Curve03837,1
Curve03838,1
Curve03839,1
Curve03840,1
Curve03841,1
Curve03842,1
Curve03843,1
Curve03844,1
Curve03845,1
Curve03846,1
Curve03847,1
Curve03848,1
Curve03849,1
Curve03850,1
Curve03851,1
Curve03852,1
Curve03853,1
Curve03854,1
Curve03855,1
Curve03856,1
Curve03857,1
Curve03858,1
Curve03859,1
Curve03860,1
Curve03861,1
Curve03862,1
Curve03863,1
Curve03864,1
Curve03865,1
Curve03866,1
Curve03867,1
Curve03868,1
Curve03869,1
Curve03870,1
Curve03871,1
Curve03872,1
Curve03873,1
Curve03874,1
Curve03875,1
Curve03876,1
Curve03877,1
Curve03878,1
Curve03879,1
Curve03880,1
Curve03881,1
Curve03882,1
Curve03883,1
Curve03884,1
Curve03885,1
Curve03886,1
Curve03887,1
Curve03888,1
Curve03889,1
Curve03890,1
Curve03891,1
Curve03892,1
Curve03893,1
Curve03894,1
Curve03895,1
Curve03896,1
Curve03897,1
Curve03898,1
Curve03899,1
Curve03900,1
Curve03901,1
Curve03902,1
Curve03903,1
Curve03904,1
Curve03905,1
Curve03906,1
Curve03907,1
Curve03908,1
Curve03909,1
Curve03910,1
Curve03911,1
Curve03912,1
Curve03913,1
Curve03914,1
Curve03915,1
Curve03916,1
Curve03917,1
Curve03918,1
Curve03919,1
Curve03920,1
Curve03921,1
Curve03922,1
Curve03923,1
Curve03924,1
Curve03925,1
Curve03926,1
Curve03927,1
Curve03928,1
Curve03929,1
Curve03930,1
Curve03931,1
Curve03932,1
Curve03933,1
Curve03934,1
Curve03935,1
Curve03936,1
Curve03937,1
Curve03938,1
Curve03939,1
Curve03940,1
Curve03941,1
Curve03942,1
Curve03943,1
Curve03944,1
Curve03945,1
Curve03946,1
Curve03947,1
Curve03948,1
Curve03949,1
Curve03950,1
Curve03951,1
Curve03952,1
Curve03953,1
Curve03954,1
Curve03955,1
Curve03956,1
Curve03957,1
Curve03958,1
Curve03959,1
Curve03960,1
Curve03961,1
Curve03962,1
Curve03963,1
Curve03964,1
Curve03965,1
Curve03966,1
Curve03967,1
Curve03968,1
Curve03969,1
Curve03970,1
Curve03971,1
Curve03972,1
Curve03973,1
Curve03974,1
Curve03975,1
Curve03976,1
Curve03977,1
Curve03978,1
Curve03979,1
Curve03980,1
Curve03981,1
Curve03982,1
Curve03983,1
Curve03984,1
Curve03985,1
Curve03986,1
Curve03987,1
Curve03988,1
Curve03989,1
Curve03990,1
Curve03991,1
Curve03992,1
Curve03993,1
Curve03994,1
Curve03995,1
Curve03996,1
Curve03997,1
Curve03998,1
Curve03999,1
Curve04000,1
Curve04001,1
Curve04002,1
Curve04003,1
Curve04004,1
Curve04005,1
Curve04006,1
Curve04007,1
Curve04008,1
Curve04009,1
Curve04010,1
Curve04011,1
Curve04012,1
Curve04013,1
Curve04014,1
Curve04015,1
Curve04016,1
Curve04017,1
Curve04018,1
Curve04019,1
Curve04020,1
Curve04021,1
Curve04022,1
Curve04023,1
Curve04024,1
Curve04025,1
Curve04026,1
Curve04027,1
Curve04028,1
Curve04029,1
Curve04030,1
Curve04031,1
Curve04032,1
Curve04033,1
Curve04034,1
Curve04035,1
Curve04036,1
Curve04037,1
Curve04038,1
Curve04039,1
Curve04040,1
Curve04041,1
Curve04042,1
Curve04043,1
Curve04044,1
Curve04045,1
Curve04046,1
Curve04047,1
Curve04048,1
Curve04049,1
Curve04050,1
Curve04051,1
Curve04052,1
Curve04053,1
Curve04054,1
Curve04055,1
Curve04056,1
Curve04057,1
Curve04058,1
Curve04059,1
Curve04060,1
Curve04061,1
Curve04062,1
Curve04063,1
Curve04064,1
Curve04065,1
Curve04066,1
Curve04067,1
Curve04068,1
Curve04069,1
Curve04070,1
Curve04071,1
Curve04072,1
Curve04073,1
Curve04074,1
Curve04075,1
Curve04076,1
Curve04077,1
Curve04078,1
Curve04079,1
Curve04080,1
Curve04081,1
Curve04082,1
Curve04083,1
Curve04084,1
Curve04085,1
Curve04086,1
Curve04087,1
Curve04088,1
Curve04089,1
Curve04090,1
Curve04091,1
Curve04092,1
Curve04093,1
Curve04094,1
Curve04095,1
Curve04096,1
Curve04097,1
Curve04098,1
Curve04099,1
Curve04100,1
Curve04101,1
Curve04102,1
Curve04103,1
Curve04104,1
Curve04105,1
Curve04106,1
Curve04107,1
Curve04108,1
Curve04109,1
Curve04110,1
Curve04111,1
Curve04112,1
Curve04113,1
Curve04114,1
Curve04115,1
Curve04116,1
Curve04117,1
Curve04118,1
Curve04119,1
Curve04120,1
Curve04121,1
Curve04122,1
Curve04123,1
Curve04124,1
Curve04125,1
Curve04126,1
Curve04127,1
Curve04128,1
Curve04129,1
Curve04130,1
Curve04131,1
Curve04132,1
Curve04133,1
Curve04134,1
Curve04135,1
Curve04136,1
Curve04137,1
Curve04138,1
Curve04139,1
Curve04140,1
Curve04141,1
Curve04142,1
Curve04143,1
Curve04144,1
Curve04145,1
Curve04146,1
Curve04147,1
Curve04148,1
Curve04149,1
Curve04150,1
Curve04151,1
Curve04152,1
Curve04153,1
Curve04154,1
Curve04155,1
Curve04156,1
Curve04157,1
Curve04158,1
Curve04159,1
Curve04160,1
Curve04161,1
Curve04162,1
Curve04163,1
Curve04164,1
Curve04165,1
Curve04166,1
Curve04167,1
Curve04168,1
Curve04169,1
Curve04170,1
Curve04171,1
Curve04172,1
Curve04173,1
Curve04174,1
Curve04175,1
Curve04176,1
Curve04177,1
Curve04178,1
Curve04179,1
Curve04180,1
Curve04181,1
Curve04182,1
Curve04183,1
Curve04184,1
Curve04185,1
Curve04186,1
Curve04187,1
Curve04188,1
Curve04189,1
Curve04190,1
Curve04191,1
Curve04192,1
Curve04193,1
Curve04194,1
Curve04195,1
Curve04196,1
Curve04197,1
Curve04198,1
Curve04199,1
Curve04200,1
Curve04201,1
Curve04202,1
Curve04203,1
Curve04204,1
Curve04205,1
Curve04206,1
Curve04207,1
Curve04208,1
Curve04209,1
Curve04210,1
Curve04211,1
Curve04212,1
Curve04213,1
Curve04214,1
Curve04215,1
Curve04216,1
Curve04217,1
Curve04218,1
Curve04219,1
Curve04220,1
Curve04221,1
Curve04222,1
Curve04223,1
Curve04224,1
Curve04225,1
Curve04226,1
Curve04227,1
Curve04228,1
Curve04229,1
Curve04230,1
Curve04231,1
Curve04232,1
Curve04233,1
Curve04234,1
Curve04235,1
Curve04236,1
Curve04237,1
Curve04238,1
Curve04239,1
Curve04240,1
Curve04241,1
Curve04242,1
Curve04243,1
Curve04244,1
Curve04245,1
Curve04246,1
Curve04247,1
Curve04248,1
Curve04249,1
Curve04250,1
Curve04251,1
Curve04252,1
Curve04253,1
Curve04254,1
Curve04255,1
Curve04256,1
Curve04257,1
Curve04258,1
Curve04259,1
Curve04260,1
Curve04261,1
Curve04262,1
Curve04263,1
Curve04264,1
Curve04265,1
Curve04266,1
Curve04267,1
Curve04268,1
Curve04269,1
Curve04270,1
Curve04271,1
Curve04272,1
Curve04273,1
Curve04274,1
Curve04275,1
Curve04276,1
Curve04277,1
Curve04278,1
Curve04279,1
Curve04280,1
Curve04281,1
Curve04282,1
Curve04283,1
Curve04284,1
Curve04285,1
Curve04286,1
Curve04287,1
Curve04288,1
Curve04289,1
Curve04290,1
Curve04291,1
Curve04292,1
Curve04293,1
Curve04294,1
Curve04295,1
Curve04296,1
Curve04297,1
Curve04298,1
Curve04299,1
Curve04300,1
Curve04301,1
Curve04302,1
Curve04303,1
Curve04304,1
Curve04305,1
Curve04306,1
Curve04307,1
Curve04308,1
Curve04309,1
Curve04310,1
Curve04311,1
Curve04312,1
Curve04313,1
Curve04314,1
Curve04315,1
Curve04316,1
Curve04317,1
Curve04318,1
Curve04319,1
Curve04320,1
Curve04321,1
Curve04322,1
Curve04323,1
Curve04324,1
Curve04325,1
Curve04326,1
Curve04327,1
Curve04328,1
Curve04329,1
Curve04330,1
Curve04331,1
Curve04332,1
Curve04333,1
Curve04334,1
Curve04335,1
Curve04336,1
Curve04337,1
Curve04338,1
Curve04339,1
Curve04340,1
Curve04341,1
Curve04342,1
Curve04343,1
Curve04344,1
Curve04345,1
Curve04346,1
Curve04347,1
Curve04348,1
Curve04349,1
Curve04350,1
Curve04351,1
Curve04352,1
Curve04353,1
Curve04354,1
Curve04355,1
Curve04356,1
Curve04357,1
Curve04358,1
Curve04359,1
Curve04360,1
Curve04361,1
Curve04362,1
Curve04363,1
Curve04364,1
Curve04365,1
Curve04366,1
Curve04367,1
Curve04368,1
Curve04369,1
Curve04370,1
Curve04371,1
Curve04372,1
Curve04373,1
Curve04374,1
Curve04375,1
Curve04376,1
Curve04377,1
Curve04378,1
Curve04379,1
Curve04380,1
Curve04381,1
Curve04382,1
Curve04383,1
Curve04384,1
Curve04385,1
Curve04386,1
Curve04387,1
Curve04388,1
Curve04389,1
Curve04390,1
Curve04391,1
Curve04392,1
Curve04393,1
Curve04394,1
Curve04395,1
Curve04396,1
Curve04397,1
Curve04398,1
Curve04399,1
Curve04400,1
Curve04401,1
Curve04402,1
Curve04403,1
Curve04404,1
Curve04405,1
Curve04406,1
Curve04407,1
Curve04408,1
Curve04409,1
Curve04410,1
Curve04411,1
Curve04412,1
Curve04413,1
Curve04414,1
Curve04415,1
Curve04416,1
Curve04417,1
Curve04418,1
Curve04419,1
Curve04420,1
Curve04421,1
Curve04422,1
Curve04423,1
Curve04424,1
Curve04425,1
Curve04426,1
Curve04427,1
Curve04428,1
Curve04429,1
Curve04430,1
Curve04431,1
Curve04432,1
Curve04433,1
Curve04434,1
Curve04435,1
Curve04436,1
Curve04437,1
Curve04438,1
Curve04439,1
Curve04440,1
Curve04441,1
Curve04442,1
Curve04443,1
Curve04444,1
Curve04445,1
Curve04446,1
Curve04447,1
Curve04448,1
Curve04449,1
Curve04450,1
Curve04451,1
Curve04452,1
Curve04453,1
Curve04454,1
Curve04455,1
Curve04456,1
Curve04457,1
Curve04458,1
Curve04459,1
Curve04460,1
Curve04461,1
Curve04462,1
Curve04463,1
Curve04464,1
Curve04465,1
Curve04466,1
Curve04467,1
Curve04468,1
Curve04469,1
Curve04470,1
Curve04471,1
Curve04472,1
Curve04473,1
Curve04474,1
Curve04475,1
Curve04476,1
Curve04477,1
Curve04478,1
Curve04479,1
Curve04480,1
Curve04481,1
Curve04482,1
Curve04483,1
Curve04484,1
Curve04485,1
Curve04486,1
Curve04487,1
Curve04488,1
Curve04489,1
Curve04490,1
Curve04491,1
Curve04492,1
Curve04493,1
Curve04494,1
Curve04495,1
Curve04496,1
Curve04497,1
Curve04498,1
Curve04499,1
Curve04500,1
Curve04501,1
Curve04502,1
Curve04503,1
Curve04504,1
Curve04505,1
Curve04506,1
Curve04507,1
Curve04508,1
Curve04509,1
Curve04510,1
Curve04511,1
Curve04512,1
Curve04513,1
Curve04514,1
Curve04515,1
Curve04516,1
Curve04517,1
Curve04518,1
Curve04519,1
Curve04520,1
Curve04521,1
Curve04522,1
Curve04523,1
Curve04524,1
Curve04525,1
Curve04526,1
Curve04527,1
Curve04528,1
Curve04529,1
Curve04530,1
Curve04531,1
Curve04532,1
Curve04533,1
Curve04534,1
Curve04535,1
Curve04536,1
Curve04537,1
Curve04538,1
Curve04539,1
Curve04540,1
Curve04541,1
Curve04542,1
Curve04543,1
Curve04544,1
Curve04545,1
Curve04546,1
Curve04547,1
Curve04548,1
Curve04549,1
Curve04550,1
Curve04551,1
Curve04552,1
Curve04553,1
Curve04554,1
Curve04555,1
Curve04556,1
Curve04557,1
Curve04558,1
Curve04559,1
Curve04560,1
Curve04561,1
Curve04562,1
Curve04563,1
Curve04564,1
Curve04565,1
Curve04566,1
Curve04567,1
Curve04568,1
Curve04569,1
Curve04570,1
Curve04571,1
Curve04572,1
Curve04573,1
Curve04574,1
Curve04575,1
Curve04576,1
Curve04577,1
Curve04578,1
Curve04579,1
Curve04580,1
Curve04581,1
Curve04582,1
Curve04583,1
Curve04584,1
Curve04585,1
Curve04586,1
Curve04587,1
Curve04588,1
Curve04589,1
Curve04590,1
Curve04591,1
Curve04592,1
Curve04593,1
Curve04594,1
Curve04595,1
Curve04596,1
Curve04597,1
Curve04598,1
Curve04599,1
Curve04600,1
Curve04601,1
Curve04602,1
Curve04603,1
Curve04604,1
Curve04605,1
Curve04606,1
Curve04607,1
Curve04608,1
Curve04609,1
Curve04610,1
Curve04611,1
Curve04612,1
Curve04613,1
Curve04614,1
Curve04615,1
Curve04616,1
Curve04617,1
Curve04618,1
Curve04619,1
Curve04620,1
Curve04621,1
Curve04622,1
Curve04623,1
Curve04624,1
Curve04625,1
Curve04626,1
Curve04627,1
Curve04628,1
Curve04629,1
Curve04630,1
Curve04631,1
Curve04632,1
Curve04633,1
Curve04634,1
Curve04635,1
Curve04636,1
Curve04637,1
Curve04638,1
Curve04639,1
Curve04640,1
Curve04641,1
Curve04642,1
Curve04643,1
Curve04644,1
Curve04645,1
Curve04646,1
Curve04647,1
Curve04648,1
Curve04649,1
Curve04650,1
Curve04651,1
Curve04652,1
Curve04653,1
Curve04654,1
Curve04655,1
Curve04656,1
Curve04657,1
Curve04658,1
Curve04659,1
Curve04660,1
Curve04661,1
Curve04662,1
Curve04663,1
Curve04664,1
Curve04665,1
Curve04666,1
Curve04667,1
Curve04668,1
Curve04669,1
Curve04670,1
Curve04671,1
Curve04672,1
Curve04673,1
Curve04674,1
Curve04675,1
Curve04676,1
Curve04677,1
Curve04678,1
Curve04679,1
Curve04680,1
Curve04681,1
Curve04682,1
Curve04683,1
Curve04684,1
Curve04685,1
Curve04686,1
Curve04687,1
Curve04688,1
Curve04689,1
Curve04690,1
Curve04691,1
Curve04692,1
Curve04693,1
Curve04694,1
Curve04695,1
Curve04696,1
Curve04697,1
Curve04698,1
Curve04699,1
Curve04700,1
Curve04701,1
Curve04702,1
Curve04703,1
Curve04704,1
Curve04705,1
Curve04706,1
Curve04707,1
Curve04708,1
Curve04709,1
Curve04710,1
Curve04711,1
Curve04712,1
Curve04713,1
Curve04714,1
Curve04715,1
Curve04716,1
Curve04717,1
Curve04718,1
Curve04719,1
Curve04720,1
Curve04721,1
Curve04722,1
Curve04723,1
Curve04724,1
Curve04725,1
Curve04726,1
Curve04727,1
Curve04728,1
Curve04729,1
Curve04730,1
Curve04731,1
Curve04732,1
Curve04733,1
Curve04734,1
Curve04735,1
Curve04736,1
Curve04737,1
Curve04738,1
Curve04739,1
Curve04740,1
Curve04741,1
Curve04742,1
Curve04743,1
Curve04744,1
Curve04745,1
Curve04746,1
Curve04747,1
Curve04748,1
Curve04749,1
Curve04750,1
Curve04751,1
Curve04752,1
Curve04753,1
Curve04754,1
Curve04755,1
Curve04756,1
Curve04757,1
Curve04758,1
Curve04759,1
Curve04760,1
Curve04761,1
Curve04762,1
Curve04763,1
Curve04764,1
Curve04765,1
Curve04766,1
Curve04767,1
Curve04768,1
Curve04769,1
Curve04770,1
Curve04771,1
Curve04772,1
Curve04773,1
Curve04774,1
Curve04775,1
Curve04776,1
Curve04777,1
Curve04778,1
Curve04779,1
Curve04780,1
Curve04781,1
Curve04782,1
Curve04783,1
Curve04784,1
Curve04785,1
Curve04786,1
Curve04787,1
Curve04788,1
Curve04789,1
Curve04790,1
Curve04791,1
Curve04792,1
Curve04793,1
Curve04794,1
Curve04795,1
Curve04796,1
Curve04797,1
Curve04798,1
Curve04799,1
Curve04800,1
Curve04801,1
Curve04802,1
Curve04803,1
Curve04804,1
Curve04805,1
Curve04806,1
Curve04807,1
Curve04808,1
Curve04809,1
Curve04810,1
Curve04811,1
Curve04812,1
Curve04813,1
Curve04814,1
Curve04815,1
Curve04816,1
Curve04817,1
Curve04818,1
Curve04819,1
Curve04820,1
Curve04821,1
Curve04822,1
Curve04823,1
Curve04824,1
Curve04825,1
Curve04826,1
Curve04827,1
Curve04828,1
Curve04829,1
Curve04830,1
Curve04831,1
Curve04832,1
Curve04833,1
Curve04834,1
Curve04835,1
Curve04836,1
Curve04837,1
Curve04838,1
Curve04839,1
Curve04840,1
Curve04841,1
Curve04842,1
Curve04843,1
Curve04844,1
Curve04845,1
Curve04846,1
Curve04847,1
Curve04848,1
Curve04849,1
Curve04850,1
Curve04851,1
Curve04852,1
Curve04853,1
Curve04854,1
Curve04855,1
Curve04856,1
Curve04857,1
Curve04858,1
Curve04859,1
Curve04860,1
Curve04861,1
Curve04862,1
Curve04863,1
Curve04864,1
Curve04865,1
Curve04866,1
Curve04867,1
Curve04868,1
Curve04869,1
Curve04870,1
Curve04871,1
Curve04872,1
Curve04873,1
Curve04874,1
Curve04875,1
Curve04876,1
Curve04877,1
Curve04878,1
Curve04879,1
Curve04880,1
Curve04881,1
Curve04882,1
Curve04883,1
Curve04884,1
Curve04885,1
Curve04886,1
Curve04887,1
Curve04888,1
Curve04889,1
Curve04890,1
Curve04891,1
Curve04892,1
Curve04893,1
Curve04894,1
Curve04895,1
Curve04896,1
Curve04897,1
Curve04898,1
Curve04899,1
Curve04900,1
Curve04901,1
Curve04902,1
Curve04903,1
Curve04904,1
Curve04905,1
Curve04906,1
Curve04907,1
Curve04908,1
Curve04909,1
Curve04910,1
Curve04911,1
Curve04912,1
Curve04913,1
Curve04914,1
Curve04915,1
Curve04916,1
Curve04917,1
Curve04918,1
Curve04919,1
Curve04920,1
Curve04921,1
Curve04922,1
Curve04923,1
Curve04924,1
Curve04925,1
Curve04926,1
Curve04927,1
Curve04928,1
Curve04929,1
Curve04930,1
Curve04931,1
Curve04932,1
Curve04933,1
Curve04934,1
Curve04935,1
Curve04936,1
Curve04937,1
Curve04938,1
Curve04939,1
Curve04940,1
Curve04941,1
Curve04942,1
Curve04943,1
Curve04944,1
Curve04945,1
Curve04946,1
Curve04947,1
Curve04948,1
Curve04949,1
Curve04950,1
Curve04951,1
Curve04952,1
Curve04953,1
Curve04954,1
Curve04955,1
Curve04956,1
Curve04957,1
Curve04958,1
Curve04959,1
Curve04960,1
Curve04961,1
Curve04962,1
Curve04963,1
Curve04964,1
Curve04965,1
Curve04966,1
Curve04967,1
Curve04968,1
Curve04969,1
Curve04970,1
Curve04971,1
Curve04972,1
Curve04973,1
Curve04974,1
Curve04975,1
Curve04976,1
Curve04977,1
Curve04978,1
Curve04979,1
Curve04980,1
Curve04981,1
Curve04982,1
Curve04983,1
Curve04984,1
Curve04985,1
Curve04986,1
Curve04987,1
Curve04988,1
Curve04989,1
Curve04990,1
Curve04991,1
Curve04992,1
Curve04993,1
Curve04994,1
Curve04995,1
Curve04996,1
Curve04997,1
Curve04998,1
Curve04999,1
Curve05000,1
Curve05001,1
Curve05002,1
Curve05003,1
Curve05004,1
Curve05005,1
Curve05006,1
Curve05007,1
Curve05008,1
Curve05009,1
Curve05010,1
Curve05011,1
Curve05012,1
Curve05013,1
Curve05014,1
Curve05015,1
Curve05016,1
Curve05017,1
Curve05018,1
Curve05019,1
Curve05020,1
Curve05021,1
Curve05022,1
Curve05023,1
Curve05024,1
Curve05025,1
Curve05026,1
Curve05027,1
Curve05028,1
Curve05029,1
Curve05030,1
Curve05031,1
Curve05032,1
Curve05033,1
Curve05034,1
Curve05035,1
Curve05036,1
Curve05037,1
Curve05038,1
Curve05039,1
Curve05040,1
Curve05041,1
Curve05042,1
Curve05043,1
Curve05044,1
Curve05045,1
Curve05046,1
Curve05047,1
Curve05048,1
Curve05049,1
Curve05050,1
Curve05051,1
Curve05052,1
Curve05053,1
Curve05054,1
Curve05055,1
Curve05056,1
Curve05057,1
Curve05058,1
Curve05059,1
Curve05060,1
Curve05061,1
Curve05062,1
Curve05063,1
Curve05064,1
Curve05065,1
Curve05066,1
Curve05067,1
Curve05068,1
Curve05069,1
Curve05070,1
Curve05071,1
Curve05072,1
Curve05073,1
Curve05074,1
Curve05075,1
Curve05076,1
Curve05077,1
Curve05078,1
Curve05079,1
Curve05080,1
Curve05081,1
Curve05082,1
Curve05083,1
Curve05084,1
Curve05085,1
Curve05086,1
Curve05087,1
Curve05088,1
Curve05089,1
Curve05090,1
Curve05091,1
Curve05092,1
Curve05093,1
Curve05094,1
Curve05095,1
Curve05096,1
Curve05097,1
Curve05098,1
Curve05099,1
Curve05100,1
Curve05101,1
Curve05102,1
Curve05103,1
Curve05104,1
Curve05105,1
Curve05106,1
Curve05107,1
Curve05108,1
Curve05109,1
Curve05110,1
Curve05111,1
Curve05112,1
Curve05113,1
Curve05114,1
Curve05115,1
Curve05116,1
Curve05117,1
Curve05118,1
Curve05119,1
Curve05120,1
Curve05121,1
Curve05122,1
Curve05123,1
Curve05124,1
Curve05125,1
Curve05126,1
Curve05127,1
Curve05128,1
Curve05129,1
Curve05130,1
Curve05131,1
Curve05132,1
Curve05133,1
Curve05134,1
Curve05135,1
Curve05136,1
Curve05137,1
Curve05138,1
Curve05139,1
Curve05140,1
Curve05141,1
Curve05142,1
Curve05143,1
Curve05144,1
Curve05145,1
Curve05146,1
Curve05147,1
Curve05148,1
Curve05149,1
Curve05150,1
Curve05151,1
Curve05152,1
Curve05153,1
Curve05154,1
Curve05155,1
Curve05156,1
Curve05157,1
Curve05158,1
Curve05159,1
Curve05160,1
Curve05161,1
Curve05162,1
Curve05163,1
Curve05164,1
Curve05165,1
Curve05166,1
Curve05167,1
Curve05168,1
Curve05169,1
Curve05170,1
Curve05171,1
Curve05172,1
Curve05173,1
Curve05174,1
Curve05175,1
Curve05176,1
Curve05177,1
Curve05178,1
Curve05179,1
Curve05180,1
Curve05181,1
Curve05182,1
Curve05183,1
Curve05184,1
Curve05185,1
Curve05186,1
Curve05187,1
Curve05188,1
Curve05189,1
Curve05190,1
Curve05191,1
Curve05192,1
Curve05193,1
Curve05194,1
Curve05195,1
Curve05196,1
Curve05197,1
Curve05198,1
Curve05199,1
Curve05200,1
Curve05201,1
Curve05202,1
Curve05203,1
Curve05204,1
Curve05205,1
Curve05206,1
Curve05207,1
Curve05208,1
Curve05209,1
Curve05210,1
Curve05211,1
Curve05212,1
Curve05213,1
Curve05214,1
Curve05215,1
Curve05216,1
Curve05217,1
Curve05218,1
Curve05219,1
Curve05220,1
Curve05221,1
Curve05222,1
Curve05223,1
Curve05224,1
Curve05225,1
Curve05226,1
Curve05227,1
Curve05228,1
Curve05229,1
Curve05230,1
Curve05231,1
Curve05232,1
Curve05233,1
Curve05234,1
Curve05235,1
Curve05236,1
Curve05237,1
Curve05238,1
Curve05239,1
Curve05240,1
Curve05241,1
Curve05242,1
Curve05243,1
Curve05244,1
Curve05245,1
Curve05246,1
Curve05247,1
Curve05248,1
Curve05249,1
Curve05250,1
Curve05251,1
Curve05252,1
Curve05253,1
Curve05254,1
Curve05255,1
Curve05256,1
Curve05257,1
Curve05258,1
Curve05259,1
Curve05260,1
Curve05261,1
Curve05262,1
Curve05263,1
Curve05264,1
Curve05265,1
Curve05266,1
Curve05267,1
Curve05268,1
Curve05269,1
Curve05270,1
Curve05271,1
Curve05272,1
Curve05273,1
Curve05274,1
Curve05275,1
Curve05276,1
Curve05277,1
Curve05278,1
Curve05279,1
Curve05280,1
Curve05281,1
Curve05282,1
Curve05283,1
Curve05284,1
Curve05285,1
Curve05286,1
Curve05287,1
Curve05288,1
Curve05289,1
Curve05290,1
Curve05291,1
Curve05292,1
Curve05293,1
Curve05294,1
Curve05295,1
Curve05296,1
Curve05297,1
Curve05298,1
Curve05299,1
Curve05300,1
Curve05301,1
Curve05302,1
Curve05303,1
Curve05304,1
Curve05305,1
Curve05306,1
Curve05307,1
Curve05308,1
Curve05309,1
Curve05310,1
Curve05311,1
Curve05312,1
Curve05313,1
Curve05314,1
Curve05315,1
Curve05316,1
Curve05317,1
Curve05318,1
Curve05319,1
Curve05320,1
Curve05321,1
Curve05322,1
Curve05323,1
Curve05324,1
Curve05325,1
Curve05326,1
Curve05327,1
Curve05328,1
Curve05329,1
Curve05330,1
Curve05331,1
Curve05332,1
Curve05333,1
Curve05334,1
Curve05335,1
Curve05336,1
Curve05337,1
Curve05338,1
Curve05339,1
Curve05340,1
Curve05341,1
Curve05342,1
Curve05343,1
Curve05344,1
Curve05345,1
Curve05346,1
Curve05347,1
Curve05348,1
Curve05349,1
Curve05350,1
Curve05351,1
Curve05352,1
Curve05353,1
Curve05354,1
Curve05355,1
Curve05356,1
Curve05357,1
Curve05358,1
Curve05359,1
Curve05360,1
Curve05361,1
Curve05362,1
Curve05363,1
Curve05364,1
Curve05365,1
Curve05366,1
Curve05367,1
Curve05368,1
Curve05369,1
Curve05370,1
Curve05371,1
Curve05372,1
Curve05373,1
Curve05374,1
Curve05375,1
Curve05376,1
Curve05377,1
Curve05378,1
Curve05379,1
Curve05380,1
Curve05381,1
Curve05382,1
Curve05383,1
Curve05384,1
Curve05385,1
Curve05386,1
Curve05387,1
Curve05388,1
Curve05389,1
Curve05390,1
Curve05391,1
Curve05392,1
Curve05393,1
Curve05394,1
Curve05395,1
Curve05396,1
Curve05397,1
Curve05398,1
Curve05399,1
Curve05400,1
Curve05401,1
Curve05402,1
Curve05403,1
Curve05404,1
Curve05405,1
Curve05406,1
Curve05407,1
Curve05408,1
Curve05409,1
Curve05410,1
Curve05411,1
Curve05412,1
Curve05413,1
Curve05414,1
Curve05415,1
Curve05416,1
Curve05417,1
Curve05418,1
Curve05419,1
Curve05420,1
Curve05421,1
Curve05422,1
Curve05423,1
Curve05424,1
Curve05425,1
Curve05426,1
Curve05427,1
Curve05428,1
Curve05429,1
Curve05430,1
Curve05431,1
Curve05432,1
Curve05433,1
Curve05434,1
Curve05435,1
Curve05436,1
Curve05437,1
Curve05438,1
Curve05439,1
Curve05440,1
Curve05441,1
Curve05442,1
Curve05443,1
Curve05444,1
Curve05445,1
Curve05446,1
Curve05447,1
Curve05448,1
Curve05449,1
Curve05450,1
Curve05451,1
Curve05452,1
Curve05453,1
Curve05454,1
Curve05455,1
Curve05456,1
Curve05457,1
Curve05458,1
Curve05459,1
Curve05460,1
Curve05461,1
Curve05462,1
Curve05463,1
Curve05464,1
Curve05465,1
Curve05466,1
Curve05467,1
Curve05468,1
Curve05469,1
Curve05470,1
Curve05471,1
Curve05472,1
Curve05473,1
Curve05474,1
Curve05475,1
Curve05476,1
Curve05477,1
Curve05478,1
Curve05479,1
Curve05480,1
Curve05481,1
Curve05482,1
Curve05483,1
Curve05484,1
Curve05485,1
Curve05486,1
Curve05487,1
Curve05488,1
Curve05489,1
Curve05490,1
Curve05491,1
Curve05492,1
Curve05493,1
Curve05494,1
Curve05495,1
Curve05496,1
Curve05497,1
Curve05498,1
Curve05499,1
Curve05500,1
Curve05501,1
Curve05502,1
Curve05503,1
Curve05504,1
Curve05505,1
Curve05506,1
Curve05507,1
Curve05508,1
Curve05509,1
Curve05510,1
Curve05511,1
Curve05512,1
Curve05513,1
Curve05514,1
Curve05515,1
Curve05516,1
Curve05517,1
Curve05518,1
Curve05519,1
Curve05520,1
Curve05521,1
Curve05522,1
Curve05523,1
Curve05524,1
Curve05525,1
Curve05526,1
Curve05527,1
Curve05528,1
Curve05529,1
Curve05530,1
Curve05531,1
Curve05532,1
Curve05533,1
Curve05534,1
Curve05535,1
Curve05536,1
Curve05537,1
Curve05538,1
Curve05539,1
Curve05540,1
Curve05541,1
Curve05542,1
Curve05543,1
Curve05544,1
Curve05545,1
Curve05546,1
Curve05547,1
Curve05548,1
Curve05549,1
Curve05550,1
Curve05551,1
Curve05552,1
Curve05553,1
Curve05554,1
Curve05555,1
Curve05556,1
Curve05557,1
Curve05558,1
Curve05559,1
Curve05560,1
Curve05561,1
Curve05562,1
Curve05563,1
Curve05564,1
Curve05565,1
Curve05566,1
Curve05567,1
Curve05568,1
Curve05569,1
Curve05570,1
Curve05571,1
Curve05572,1
Curve05573,1
Curve05574,1
Curve05575,1
Curve05576,1
Curve05577,1
Curve05578,1
Curve05579,1
Curve05580,1
Curve05581,1
Curve05582,1
Curve05583,1
Curve05584,1
Curve05585,1
Curve05586,1
Curve05587,1
Curve05588,1
Curve05589,1
Curve05590,1
Curve05591,1
Curve05592,1
Curve05593,1
Curve05594,1
Curve05595,1
Curve05596,1
Curve05597,1
Curve05598,1
Curve05599,1
Curve05600,1
Curve05601,1
Curve05602,1
Curve05603,1
Curve05604,1
Curve05605,1
Curve05606,1
Curve05607,1
Curve05608,1
Curve05609,1
Curve05610,1
Curve05611,1
Curve05612,1
Curve05613,1
Curve05614,1
Curve05615,1
Curve05616,1
Curve05617,1
Curve05618,1
Curve05619,1
Curve05620,1
Curve05621,1
Curve05622,1
Curve05623,1
Curve05624,1
Curve05625,1
Curve05626,1
Curve05627,1
Curve05628,1
Curve05629,1
Curve05630,1
Curve05631,1
Curve05632,1
Curve05633,1
Curve05634,1
Curve05635,1
Curve05636,1
Curve05637,1
Curve05638,1
Curve05639,1
Curve05640,1
Curve05641,1
Curve05642,1
Curve05643,1
Curve05644,1
Curve05645,1
Curve05646,1
Curve05647,1
Curve05648,1
Curve05649,1
Curve05650,1
Curve05651,1
Curve05652,1
Curve05653,1
Curve05654,1
Curve05655,1
Curve05656,1
Curve05657,1
Curve05658,1
Curve05659,1
Curve05660,1
Curve05661,1
Curve05662,1
Curve05663,1
Curve05664,1
Curve05665,1
Curve05666,1
Curve05667,1
Curve05668,1
Curve05669,1
Curve05670,1
Curve05671,1
Curve05672,1
Curve05673,1
Curve05674,1
Curve05675,1
Curve05676,1
Curve05677,1
Curve05678,1
Curve05679,1
Curve05680,1
Curve05681,1
Curve05682,1
Curve05683,1
Curve05684,1
Curve05685,1
Curve05686,1
Curve05687,1
Curve05688,1
Curve05689,1
Curve05690,1
Curve05691,1
Curve05692,1
Curve05693,1
Curve05694,1
Curve05695,1
Curve05696,1
Curve05697,1
Curve05698,1
Curve05699,1
Curve05700,1
Curve05701,1
Curve05702,1
Curve05703,1
Curve05704,1
Curve05705,1
Curve05706,1
Curve05707,1
Curve05708,1
Curve05709,1
Curve05710,1
Curve05711,1
Curve05712,1
Curve05713,1
Curve05714,1
Curve05715,1
Curve05716,1
Curve05717,1
Curve05718,1
Curve05719,1
Curve05720,1
Curve05721,1
Curve05722,1
Curve05723,1
Curve05724,1
Curve05725,1
Curve05726,1
Curve05727,1
Curve05728,1
Curve05729,1
Curve05730,1
Curve05731,1
Curve05732,1
Curve05733,1
Curve05734,1
Curve05735,1
Curve05736,1
Curve05737,1
Curve05738,1
Curve05739,1
Curve05740,1
Curve05741,1
Curve05742,1
Curve05743,1
Curve05744,1
Curve05745,1
Curve05746,1
Curve05747,1
Curve05748,1
Curve05749,2
Curve05750,2
Curve05751,2
Curve05752,2
Curve05753,2
Curve05754,2
Curve05755,2
Curve05756,2
Curve05757,2
Curve05758,2
Curve05759,2
Curve05760,2
Curve05761,2
Curve05762,2
Curve05763,2
Curve05764,2
Curve05765,2
Curve05766,2
Curve05767,2
Curve05768,2
Curve05769,2
Curve05770,2
Curve05771,2
Curve05772,2
Curve05773,2
Curve05774,2
Curve05775,2
Curve05776,2
Curve05777,2
Curve05778,2
Curve05779,2
Curve05780,2
Curve05781,2
Curve05782,2
Curve05783,2
Curve05784,2
Curve05785,2
Curve05786,2
Curve05787,2
Curve05788,2
Curve05789,2
Curve05790,2
Curve05791,2
Curve05792,2
Curve05793,2
Curve05794,2
Curve05795,2
Curve05796,2
Curve05797,2
Curve05798,2
Curve05799,2
Curve05800,2
Curve05801,2
Curve05802,2
Curve05803,2
Curve05804,2
Curve05805,2
Curve05806,2
Curve05807,2
Curve05808,2
Curve05809,2
Curve05810,2
Curve05811,2
Curve05812,2
Curve05813,2
Curve05814,2
Curve05815,2
Curve05816,2
Curve05817,2
Curve05818,2
Curve05819,2
Curve05820,2
Curve05821,2
Curve05822,2
Curve05823,2
Curve05824,2
Curve05825,2
Curve05826,2
Curve05827,2
Curve05828,2
Curve05829,2
Curve05830,2
Curve05831,2
Curve05832,2
Curve05833,2
Curve05834,2
Curve05835,2
Curve05836,2
Curve05837,2
Curve05838,2
Curve05839,2
Curve05840,2
Curve05841,2
Curve05842,2
Curve05843,2
Curve05844,2
Curve05845,2
Curve05846,2
Curve05847,2
Curve05848,2
Curve05849,2
Curve05850,2
Curve05851,2
Curve05852,2
Curve05853,2
Curve05854,2
Curve05855,2
Curve05856,2
Curve05857,2
Curve05858,2
Curve05859,2
Curve05860,2
Curve05861,2
Curve05862,2
Curve05863,2
Curve05864,2
Curve05865,2
Curve05866,2
Curve05867,2
Curve05868,2
Curve05869,1
Curve05870,1
Curve05871,1
Curve05872,1
Curve05873,1
Curve05874,1
Curve05875,1
Curve05876,1
Curve05877,1
Curve05878,1
Curve05879,1
Curve05880,1
Curve05881,1
Curve05882,1
Curve05883,1
Curve05884,1
Curve05885,1
Curve05886,1
Curve05887,1
Curve05888,1
Curve05889,1
Curve05890,1
Curve05891,1
Curve05892,1
Curve05893,1
Curve05894,1
Curve05895,1
Curve05896,1
Curve05897,1
Curve05898,1
Curve05899,1
Curve05900,1
Curve05901,1
Curve05902,1
Curve05903,1
Curve05904,1
Curve05905,1
Curve05906,1
Curve05907,1
Curve05908,1
Curve05909,1
Curve05910,1
Curve05911,1
Curve05912,1
Curve05913,1
Curve05914,1
Curve05915,1
Curve05916,1
Curve05917,1
Curve05918,1
Curve05919,1
Curve05920,1
Curve05921,1
Curve05922,1
Curve05923,1
Curve05924,1
Curve05925,1
Curve05926,1
Curve05927,1
Curve05928,1
Curve05929,1
Curve05930,1
Curve05931,1
Curve05932,1
Curve05933,1
Curve05934,1
Curve05935,1
Curve05936,1
Curve05937,1
Curve05938,1
Curve05939,1
Curve05940,1
Curve05941,1
Curve05942,1
Curve05943,1
Curve05944,1
Curve05945,1
Curve05946,1
Curve05947,1
Curve05948,1
Curve05949,1
Curve05950,1
Curve05951,1
Curve05952,1
Curve05953,1
Curve05954,1
Curve05955,1
Curve05956,1
Curve05957,1
Curve05958,1
Curve05959,1
Curve05960,1
Curve05961,1
Curve05962,1
Curve05963,1
Curve05964,1
Curve05965,1
Curve05966,1
Curve05967,1
Curve05968,1
Curve05969,1
Curve05970,1
Curve05971,1
Curve05972,1
Curve05973,1
Curve05974,1
Curve05975,1
Curve05976,1
Curve05977,1
Curve05978,1
Curve05979,1
Curve05980,1
Curve05981,1
Curve05982,1
Curve05983,1
Curve05984,1
Curve05985,1
Curve05986,1
Curve05987,1
Curve05988,1
Curve05989,1
Curve05990,1
Curve05991,1
Curve05992,1
Curve05993,1
Curve05994,1
Curve05995,1
Curve05996,1
Curve05997,1
Curve05998,1
Curve05999,1
Curve06000,1
Curve06001,1
Curve06002,1
Curve06003,1
Curve06004,1
Curve06005,1
Curve06006,1
Curve06007,1
Curve06008,1
Curve06009,1
Curve06010,1
Curve06011,1
Curve06012,1
Curve06013,1
Curve06014,1
Curve06015,1
Curve06016,1
Curve06017,1
Curve06018,1
Curve06019,1
Curve06020,1
Curve06021,1
Curve06022,1
Curve06023,1
Curve06024,1
Curve06025,1
Curve06026,1
Curve06027,1
Curve06028,1
Curve06029,1
Curve06030,1
Curve06031,1
Curve06032,1
Curve06033,1
Curve06034,1
Curve06035,1
Curve06036,1
Curve06037,1
Curve06038,1
Curve06039,1
Curve06040,1
Curve06041,1
Curve06042,1
Curve06043,1
Curve06044,1
Curve06045,1
Curve06046,1
Curve06047,1
Curve06048,1
Curve06049,1
Curve06050,1
Curve06051,1
Curve06052,1
Curve06053,1
Curve06054,1
Curve06055,1
Curve06056,1
Curve06057,1
Curve06058,1
Curve06059,1
Curve06060,1
Curve06061,1
Curve06062,1
Curve06063,1
Curve06064,1
Curve06065,1
Curve06066,1
Curve06067,1
Curve06068,1
Curve06069,1
Curve06070,1
Curve06071,1
Curve06072,1
Curve06073,1
Curve06074,1
Curve06075,1
Curve06076,1
Curve06077,1
Curve06078,1
Curve06079,1
Curve06080,1
Curve06081,1
Curve06082,1
Curve06083,1
Curve06084,1
Curve06085,1
Curve06086,1
Curve06087,1
Curve06088,1
Curve06089,1
Curve06090,1
Curve06091,1
Curve06092,1
Curve06093,1
Curve06094,1
Curve06095,1
Curve06096,1
Curve06097,1
Curve06098,1
Curve06099,1
Curve06100,1
Curve06101,1
Curve06102,1
Curve06103,1
Curve06104,1
Curve06105,1
Curve06106,1
Curve06107,1
Curve06108,1
Curve06109,1
Curve06110,1
Curve06111,1
Curve06112,1
Curve06113,1
Curve06114,1
Curve06115,1
Curve06116,1
Curve06117,1
Curve06118,1
Curve06119,1
Curve06120,1
Curve06121,1
Curve06122,1
Curve06123,1
Curve06124,1
Curve06125,1
Curve06126,1
Curve06127,1
Curve06128,1
Curve06129,1
Curve06130,1
Curve06131,1
Curve06132,1
Curve06133,1
Curve06134,1
Curve06135,1
Curve06136,1
Curve06137,1
Curve06138,1
Curve06139,1
Curve06140,1
Curve06141,1
Curve06142,1
Curve06143,1
Curve06144,1
Curve06145,1
Curve06146,1
Curve06147,1
Curve06148,1
Curve06149,1
Curve06150,1
Curve06151,1
Curve06152,1
Curve06153,1
Curve06154,1
Curve06155,1
Curve06156,1
Curve06157,1
Curve06158,1
Curve06159,1
Curve06160,1
Curve06161,1
Curve06162,1
Curve06163,1
Curve06164,1
Curve06165,1
Curve06166,1
Curve06167,1
Curve06168,1
Curve06169,1
Curve06170,1
Curve06171,1
Curve06172,1
Curve06173,1
Curve06174,1
Curve06175,1
Curve06176,1
Curve06177,1
Curve06178,1
Curve06179,1
Curve06180,1
Curve06181,1
Curve06182,1
Curve06183,1
Curve06184,1
Curve06185,1
Curve06186,1
Curve06187,1
Curve06188,1
Curve06189,1
Curve06190,1
Curve06191,1
Curve06192,1
Curve06193,1
Curve06194,1
Curve06195,1
Curve06196,1
Curve06197,1
Curve06198,1
Curve06199,1
Curve06200,1
Curve06201,1
Curve06202,1
Curve06203,1
Curve06204,1
Curve06205,1
Curve06206,1
Curve06207,1
Curve06208,1
Curve06209,1
Curve06210,1
Curve06211,1
Curve06212,1
Curve06213,1
Curve06214,1
Curve06215,1
Curve06216,1
Curve06217,1
Curve06218,1
Curve06219,1
Curve06220,1
Curve06221,1
Curve06222,1
Curve06223,1
Curve06224,1
Curve06225,1
Curve06226,1
Curve06227,1
Curve06228,1
Curve06229,1
Curve06230,1
Curve06231,1
Curve06232,1
Curve06233,1
Curve06234,1
Curve06235,1
Curve06236,1
Curve06237,1
Curve06238,1
Curve06239,1
Curve06240,1
Curve06241,1
Curve06242,1
Curve06243,1
Curve06244,1
Curve06245,1
Curve06246,1
Curve06247,1
Curve06248,1
Curve06249,1
Curve06250,1
Curve06251,1
Curve06252,1
Curve06253,1
Curve06254,1
Curve06255,1
Curve06256,1
Curve06257,1
Curve06258,1
Curve06259,1
Curve06260,1
Curve06261,1
Curve06262,1
Curve06263,1
Curve06264,1
Curve06265,1
Curve06266,1
Curve06267,1
Curve06268,1
Curve06269,1
Curve06270,1
Curve06271,1
Curve06272,1
Curve06273,1
Curve06274,1
Curve06275,1
Curve06276,1
Curve06277,1
Curve06278,1
Curve06279,1
Curve06280,1
Curve06281,1
Curve06282,1
Curve06283,1
Curve06284,1
Curve06285,1
Curve06286,1
Curve06287,1
Curve06288,1
Curve06289,1
Curve06290,1
Curve06291,1
Curve06292,1
Curve06293,1
Curve06294,1
Curve06295,1
Curve06296,1
Curve06297,1
Curve06298,1
Curve06299,1
Curve06300,1
Curve06301,1
Curve06302,1
Curve06303,1
Curve06304,1
Curve06305,1
Curve06306,1
Curve06307,1
Curve06308,1
Curve06309,1
Curve06310,1
Curve06311,1
Curve06312,1
Curve06313,1
Curve06314,1
Curve06315,1
Curve06316,1
Curve06317,1
Curve06318,1
Curve06319,1
Curve06320,1
Curve06321,1
Curve06322,1
Curve06323,1
Curve06324,1
Curve06325,1
Curve06326,1
Curve06327,1
Curve06328,1
Curve06329,1
Curve06330,1
Curve06331,1
Curve06332,1
Curve06333,1
Curve06334,1
Curve06335,1
Curve06336,1
Curve06337,1
Curve06338,1
Curve06339,1
Curve06340,1
Curve06341,1
Curve06342,1
Curve06343,1
Curve06344,1
Curve06345,1
Curve06346,1
Curve06347,1
Curve06348,1
Curve06349,1
Curve06350,1
Curve06351,1
Curve06352,1
Curve06353,1
Curve06354,1
Curve06355,1
Curve06356,1
Curve06357,1
Curve06358,1
Curve06359,1
Curve06360,1
Curve06361,1
Curve06362,1
Curve06363,1
Curve06364,1
Curve06365,1
Curve06366,1
Curve06367,1
Curve06368,1
Curve06369,1
Curve06370,1
Curve06371,1
Curve06372,1
Curve06373,1
Curve06374,1
Curve06375,1
Curve06376,1
Curve06377,1
Curve06378,1
Curve06379,1
Curve06380,1
Curve06381,1
Curve06382,1
Curve06383,1
Curve06384,1
Curve06385,1
Curve06386,1
Curve06387,1
Curve06388,1
Curve06389,1
Curve06390,1
Curve06391,1
Curve06392,1
Curve06393,1
Curve06394,1
Curve06395,1
Curve06396,1
Curve06397,1
Curve06398,1
Curve06399,1
Curve06400,1
Curve06401,1
Curve06402,1
Curve06403,1
Curve06404,1
Curve06405,1
Curve06406,1
Curve06407,1
Curve06408,1
Curve06409,1
Curve06410,1
Curve06411,1
Curve06412,1
Curve06413,1
Curve06414,1
Curve06415,1
Curve06416,1
Curve06417,1
Curve06418,1
Curve06419,1
Curve06420,1
Curve06421,1
Curve06422,1
Curve06423,1
Curve06424,1
Curve06425,1
Curve06426,1
Curve06427,1
Curve06428,1
Curve06429,1
Curve06430,1
Curve06431,1
Curve06432,1
Curve06433,1
Curve06434,1
Curve06435,1
Curve06436,1
Curve06437,1
Curve06438,1
Curve06439,1
Curve06440,1
Curve06441,1
Curve06442,1
Curve06443,1
Curve06444,1
Curve06445,1
Curve06446,1
Curve06447,1
Curve06448,1
Curve06449,1
Curve06450,1
Curve06451,1
Curve06452,1
Curve06453,1
Curve06454,1
Curve06455,1
Curve06456,1
Curve06457,1
Curve06458,1
Curve06459,1
Curve06460,1
Curve06461,1
Curve06462,1
Curve06463,1
Curve06464,1
Curve06465,1
Curve06466,1
Curve06467,1
Curve06468,1
Curve06469,1
Curve06470,1
Curve06471,1
Curve06472,1
Curve06473,1
Curve06474,1
Curve06475,1
Curve06476,1
Curve06477,1
Curve06478,1
Curve06479,1
Curve06480,1
Curve06481,1
Curve06482,1
Curve06483,1
Curve06484,1
Curve06485,1
Curve06486,1
Curve06487,1
Curve06488,1
Curve06489,1
Curve06490,1
Curve06491,1
Curve06492,1
Curve06493,1
Curve06494,1
Curve06495,1
Curve06496,1
Curve06497,1
Curve06498,1
Curve06499,1
Curve06500,1
Curve06501,1
Curve06502,1
Curve06503,1
Curve06504,1
Curve06505,1
Curve06506,1
Curve06507,1
Curve06508,1
Curve06509,1
Curve06510,1
Curve06511,1
Curve06512,1
Curve06513,1
Curve06514,1
Curve06515,1
Curve06516,1
Curve06517,1
Curve06518,1
Curve06519,1
Curve06520,1
Curve06521,1
Curve06522,1
Curve06523,1
Curve06524,1
Curve06525,1
Curve06526,1
Curve06527,1
Curve06528,1
Curve06529,1
Curve06530,1
Curve06531,1
Curve06532,1
Curve06533,1
Curve06534,1
Curve06535,1
Curve06536,1
Curve06537,1
Curve06538,1
Curve06539,1
Curve06540,1
Curve06541,1
Curve06542,1
Curve06543,1
Curve06544,1
Curve06545,1
Curve06546,1
Curve06547,1
Curve06548,1
Curve06549,1
Curve06550,1
Curve06551,1
Curve06552,1
Curve06553,1
Curve06554,1
Curve06555,1
Curve06556,1
Curve06557,1
Curve06558,1
Curve06559,1
Curve06560,1
Curve06561,1
Curve06562,1
Curve06563,1
Curve06564,1
Curve06565,1
Curve06566,1
Curve06567,1
Curve06568,1
Curve06569,1
Curve06570,1
Curve06571,1
Curve06572,1
Curve06573,1
Curve06574,1
Curve06575,1
Curve06576,1
Curve06577,1
Curve06578,1
Curve06579,1
Curve06580,1
Curve06581,1
Curve06582,1
Curve06583,1
Curve06584,1
Curve06585,1
Curve06586,1
Curve06587,1
Curve06588,1
Curve06589,1
Curve06590,1
Curve06591,1
Curve06592,1
Curve06593,1
Curve06594,1
Curve06595,1
Curve06596,1
Curve06597,1
Curve06598,1
Curve06599,1
Curve06600,1
Curve06601,1
Curve06602,1
Curve06603,1
Curve06604,1
Curve06605,1
Curve06606,1
Curve06607,1
Curve06608,1
Curve06609,1
Curve06610,1
Curve06611,1
Curve06612,1
Curve06613,1
Curve06614,1
Curve06615,1
Curve06616,1
Curve06617,1
Curve06618,1
Curve06619,1
Curve06620,1
Curve06621,1
Curve06622,1
Curve06623,1
Curve06624,1
Curve06625,1
Curve06626,1
Curve06627,1
Curve06628,1
Curve06629,1
Curve06630,1
Curve06631,1
Curve06632,1
Curve06633,1
Curve06634,1
Curve06635,1
Curve06636,1
Curve06637,1
Curve06638,1
Curve06639,1
Curve06640,1
Curve06641,1
Curve06642,1
Curve06643,1
Curve06644,1
Curve06645,1
Curve06646,1
Curve06647,1
Curve06648,1
Curve06649,1
Curve06650,1
Curve06651,1
Curve06652,1
Curve06653,1
Curve06654,1
Curve06655,1
Curve06656,1
Curve06657,1
Curve06658,1
Curve06659,1
Curve06660,1
Curve06661,1
Curve06662,1
Curve06663,1
Curve06664,1
Curve06665,1
Curve06666,1
Curve06667,1
Curve06668,1
Curve06669,1
Curve06670,1
Curve06671,1
Curve06672,1
Curve06673,1
Curve06674,1
Curve06675,1
Curve06676,1
Curve06677,1
Curve06678,1
Curve06679,1
Curve06680,1
Curve06681,1
Curve06682,1
Curve06683,1
Curve06684,1
Curve06685,1
Curve06686,1
Curve06687,1
Curve06688,1
Curve06689,1
Curve06690,1
Curve06691,1
Curve06692,1
Curve06693,1
Curve06694,1
Curve06695,1
Curve06696,1
Curve06697,1
Curve06698,1
Curve06699,1
Curve06700,1
Curve06701,1
Curve06702,1
Curve06703,1
Curve06704,1
Curve06705,1
Curve06706,1
Curve06707,1
Curve06708,1
Curve06709,1
Curve06710,1
Curve06711,1
Curve06712,1
Curve06713,1
Curve06714,1
Curve06715,1
Curve06716,1
Curve06717,1
Curve06718,1
Curve06719,1
Curve06720,1
Curve06721,1
Curve06722,1
Curve06723,1
Curve06724,1
Curve06725,1
Curve06726,1
Curve06727,1
Curve06728,1
Curve06729,1
Curve06730,1
Curve06731,1
Curve06732,1
Curve06733,1
Curve06734,1
Curve06735,1
Curve06736,1
Curve06737,1
Curve06738,1
Curve06739,1
Curve06740,1
Curve06741,1
Curve06742,1
Curve06743,1
Curve06744,1
Curve06745,1
Curve06746,1
Curve06747,1
Curve06748,1
Curve06749,1
Curve06750,1
Curve06751,1
Curve06752,1
Curve06753,1
Curve06754,1
Curve06755,1
Curve06756,1
Curve06757,1
Curve06758,1
Curve06759,1
Curve06760,1
Curve06761,1
Curve06762,1
Curve06763,1
Curve06764,1
Curve06765,1
Curve06766,1
Curve06767,1
Curve06768,1
Curve06769,1
Curve06770,1
Curve06771,1
Curve06772,1
Curve06773,1
Curve06774,1
Curve06775,1
Curve06776,1
Curve06777,1
Curve06778,1
Curve06779,1
Curve06780,1
Curve06781,1
Curve06782,1
Curve06783,1
Curve06784,1
Curve06785,1
Curve06786,1
Curve06787,1
Curve06788,1
Curve06789,1
Curve06790,1
Curve06791,1
Curve06792,1
Curve06793,1
Curve06794,1
Curve06795,1
Curve06796,1
Curve06797,1
Curve06798,1
Curve06799,1
Curve06800,1
Curve06801,1
Curve06802,1
Curve06803,1
Curve06804,1
Curve06805,1
Curve06806,1
Curve06807,1
Curve06808,1
Curve06809,1
Curve06810,1
Curve06811,1
Curve06812,1
Curve06813,1
Curve06814,1
Curve06815,1
Curve06816,1
Curve06817,1
Curve06818,1
Curve06819,1
Curve06820,1
Curve06821,1
Curve06822,1
Curve06823,1
Curve06824,1
Curve06825,1
Curve06826,1
Curve06827,1
Curve06828,1
Curve06829,1
Curve06830,1
Curve06831,1
Curve06832,1
Curve06833,1
Curve06834,1
Curve06835,1
Curve06836,1
Curve06837,1
Curve06838,1
Curve06839,1
Curve06840,1
Curve06841,1
Curve06842,1
Curve06843,1
Curve06844,1
Curve06845,1
Curve06846,1
Curve06847,1
Curve06848,1
Curve06849,1
Curve06850,1
Curve06851,1
Curve06852,1
Curve06853,1
Curve06854,1
Curve06855,1
Curve06856,1
Curve06857,1
Curve06858,1
Curve06859,1
Curve06860,1
Curve06861,1
Curve06862,1
Curve06863,1
Curve06864,1
Curve06865,1
Curve06866,1
Curve06867,1
Curve06868,1
Curve06869,1
Curve06870,1
Curve06871,1
Curve06872,1
Curve06873,1
Curve06874,1
Curve06875,1
Curve06876,1
Curve06877,1
Curve06878,1
Curve06879,1
Curve06880,1
Curve06881,1
Curve06882,1
Curve06883,1
Curve06884,1
Curve06885,1
Curve06886,1
Curve06887,1
Curve06888,1
Curve06889,1
Curve06890,1
Curve06891,1
Curve06892,1
Curve06893,1
Curve06894,1
Curve06895,1
Curve06896,1
Curve06897,1
Curve06898,1
Curve06899,1
Curve06900,1
Curve06901,1
Curve06902,1
Curve06903,1
Curve06904,1
Curve06905,1
Curve06906,1
Curve06907,1
Curve06908,1
Curve06909,1
Curve06910,1
Curve06911,1
Curve06912,1
Curve06913,1
Curve06914,1
Curve06915,1
Curve06916,1
Curve06917,1
Curve06918,1
Curve06919,1
Curve06920,1
Curve06921,1
Curve06922,1
Curve06923,1
Curve06924,1
Curve06925,1
Curve06926,1
Curve06927,1
Curve06928,1
Curve06929,1
Curve06930,1
Curve06931,1
Curve06932,1
Curve06933,1
Curve06934,1
Curve06935,1
Curve06936,1
Curve06937,1
Curve06938,1
Curve06939,1
Curve06940,1
Curve06941,1
Curve06942,1
Curve06943,1
Curve06944,1
Curve06945,1
Curve06946,1
Curve06947,1
Curve06948,1
Curve06949,1
Curve06950,1
Curve06951,1
Curve06952,1
Curve06953,1
Curve06954,1
Curve06955,1
Curve06956,1
Curve06957,1
Curve06958,1
Curve06959,1
Curve06960,1
Curve06961,1
Curve06962,1
Curve06963,1
Curve06964,1
Curve06965,1
Curve06966,1
Curve06967,1
Curve06968,1
Curve06969,1
Curve06970,1
Curve06971,1
Curve06972,1
Curve06973,1
Curve06974,1
Curve06975,1
Curve06976,1
Curve06977,1
Curve06978,1
Curve06979,1
Curve06980,1
Curve06981,1
Curve06982,1
Curve06983,1
Curve06984,1
Curve06985,1
Curve06986,1
Curve06987,1
Curve06988,1
Curve06989,1
Curve06990,1
Curve06991,1
Curve06992,1
Curve06993,1
Curve06994,1
Curve06995,1
Curve06996,1
Curve06997,1
Curve06998,1
Curve06999,1
Curve07000,1
Curve07001,1
Curve07002,1
Curve07003,1
Curve07004,1
Curve07005,1
Curve07006,1
Curve07007,1
Curve07008,1
Curve07009,1
Curve07010,1
Curve07011,1
Curve07012,1
Curve07013,1
Curve07014,1
Curve07015,1
Curve07016,1
Curve07017,1
Curve07018,1
Curve07019,1
Curve07020,1
Curve07021,1
Curve07022,1
Curve07023,1
Curve07024,1
Curve07025,1
Curve07026,1
Curve07027,1
Curve07028,1
Curve07029,1
Curve07030,1
Curve07031,1
Curve07032,1
Curve07033,1
Curve07034,1
Curve07035,1
Curve07036,1
Curve07037,1
Curve07038,1
Curve07039,1
Curve07040,1
Curve07041,1
Curve07042,1
Curve07043,1
Curve07044,1
Curve07045,1
Curve07046,1
Curve07047,1
Curve07048,1
Curve07049,1
Curve07050,1
Curve07051,1
Curve07052,1
Curve07053,1
Curve07054,1
Curve07055,1
Curve07056,1
Curve07057,1
Curve07058,1
Curve07059,1
Curve07060,1
Curve07061,1
Curve07062,1
Curve07063,1
Curve07064,1
Curve07065,1
Curve07066,1
Curve07067,1
Curve07068,1
Curve07069,2
Curve07070,2
Curve07071,2
Curve07072,2
Curve07073,2
Curve07074,2
Curve07075,2
Curve07076,2
Curve07077,2
Curve07078,2
Curve07079,2
Curve07080,2
Curve07081,2
Curve07082,2
Curve07083,2
Curve07084,2
Curve07085,2
Curve07086,2
Curve07087,2
Curve07088,2
Curve07089,2
Curve07090,2
Curve07091,2
Curve07092,2
Curve07093,2
Curve07094,2
Curve07095,2
Curve07096,2
Curve07097,2
Curve07098,2
Curve07099,2
Curve07100,2
Curve07101,2
Curve07102,2
Curve07103,2
Curve07104,2
Curve07105,2
Curve07106,2
Curve07107,2
Curve07108,2
Curve07109,2
Curve07110,2
Curve07111,2
Curve07112,2
Curve07113,2
Curve07114,2
Curve07115,2
Curve07116,2
Curve07117,2
Curve07118,2
Curve07119,2
Curve07120,2
Curve07121,2
Curve07122,2
Curve07123,2
Curve07124,2
Curve07125,2
Curve07126,2
Curve07127,2
Curve07128,2
Curve07129,2
Curve07130,2
Curve07131,2
Curve07132,2
Curve07133,2
Curve07134,2
Curve07135,2
Curve07136,2
Curve07137,2
Curve07138,2
Curve07139,2
Curve07140,2
Curve07141,2
Curve07142,2
Curve07143,2
Curve07144,2
Curve07145,2
Curve07146,2
Curve07147,2
Curve07148,2
Curve07149,2
Curve07150,2
Curve07151,2
Curve07152,2
Curve07153,2
Curve07154,2
Curve07155,2
Curve07156,2
Curve07157,2
Curve07158,2
Curve07159,2
Curve07160,2
Curve07161,2
Curve07162,2
Curve07163,2
Curve07164,2
Curve07165,2
Curve07166,2
Curve07167,2
Curve07168,2
Curve07169,2
Curve07170,2
Curve07171,2
Curve07172,2
Curve07173,2
Curve07174,2
Curve07175,2
Curve07176,2
Curve07177,2
Curve07178,2
Curve07179,2
Curve07180,2
Curve07181,2
Curve07182,2
Curve07183,2
Curve07184,2
Curve07185,2
Curve07186,2
Curve07187,2
Curve07188,2
Curve07189,1
Curve07190,1
Curve07191,1
Curve07192,1
Curve07193,1
Curve07194,1
Curve07195,1
Curve07196,1
Curve07197,1
Curve07198,1
Curve07199,1
Curve07200,1
Curve07201,1
Curve07202,1
Curve07203,1
Curve07204,1
Curve07205,1
Curve07206,1
Curve07207,1
Curve07208,1
Curve07209,1
Curve07210,1
Curve07211,1
Curve07212,1
Curve07213,1
Curve07214,1
Curve07215,1
Curve07216,1
Curve07217,1
Curve07218,1
Curve07219,1
Curve07220,1
Curve07221,1
Curve07222,1
Curve07223,1
Curve07224,1
Curve07225,1
Curve07226,1
Curve07227,1
Curve07228,1
Curve07229,1
Curve07230,1
Curve07231,1
Curve07232,1
Curve07233,1
Curve07234,1
Curve07235,1
Curve07236,1
Curve07237,1
Curve07238,1
Curve07239,1
Curve07240,1
Curve07241,1
Curve07242,1
Curve07243,1
Curve07244,1
Curve07245,1
Curve07246,1
Curve07247,1
Curve07248,1
Curve07249,1
Curve07250,1
Curve07251,1
Curve07252,1
Curve07253,1
Curve07254,1
Curve07255,1
Curve07256,1
Curve07257,1
Curve07258,1
Curve07259,1
Curve07260,1
Curve07261,1
Curve07262,1
Curve07263,1
Curve07264,1
Curve07265,1
Curve07266,1
Curve07267,1
Curve07268,1
Curve07269,1
Curve07270,1
Curve07271,1
Curve07272,1
Curve07273,1
Curve07274,1
Curve07275,1
Curve07276,1
Curve07277,1
Curve07278,1
Curve07279,1
Curve07280,1
Curve07281,1
Curve07282,1
Curve07283,1
Curve07284,1
Curve07285,1
Curve07286,1
Curve07287,1
Curve07288,1
Curve07289,1
Curve07290,1
Curve07291,1
Curve07292,1
Curve07293,1
Curve07294,1
Curve07295,1
Curve07296,1
Curve07297,1
Curve07298,1
Curve07299,1
Curve07300,1
Curve07301,1
Curve07302,1
Curve07303,1
Curve07304,1
Curve07305,1
Curve07306,1
Curve07307,1
Curve07308,1
Curve07309,2
Curve07310,2
Curve07311,2
Curve07312,2
Curve07313,2
Curve07314,2
Curve07315,2
Curve07316,2
Curve07317,2
Curve07318,2
Curve07319,2
Curve07320,2
Curve07321,2
Curve07322,2
Curve07323,2
Curve07324,2
Curve07325,2
Curve07326,2
Curve07327,2
Curve07328,2
Curve07329,2
Curve07330,2
Curve07331,2
Curve07332,2
Curve07333,2
Curve07334,2
Curve07335,2
Curve07336,2
Curve07337,2
Curve07338,2
Curve07339,2
Curve07340,2
Curve07341,2
Curve07342,2
Curve07343,2
Curve07344,2
Curve07345,2
Curve07346,2
Curve07347,2
Curve07348,2
Curve07349,2
Curve07350,2
Curve07351,2
Curve07352,2
Curve07353,2
Curve07354,2
Curve07355,2
Curve07356,2
Curve07357,2
Curve07358,2
Curve07359,2
Curve07360,2
Curve07361,2
Curve07362,2
Curve07363,2
Curve07364,2
Curve07365,2
Curve07366,2
Curve07367,2
Curve07368,2
Curve07369,2
Curve07370,2
Curve07371,2
Curve07372,2
Curve07373,2
Curve07374,2
Curve07375,2
Curve07376,2
Curve07377,2
Curve07378,2
Curve07379,2
Curve07380,2
Curve07381,2
Curve07382,2
Curve07383,2
Curve07384,2
Curve07385,2
Curve07386,2
Curve07387,2
Curve07388,2
Curve07389,2
Curve07390,2
Curve07391,2
Curve07392,2
Curve07393,2
Curve07394,2
Curve07395,2
Curve07396,2
Curve07397,2
Curve07398,2
Curve07399,2
Curve07400,2
Curve07401,2
Curve07402,2
Curve07403,2
Curve07404,2
Curve07405,2
Curve07406,2
Curve07407,2
Curve07408,2
Curve07409,2
Curve07410,2
Curve07411,2
Curve07412,2
Curve07413,2
Curve07414,2
Curve07415,2
Curve07416,2
Curve07417,2
Curve07418,2
Curve07419,2
Curve07420,2
Curve07421,2
Curve07422,2
Curve07423,2
Curve07424,2
Curve07425,2
Curve07426,2
Curve07427,2
Curve07428,2
Curve07429,1
Curve07430,1
Curve07431,1
Curve07432,1
Curve07433,1
Curve07434,1
Curve07435,1
Curve07436,1
Curve07437,1
Curve07438,1
Curve07439,1
Curve07440,1
Curve07441,1
Curve07442,1
Curve07443,1
Curve07444,1
Curve07445,1
Curve07446,1
Curve07447,1
Curve07448,1
Curve07449,1
Curve07450,1
Curve07451,1
Curve07452,1
Curve07453,1
Curve07454,1
Curve07455,1
Curve07456,1
Curve07457,1
Curve07458,1
Curve07459,1
Curve07460,1
Curve07461,1
Curve07462,1
Curve07463,1
Curve07464,1
Curve07465,1
Curve07466,1
Curve07467,1
Curve07468,1
Curve07469,1
Curve07470,1
Curve07471,1
Curve07472,1
Curve07473,1
Curve07474,1
Curve07475,1
Curve07476,1
Curve07477,1
Curve07478,1
Curve07479,1
Curve07480,1
Curve07481,1
Curve07482,1
Curve07483,1
Curve07484,1
Curve07485,1
Curve07486,1
Curve07487,1
Curve07488,1
Curve07489,1
Curve07490,1
Curve07491,1
Curve07492,1
Curve07493,1
Curve07494,1
Curve07495,1
Curve07496,1
Curve07497,1
Curve07498,1
Curve07499,1
Curve07500,1
Curve07501,1
Curve07502,1
Curve07503,1
Curve07504,1
Curve07505,1
Curve07506,1
Curve07507,1
Curve07508,1
Curve07509,1
Curve07510,1
Curve07511,1
Curve07512,1
Curve07513,1
Curve07514,1
Curve07515,1
Curve07516,1
Curve07517,1
Curve07518,1
Curve07519,1
Curve07520,1
Curve07521,1
Curve07522,1
Curve07523,1
Curve07524,1
Curve07525,1
Curve07526,1
Curve07527,1
Curve07528,1
Curve07529,1
Curve07530,1
Curve07531,1
Curve07532,1
Curve07533,1
Curve07534,1
Curve07535,1
Curve07536,1
Curve07537,1
Curve07538,1
Curve07539,1
Curve07540,1
Curve07541,1
Curve07542,1
Curve07543,1
Curve07544,1
Curve07545,1
Curve07546,1
Curve07547,1
Curve07548,1
Curve07549,1
Curve07550,1
Curve07551,1
Curve07552,1
Curve07553,1
Curve07554,1
Curve07555,1
Curve07556,1
Curve07557,1
Curve07558,1
Curve07559,1
Curve07560,1
Curve07561,1
Curve07562,1
Curve07563,1
Curve07564,1
Curve07565,1
Curve07566,1
Curve07567,1
Curve07568,1
Curve07569,1
Curve07570,1
Curve07571,1
Curve07572,1
Curve07573,1
Curve07574,1
Curve07575,1
Curve07576,1
Curve07577,1
Curve07578,1
Curve07579,1
Curve07580,1
Curve07581,1
Curve07582,1
Curve07583,1
Curve07584,1
Curve07585,1
Curve07586,1
Curve07587,1
Curve07588,1
Curve07589,1
Curve07590,1
Curve07591,1
Curve07592,1
Curve07593,1
Curve07594,1
Curve07595,1
Curve07596,1
Curve07597,1
Curve07598,1
Curve07599,1
Curve07600,1
Curve07601,1
Curve07602,1
Curve07603,1
Curve07604,1
Curve07605,1
Curve07606,1
Curve07607,1
Curve07608,1
Curve07609,1
Curve07610,1
Curve07611,1
Curve07612,1
Curve07613,1
Curve07614,1
Curve07615,1
Curve07616,1
Curve07617,1
Curve07618,1
Curve07619,1
Curve07620,1
Curve07621,1
Curve07622,1
Curve07623,1
Curve07624,1
Curve07625,1
Curve07626,1
Curve07627,1
Curve07628,1
Curve07629,1
Curve07630,1
Curve07631,1
Curve07632,1
Curve07633,1
Curve07634,1
Curve07635,1
Curve07636,1
Curve07637,1
Curve07638,1
Curve07639,1
Curve07640,1
Curve07641,1
Curve07642,1
Curve07643,1
Curve07644,1
Curve07645,1
Curve07646,1
Curve07647,1
Curve07648,1
Curve07649,1
Curve07650,1
Curve07651,1
Curve07652,1
Curve07653,1
Curve07654,1
Curve07655,1
Curve07656,1
Curve07657,1
Curve07658,1
Curve07659,1
Curve07660,1
Curve07661,1
Curve07662,1
Curve07663,1
Curve07664,1
Curve07665,1
Curve07666,1
Curve07667,1
Curve07668,1
Curve07669,1
Curve07670,1
Curve07671,1
Curve07672,1
Curve07673,1
Curve07674,1
Curve07675,1
Curve07676,1
Curve07677,1
Curve07678,1
Curve07679,1
Curve07680,1
Curve07681,1
Curve07682,1
Curve07683,1
Curve07684,1
Curve07685,1
Curve07686,1
Curve07687,1
Curve07688,1
Curve07689,1
Curve07690,1
Curve07691,1
Curve07692,1
Curve07693,1
Curve07694,1
Curve07695,1
Curve07696,1
Curve07697,1
Curve07698,1
Curve07699,1
Curve07700,1
Curve07701,1
Curve07702,1
Curve07703,1
Curve07704,1
Curve07705,1
Curve07706,1
Curve07707,1
Curve07708,1
Curve07709,1
Curve07710,1
Curve07711,1
Curve07712,1
Curve07713,1
Curve07714,1
Curve07715,1
Curve07716,1
Curve07717,1
Curve07718,1
Curve07719,1
Curve07720,1
Curve07721,1
Curve07722,1
Curve07723,1
Curve07724,1
Curve07725,1
Curve07726,1
Curve07727,1
Curve07728,1
Curve07729,1
Curve07730,1
Curve07731,1
Curve07732,1
Curve07733,1
Curve07734,1
Curve07735,1
Curve07736,1
Curve07737,1
Curve07738,1
Curve07739,1
Curve07740,1
Curve07741,1
Curve07742,1
Curve07743,1
Curve07744,1
Curve07745,1
Curve07746,1
Curve07747,1
Curve07748,1
Curve07749,1
Curve07750,1
Curve07751,1
Curve07752,1
Curve07753,1
Curve07754,1
Curve07755,1
Curve07756,1
Curve07757,1
Curve07758,1
Curve07759,1
Curve07760,1
Curve07761,1
Curve07762,1
Curve07763,1
Curve07764,1
Curve07765,1
Curve07766,1
Curve07767,1
Curve07768,1
Curve07769,1
Curve07770,1
Curve07771,1
Curve07772,1
Curve07773,1
Curve07774,1
Curve07775,1
Curve07776,1
Curve07777,1
Curve07778,1
Curve07779,1
Curve07780,1
Curve07781,1
Curve07782,1
Curve07783,1
Curve07784,1
Curve07785,1
Curve07786,1
Curve07787,1
Curve07788,1
Curve07789,1
Curve07790,1
Curve07791,1
Curve07792,1
Curve07793,1
Curve07794,1
Curve07795,1
Curve07796,1
Curve07797,1
Curve07798,1
Curve07799,1
Curve07800,1
Curve07801,1
Curve07802,1
Curve07803,1
Curve07804,1
Curve07805,1
Curve07806,1
Curve07807,1
Curve07808,1
Curve07809,1
Curve07810,1
Curve07811,1
Curve07812,1
Curve07813,1
Curve07814,1
Curve07815,1
Curve07816,1
Curve07817,1
Curve07818,1
Curve07819,1
Curve07820,1
Curve07821,1
Curve07822,1
Curve07823,1
Curve07824,1
Curve07825,1
Curve07826,1
Curve07827,1
Curve07828,1
Curve07829,1
Curve07830,1
Curve07831,1
Curve07832,1
Curve07833,1
Curve07834,1
Curve07835,1
Curve07836,1
Curve07837,1
Curve07838,1
Curve07839,1
Curve07840,1
Curve07841,1
Curve07842,1
Curve07843,1
Curve07844,1
Curve07845,1
Curve07846,1
Curve07847,1
Curve07848,1
Curve07849,1
Curve07850,1
Curve07851,1
Curve07852,1
Curve07853,1
Curve07854,1
Curve07855,1
Curve07856,1
Curve07857,1
Curve07858,1
Curve07859,1
Curve07860,1
Curve07861,1
Curve07862,1
Curve07863,1
Curve07864,1
Curve07865,1
Curve07866,1
Curve07867,1
Curve07868,1
Curve07869,1
Curve07870,1
Curve07871,1
Curve07872,1
Curve07873,1
Curve07874,1
Curve07875,1
Curve07876,1
Curve07877,1
Curve07878,1
Curve07879,1
Curve07880,1
Curve07881,1
Curve07882,1
Curve07883,1
Curve07884,1
Curve07885,1
Curve07886,1
Curve07887,1
Curve07888,1
Curve07889,1
Curve07890,1
Curve07891,1
Curve07892,1
Curve07893,1
Curve07894,1
Curve07895,1
Curve07896,1
Curve07897,1
Curve07898,1
Curve07899,1
Curve07900,1
Curve07901,1
Curve07902,1
Curve07903,1
Curve07904,1
Curve07905,1
Curve07906,1
Curve07907,1
Curve07908,1
Curve07909,1
Curve07910,1
Curve07911,1
Curve07912,1
Curve07913,1
Curve07914,1
Curve07915,1
Curve07916,1
Curve07917,1
Curve07918,1
Curve07919,1
Curve07920,1
Curve07921,1
Curve07922,1
Curve07923,1
Curve07924,1
Curve07925,1
Curve07926,1
Curve07927,1
Curve07928,1
Curve07929,1
Curve07930,1
Curve07931,1
Curve07932,1
Curve07933,1
Curve07934,1
Curve07935,1
Curve07936,1
Curve07937,1
Curve07938,1
Curve07939,1
Curve07940,1
Curve07941,1
Curve07942,1
Curve07943,1
Curve07944,1
Curve07945,1
Curve07946,1
Curve07947,1
Curve07948,1
Curve07949,1
Curve07950,1
Curve07951,1
Curve07952,1
Curve07953,1
Curve07954,1
Curve07955,1
Curve07956,1
Curve07957,1
Curve07958,1
Curve07959,1
Curve07960,1
Curve07961,1
Curve07962,1
Curve07963,1
Curve07964,1
Curve07965,1
Curve07966,1
Curve07967,1
Curve07968,1
Curve07969,1
Curve07970,1
Curve07971,1
Curve07972,1
Curve07973,1
Curve07974,1
Curve07975,1
Curve07976,1
Curve07977,1
Curve07978,1
Curve07979,1
Curve07980,1
Curve07981,1
Curve07982,1
Curve07983,1
Curve07984,1
Curve07985,1
Curve07986,1
Curve07987,1
Curve07988,1
Curve07989,1
Curve07990,1
Curve07991,1
Curve07992,1
Curve07993,1
Curve07994,1
Curve07995,1
Curve07996,1
Curve07997,1
Curve07998,1
Curve07999,1
Curve08000,1
Curve08001,1
Curve08002,1
Curve08003,1
Curve08004,1
Curve08005,1
Curve08006,1
Curve08007,1
Curve08008,1
Curve08009,1
Curve08010,1
Curve08011,1
Curve08012,1
Curve08013,1
Curve08014,1
Curve08015,1
Curve08016,1
Curve08017,1
Curve08018,1
Curve08019,1
Curve08020,1
Curve08021,1
Curve08022,1
Curve08023,1
Curve08024,1
Curve08025,1
Curve08026,1
Curve08027,1
Curve08028,1
Curve08029,1
Curve08030,1
Curve08031,1
Curve08032,1
Curve08033,1
Curve08034,1
Curve08035,1
Curve08036,1
Curve08037,1
Curve08038,1
Curve08039,1
Curve08040,1
Curve08041,1
Curve08042,1
Curve08043,1
Curve08044,1
Curve08045,1
Curve08046,1
Curve08047,1
Curve08048,1
Curve08049,1
Curve08050,1
Curve08051,1
Curve08052,1
Curve08053,1
Curve08054,1
Curve08055,1
Curve08056,1
Curve08057,1
Curve08058,1
Curve08059,1
Curve08060,1
Curve08061,1
Curve08062,1
Curve08063,1
Curve08064,1
Curve08065,1
Curve08066,1
Curve08067,1
Curve08068,1
Curve08069,1
Curve08070,1
Curve08071,1
Curve08072,1
Curve08073,1
Curve08074,1
Curve08075,1
Curve08076,1
Curve08077,1
Curve08078,1
Curve08079,1
Curve08080,1
Curve08081,1
Curve08082,1
Curve08083,1
Curve08084,1
Curve08085,1
Curve08086,1
Curve08087,1
Curve08088,1
Curve08089,1
Curve08090,1
Curve08091,1
Curve08092,1
Curve08093,1
Curve08094,1
Curve08095,1
Curve08096,1
Curve08097,1
Curve08098,1
Curve08099,1
Curve08100,1
Curve08101,1
Curve08102,1
Curve08103,1
Curve08104,1
Curve08105,1
Curve08106,1
Curve08107,1
Curve08108,1
Curve08109,1
Curve08110,1
Curve08111,1
Curve08112,1
Curve08113,1
Curve08114,1
Curve08115,1
Curve08116,1
Curve08117,1
Curve08118,1
Curve08119,1
Curve08120,1
Curve08121,1
Curve08122,1
Curve08123,1
Curve08124,1
Curve08125,1
Curve08126,1
Curve08127,1
Curve08128,1
Curve08129,1
Curve08130,1
Curve08131,1
Curve08132,1
Curve08133,1
Curve08134,1
Curve08135,1
Curve08136,1
Curve08137,1
Curve08138,1
Curve08139,1
Curve08140,1
Curve08141,1
Curve08142,1
Curve08143,1
Curve08144,1
Curve08145,1
Curve08146,1
Curve08147,1
Curve08148,1
Curve08149,1
Curve08150,1
Curve08151,1
Curve08152,1
Curve08153,1
Curve08154,1
Curve08155,1
Curve08156,1
Curve08157,1
Curve08158,1
Curve08159,1
Curve08160,1
Curve08161,1
Curve08162,1
Curve08163,1
Curve08164,1
Curve08165,1
Curve08166,1
Curve08167,1
Curve08168,1
Curve08169,1
Curve08170,1
Curve08171,1
Curve08172,1
Curve08173,1
Curve08174,1
Curve08175,1
Curve08176,1
Curve08177,1
Curve08178,1
Curve08179,1
Curve08180,1
Curve08181,1
Curve08182,1
Curve08183,1
Curve08184,1
Curve08185,1
Curve08186,1
Curve08187,1
Curve08188,1
Curve08189,1
Curve08190,1
Curve08191,1
Curve08192,1
Curve08193,1
Curve08194,1
Curve08195,1
Curve08196,1
Curve08197,1
Curve08198,1
Curve08199,1
Curve08200,1
Curve08201,1
Curve08202,1
Curve08203,1
Curve08204,1
Curve08205,1
Curve08206,1
Curve08207,1
Curve08208,1
Curve08209,1
Curve08210,1
Curve08211,1
Curve08212,1
Curve08213,1
Curve08214,1
Curve08215,1
Curve08216,1
Curve08217,1
Curve08218,1
Curve08219,1
Curve08220,1
Curve08221,1
Curve08222,1
Curve08223,1
Curve08224,1
Curve08225,1
Curve08226,1
Curve08227,1
Curve08228,1
Curve08229,1
Curve08230,1
Curve08231,1
Curve08232,1
Curve08233,1
Curve08234,1
Curve08235,1
Curve08236,1
Curve08237,1
Curve08238,1
Curve08239,1
Curve08240,1
Curve08241,1
Curve08242,1
Curve08243,1
Curve08244,1
Curve08245,1
Curve08246,1
Curve08247,1
Curve08248,1
Curve08249,1
Curve08250,1
Curve08251,1
Curve08252,1
Curve08253,1
Curve08254,1
Curve08255,1
Curve08256,1
Curve08257,1
Curve08258,1
Curve08259,1
Curve08260,1
Curve08261,1
Curve08262,1
Curve08263,1
Curve08264,1
Curve08265,1
Curve08266,1
Curve08267,1
Curve08268,1
Curve08269,2
Curve08270,2
Curve08271,2
Curve08272,2
Curve08273,2
Curve08274,2
Curve08275,2
Curve08276,2
Curve08277,2
Curve08278,2
Curve08279,2
Curve08280,2
Curve08281,2
Curve08282,2
Curve08283,2
Curve08284,2
Curve08285,2
Curve08286,2
Curve08287,2
Curve08288,2
Curve08289,2
Curve08290,2
Curve08291,2
Curve08292,2
Curve08293,2
Curve08294,2
Curve08295,2
Curve08296,2
Curve08297,2
Curve08298,2
Curve08299,2
Curve08300,2
Curve08301,2
Curve08302,2
Curve08303,2
Curve08304,2
Curve08305,2
Curve08306,2
Curve08307,2
Curve08308,2
Curve08309,2
Curve08310,2
Curve08311,2
Curve08312,2
Curve08313,2
Curve08314,2
Curve08315,2
Curve08316,2
Curve08317,2
Curve08318,2
Curve08319,2
Curve08320,2
Curve08321,2
Curve08322,2
Curve08323,2
Curve08324,2
Curve08325,2
Curve08326,2
Curve08327,2
Curve08328,2
Curve08329,2
Curve08330,2
Curve08331,2
Curve08332,2
Curve08333,2
Curve08334,2
Curve08335,2
Curve08336,2
Curve08337,2
Curve08338,2
Curve08339,2
Curve08340,2
Curve08341,2
Curve08342,2
Curve08343,2
Curve08344,2
Curve08345,2
Curve08346,2
Curve08347,2
Curve08348,2
Curve08349,2
Curve08350,2
Curve08351,2
Curve08352,2
Curve08353,2
Curve08354,2
Curve08355,2
Curve08356,2
Curve08357,2
Curve08358,2
Curve08359,2
Curve08360,2
Curve08361,2
Curve08362,2
Curve08363,2
Curve08364,2
Curve08365,2
Curve08366,2
Curve08367,2
Curve08368,2
Curve08369,2
Curve08370,2
Curve08371,2
Curve08372,2
Curve08373,2
Curve08374,2
Curve08375,2
Curve08376,2
Curve08377,2
Curve08378,2
Curve08379,2
Curve08380,2
Curve08381,2
Curve08382,2
Curve08383,2
Curve08384,2
Curve08385,2
Curve08386,2
Curve08387,2
Curve08388,2
Curve08389,1
Curve08390,1
Curve08391,1
Curve08392,1
Curve08393,1
Curve08394,1
Curve08395,1
Curve08396,1
Curve08397,1
Curve08398,1
Curve08399,1
Curve08400,1
Curve08401,1
Curve08402,1
Curve08403,1
Curve08404,1
Curve08405,1
Curve08406,1
Curve08407,1
Curve08408,1
Curve08409,1
Curve08410,1
Curve08411,1
Curve08412,1
Curve08413,1
Curve08414,1
Curve08415,1
Curve08416,1
Curve08417,1
Curve08418,1
Curve08419,1
Curve08420,1
Curve08421,1
Curve08422,1
Curve08423,1
Curve08424,1
Curve08425,1
Curve08426,1
Curve08427,1
Curve08428,1
Curve08429,1
Curve08430,1
Curve08431,1
Curve08432,1
Curve08433,1
Curve08434,1
Curve08435,1
Curve08436,1
Curve08437,1
Curve08438,1
Curve08439,1
Curve08440,1
Curve08441,1
Curve08442,1
Curve08443,1
Curve08444,1
Curve08445,1
Curve08446,1
Curve08447,1
Curve08448,1
Curve08449,1
Curve08450,1
Curve08451,1
Curve08452,1
Curve08453,1
Curve08454,1
Curve08455,1
Curve08456,1
Curve08457,1
Curve08458,1
Curve08459,1
Curve08460,1
Curve08461,1
Curve08462,1
Curve08463,1
Curve08464,1
Curve08465,1
Curve08466,1
Curve08467,1
Curve08468,1
Curve08469,1
Curve08470,1
Curve08471,1
Curve08472,1
Curve08473,1
Curve08474,1
Curve08475,1
Curve08476,1
Curve08477,1
Curve08478,1
Curve08479,1
Curve08480,1
Curve08481,1
Curve08482,1
Curve08483,1
Curve08484,1
Curve08485,1
Curve08486,1
Curve08487,1
Curve08488,1
Curve08489,1
Curve08490,1
Curve08491,1
Curve08492,1
Curve08493,1
Curve08494,1
Curve08495,1
Curve08496,1
Curve08497,1
Curve08498,1
Curve08499,1
Curve08500,1
Curve08501,1
Curve08502,1
Curve08503,1
Curve08504,1
Curve08505,1
Curve08506,1
Curve08507,1
Curve08508,1
Curve08509,1
Curve08510,1
Curve08511,1
Curve08512,1
Curve08513,1
Curve08514,1
Curve08515,1
Curve08516,1
Curve08517,1
Curve08518,1
Curve08519,1
Curve08520,1
Curve08521,1
Curve08522,1
Curve08523,1
Curve08524,1
Curve08525,1
Curve08526,1
Curve08527,1
Curve08528,1
Curve08529,1
Curve08530,1
Curve08531,1
Curve08532,1
Curve08533,1
Curve08534,1
Curve08535,1
Curve08536,1
Curve08537,1
Curve08538,1
Curve08539,1
Curve08540,1
Curve08541,1
Curve08542,1
Curve08543,1
Curve08544,1
Curve08545,1
Curve08546,1
Curve08547,1
Curve08548,1
Curve08549,1
Curve08550,1
Curve08551,1
Curve08552,1
Curve08553,1
Curve08554,1
Curve08555,1
Curve08556,1
Curve08557,1
Curve08558,1
Curve08559,1
Curve08560,1
Curve08561,1
Curve08562,1
Curve08563,1
Curve08564,1
Curve08565,1
Curve08566,1
Curve08567,1
Curve08568,1
Curve08569,1
Curve08570,1
Curve08571,1
Curve08572,1
Curve08573,1
Curve08574,1
Curve08575,1
Curve08576,1
Curve08577,1
Curve08578,1
Curve08579,1
Curve08580,1
Curve08581,1
Curve08582,1
Curve08583,1
Curve08584,1
Curve08585,1
Curve08586,1
Curve08587,1
Curve08588,1
Curve08589,1
Curve08590,1
Curve08591,1
Curve08592,1
Curve08593,1
Curve08594,1
Curve08595,1
Curve08596,1
Curve08597,1
Curve08598,1
Curve08599,1
Curve08600,1
Curve08601,1
Curve08602,1
Curve08603,1
Curve08604,1
Curve08605,1
Curve08606,1
Curve08607,1
Curve08608,1
Curve08609,1
Curve08610,1
Curve08611,1
Curve08612,1
Curve08613,1
Curve08614,1
Curve08615,1
Curve08616,1
Curve08617,1
Curve08618,1
Curve08619,1
Curve08620,1
Curve08621,1
Curve08622,1
Curve08623,1
Curve08624,1
Curve08625,1
Curve08626,1
Curve08627,1
Curve08628,1
Curve08629,1
Curve08630,1
Curve08631,1
Curve08632,1
Curve08633,1
Curve08634,1
Curve08635,1
Curve08636,1
Curve08637,1
Curve08638,1
Curve08639,1
Curve08640,1
Curve08641,1
Curve08642,1
Curve08643,1
Curve08644,1
Curve08645,1
Curve08646,1
Curve08647,1
Curve08648,1
Curve08649,1
Curve08650,1
Curve08651,1
Curve08652,1
Curve08653,1
Curve08654,1
Curve08655,1
Curve08656,1
Curve08657,1
Curve08658,1
Curve08659,1
Curve08660,1
Curve08661,1
Curve08662,1
Curve08663,1
Curve08664,1
Curve08665,1
Curve08666,1
Curve08667,1
Curve08668,1
Curve08669,1
Curve08670,1
Curve08671,1
Curve08672,1
Curve08673,1
Curve08674,1
Curve08675,1
Curve08676,1
Curve08677,1
Curve08678,1
Curve08679,1
Curve08680,1
Curve08681,1
Curve08682,1
Curve08683,1
Curve08684,1
Curve08685,1
Curve08686,1
Curve08687,1
Curve08688,1
Curve08689,1
Curve08690,1
Curve08691,1
Curve08692,1
Curve08693,1
Curve08694,1
Curve08695,1
Curve08696,1
Curve08697,1
Curve08698,1
Curve08699,1
Curve08700,1
Curve08701,1
Curve08702,1
Curve08703,1
Curve08704,1
Curve08705,1
Curve08706,1
Curve08707,1
Curve08708,1
Curve08709,1
Curve08710,1
Curve08711,1
Curve08712,1
Curve08713,1
Curve08714,1
Curve08715,1
Curve08716,1
Curve08717,1
Curve08718,1
Curve08719,1
Curve08720,1
Curve08721,1
Curve08722,1
Curve08723,1
Curve08724,1
Curve08725,1
Curve08726,1
Curve08727,1
Curve08728,1
Curve08729,1
Curve08730,1
Curve08731,1
Curve08732,1
Curve08733,1
Curve08734,1
Curve08735,1
Curve08736,1
Curve08737,1
Curve08738,1
Curve08739,1
Curve08740,1
Curve08741,1
Curve08742,1
Curve08743,1
Curve08744,1
Curve08745,1
Curve08746,1
Curve08747,1
Curve08748,1
Curve08749,1
Curve08750,1
Curve08751,1
Curve08752,1
Curve08753,1
Curve08754,1
Curve08755,1
Curve08756,1
Curve08757,1
Curve08758,1
Curve08759,1
Curve08760,1
Curve08761,1
Curve08762,1
Curve08763,1
Curve08764,1
Curve08765,1
Curve08766,1
Curve08767,1
Curve08768,1
Curve08769,1
Curve08770,1
Curve08771,1
Curve08772,1
Curve08773,1
Curve08774,1
Curve08775,1
Curve08776,1
Curve08777,1
Curve08778,1
Curve08779,1
Curve08780,1
Curve08781,1
Curve08782,1
Curve08783,1
Curve08784,1
Curve08785,1
Curve08786,1
Curve08787,1
Curve08788,1
Curve08789,1
Curve08790,1
Curve08791,1
Curve08792,1
Curve08793,1
Curve08794,1
Curve08795,1
Curve08796,1
Curve08797,1
Curve08798,1
Curve08799,1
Curve08800,1
Curve08801,1
Curve08802,1
Curve08803,1
Curve08804,1
Curve08805,1
Curve08806,1
Curve08807,1
Curve08808,1
Curve08809,1
Curve08810,1
Curve08811,1
Curve08812,1
Curve08813,1
Curve08814,1
Curve08815,1
Curve08816,1
Curve08817,1
Curve08818,1
Curve08819,1
Curve08820,1
Curve08821,1
Curve08822,1
Curve08823,1
Curve08824,1
Curve08825,1
Curve08826,1
Curve08827,1
Curve08828,1
Curve08829,1
Curve08830,1
Curve08831,1
Curve08832,1
Curve08833,1
Curve08834,1
Curve08835,1
Curve08836,1
Curve08837,1
Curve08838,1
Curve08839,1
Curve08840,1
Curve08841,1
Curve08842,1
Curve08843,1
Curve08844,1
Curve08845,1
Curve08846,1
Curve08847,1
Curve08848,1
Curve08849,1
Curve08850,1
Curve08851,1
Curve08852,1
Curve08853,1
Curve08854,1
Curve08855,1
Curve08856,1
Curve08857,1
Curve08858,1
Curve08859,1
Curve08860,1
Curve08861,1
Curve08862,1
Curve08863,1
Curve08864,1
Curve08865,1
Curve08866,1
Curve08867,1
Curve08868,1
Curve08869,2
Curve08870,2
Curve08871,2
Curve08872,2
Curve08873,2
Curve08874,2
Curve08875,2
Curve08876,2
Curve08877,2
Curve08878,2
Curve08879,2
Curve08880,2
Curve08881,1
Curve08882,1
Curve08883,1
Curve08884,1
Curve08885,1
Curve08886,1
Curve08887,1
Curve08888,1
Curve08889,1
Curve08890,1
Curve08891,1
Curve08892,1
Curve08893,1
Curve08894,1
Curve08895,1
Curve08896,1
Curve08897,1
Curve08898,1
Curve08899,1
Curve08900,1
Curve08901,1
Curve08902,1
Curve08903,1
Curve08904,1
Curve08905,1
Curve08906,1
Curve08907,1
Curve08908,1
Curve08909,1
Curve08910,1
Curve08911,1
Curve08912,1
Curve08913,1
Curve08914,1
Curve08915,1
Curve08916,1
Curve08917,2
Curve08918,2
Curve08919,2
Curve08920,2
Curve08921,2
Curve08922,2
Curve08923,2
Curve08924,2
Curve08925,2
Curve08926,2
Curve08927,1
Curve08928,2
Curve08929,1
Curve08930,1
Curve08931,1
Curve08932,1
Curve08933,1
Curve08934,1
Curve08935,1
Curve08936,1
Curve08937,1
Curve08938,1
Curve08939,1
Curve08940,1
Curve08941,1
Curve08942,1
Curve08943,1
Curve08944,1
Curve08945,1
Curve08946,1
Curve08947,1
Curve08948,1
Curve08949,1
Curve08950,1
Curve08951,1
Curve08952,1
Curve08953,1
Curve08954,1
Curve08955,1
Curve08956,1
Curve08957,1
Curve08958,1
Curve08959,1
Curve08960,1
Curve08961,1
Curve08962,1
Curve08963,1
Curve08964,1
Curve08965,1
Curve08966,1
Curve08967,1
Curve08968,1
Curve08969,1
Curve08970,1
Curve08971,1
Curve08972,1
Curve08973,1
Curve08974,1
Curve08975,1
Curve08976,1
Curve08977,1
Curve08978,1
Curve08979,1
Curve08980,1
Curve08981,1
Curve08982,1
Curve08983,1
Curve08984,1
Curve08985,1
Curve08986,1
Curve08987,1
Curve08988,1
Curve08989,1
Curve08990,1
Curve08991,1
Curve08992,1
Curve08993,1
Curve08994,1
Curve08995,1
Curve08996,1
Curve08997,1
Curve08998,1
Curve08999,1
Curve09000,1
Curve09001,1
Curve09002,1
Curve09003,1
Curve09004,1
Curve09005,1
Curve09006,1
Curve09007,1
Curve09008,1
Curve09009,1
Curve09010,1
Curve09011,1
Curve09012,1
Curve09013,1
Curve09014,1
Curve09015,1
Curve09016,1
Curve09017,1
Curve09018,1
Curve09019,1
Curve09020,1
Curve09021,1
Curve09022,1
Curve09023,1
Curve09024,1
Curve09025,1
Curve09026,1
Curve09027,1
Curve09028,1
Curve09029,1
Curve09030,1
Curve09031,1
Curve09032,1
Curve09033,1
Curve09034,1
Curve09035,1
Curve09036,1
Curve09037,1
Curve09038,1
Curve09039,1
Curve09040,1
Curve09041,1
Curve09042,1
Curve09043,1
Curve09044,1
Curve09045,1
Curve09046,1
Curve09047,1
Curve09048,1
Curve09049,2
Curve09050,2
Curve09051,2
Curve09052,2
Curve09053,2
Curve09054,2
Curve09055,2
Curve09056,2
Curve09057,2
Curve09058,2
Curve09059,2
Curve09060,2
Curve09061,2
Curve09062,2
Curve09063,2
Curve09064,2
Curve09065,2
Curve09066,2
Curve09067,2
Curve09068,2
Curve09069,2
Curve09070,2
Curve09071,2
Curve09072,2
Curve09073,1
Curve09074,1
Curve09075,1
Curve09076,1
Curve09077,1
Curve09078,1
Curve09079,1
Curve09080,1
Curve09081,1
Curve09082,1
Curve09083,1
Curve09084,1
Curve09085,1
Curve09086,1
Curve09087,1
Curve09088,1
Curve09089,1
Curve09090,1
Curve09091,1
Curve09092,1
Curve09093,1
Curve09094,1
Curve09095,1
Curve09096,1
Curve09097,1
Curve09098,1
Curve09099,1
Curve09100,1
Curve09101,1
Curve09102,1
Curve09103,1
Curve09104,1
Curve09105,1
Curve09106,1
Curve09107,1
Curve09108,1
Curve09109,1
Curve09110,1
Curve09111,1
Curve09112,1
Curve09113,1
Curve09114,1
Curve09115,1
Curve09116,1
Curve09117,1
Curve09118,1
Curve09119,1
Curve09120,1
Curve09121,1
Curve09122,2
Curve09123,1
Curve09124,2
Curve09125,1
Curve09126,1
Curve09127,1
Curve09128,2
Curve09129,1
Curve09130,2
Curve09131,1
Curve09132,2
Curve09133,1
Curve09134,1
Curve09135,1
Curve09136,1
Curve09137,1
Curve09138,1
Curve09139,1
Curve09140,1
Curve09141,1
Curve09142,1
Curve09143,1
Curve09144,1
Curve09145,1
Curve09146,1
Curve09147,1
Curve09148,1
Curve09149,1
Curve09150,1
Curve09151,1
Curve09152,1
Curve09153,1
Curve09154,1
Curve09155,1
Curve09156,1
Curve09157,3
Curve09158,3
Curve09159,3
Curve09160,3
Curve09161,3
Curve09162,3
Curve09163,3
Curve09164,1
Curve09165,3
Curve09166,3
Curve09167,3
Curve09168,3
Curve09169,1
Curve09170,1
Curve09171,1
Curve09172,1
Curve09173,1
Curve09174,1
Curve09175,1
Curve09176,1
Curve09177,1
Curve09178,1
Curve09179,1
Curve09180,1
Curve09181,1
Curve09182,1
Curve09183,1
Curve09184,1
Curve09185,1
Curve09186,1
Curve09187,1
Curve09188,1
Curve09189,1
Curve09190,1
Curve09191,1
Curve09192,1
Curve09193,1
Curve09194,1
Curve09195,1
Curve09196,1
Curve09197,1
Curve09198,1
Curve09199,1
Curve09200,1
Curve09201,1
Curve09202,1
Curve09203,1
Curve09204,1
Curve09205,1
Curve09206,1
Curve09207,1
Curve09208,1
Curve09209,1
Curve09210,1
Curve09211,1
Curve09212,1
Curve09213,1
Curve09214,1
Curve09215,1
Curve09216,1
Curve09217,1
Curve09218,1
Curve09219,1
Curve09220,1
Curve09221,1
Curve09222,1
Curve09223,1
Curve09224,1
Curve09225,1
Curve09226,1
Curve09227,1
Curve09228,1
Curve09229,1
Curve09230,1
Curve09231,1
Curve09232,1
Curve09233,1
Curve09234,1
Curve09235,1
Curve09236,1
Curve09237,1
Curve09238,1
Curve09239,1
Curve09240,1
Curve09241,1
Curve09242,1
Curve09243,1
Curve09244,1
Curve09245,1
Curve09246,1
Curve09247,1
Curve09248,1
Curve09249,1
Curve09250,1
Curve09251,1
Curve09252,1
Curve09253,1
Curve09254,1
Curve09255,1
Curve09256,1
Curve09257,1
Curve09258,1
Curve09259,1
Curve09260,1
Curve09261,1
Curve09262,1
Curve09263,1
Curve09264,1
Curve09265,1
Curve09266,1
Curve09267,1
Curve09268,1
Curve09269,1
Curve09270,1
Curve09271,1
Curve09272,1
Curve09273,1
Curve09274,1
Curve09275,1
Curve09276,1
Curve09277,1
Curve09278,1
Curve09279,1
Curve09280,1
Curve09281,1
Curve09282,1
Curve09283,1
Curve09284,1
Curve09285,1
Curve09286,1
Curve09287,1
Curve09288,1
Curve09289,1
Curve09290,1
Curve09291,1
Curve09292,1
Curve09293,1
Curve09294,1
Curve09295,1
Curve09296,1
Curve09297,1
Curve09298,1
Curve09299,1
Curve09300,1
Curve09301,1
Curve09302,1
Curve09303,1
Curve09304,1
Curve09305,1
Curve09306,1
Curve09307,1
Curve09308,1
Curve09309,1
Curve09310,1
Curve09311,1
Curve09312,1
Curve09313,1
Curve09314,1
Curve09315,1
Curve09316,1
Curve09317,1
Curve09318,1
Curve09319,1
Curve09320,1
Curve09321,1
Curve09322,1
Curve09323,1
Curve09324,1
Curve09325,1
Curve09326,1
Curve09327,1
Curve09328,1
Curve09329,1
Curve09330,1
Curve09331,1
Curve09332,1
Curve09333,1
Curve09334,1
Curve09335,1
Curve09336,1
Curve09337,1
Curve09338,1
Curve09339,1
Curve09340,1
Curve09341,1
Curve09342,1
Curve09343,1
Curve09344,1
Curve09345,1
Curve09346,1
Curve09347,1
Curve09348,1
Curve09349,1
Curve09350,1
Curve09351,3
Curve09352,1
Curve09353,1
Curve09354,1
Curve09355,1
Curve09356,1
Curve09357,1
Curve09358,1
Curve09359,1
Curve09360,1
Curve09361,1
Curve09362,1
Curve09363,1
Curve09364,1
Curve09365,1
Curve09366,1
Curve09367,1
Curve09368,1
Curve09369,1
Curve09370,1
Curve09371,1
Curve09372,1
Curve09373,1
Curve09374,1
Curve09375,1
Curve09376,1
Curve09377,1
Curve09378,1
Curve09379,1
Curve09380,1
Curve09381,1
Curve09382,1
Curve09383,1
Curve09384,1
Curve09385,1
Curve09386,1
Curve09387,1
Curve09388,1
Curve09389,1
Curve09390,1
Curve09391,1
Curve09392,1
Curve09393,1
Curve09394,1
Curve09395,1
Curve09396,1
Curve09397,1
Curve09398,1
Curve09399,1
Curve09400,1
Curve09401,1
Curve09402,1
Curve09403,1
Curve09404,1
Curve09405,1
Curve09406,1
Curve09407,1
Curve09408,1
Curve09409,1
Curve09410,1
Curve09411,1
Curve09412,1
Curve09413,1
Curve09414,1
Curve09415,1
Curve09416,1
Curve09417,1
Curve09418,1
Curve09419,1
Curve09420,1
Curve09421,1
Curve09422,1
Curve09423,1
Curve09424,1
Curve09425,1
Curve09426,1
Curve09427,1
Curve09428,1
Curve09429,1
Curve09430,1
Curve09431,1
Curve09432,1
Curve09433,1
Curve09434,1
Curve09435,1
Curve09436,1
Curve09437,1
Curve09438,1
Curve09439,1
Curve09440,1
Curve09441,1
Curve09442,1
Curve09443,1
Curve09444,1
Curve09445,1
Curve09446,1
Curve09447,1
Curve09448,1
Curve09449,1
Curve09450,1
Curve09451,1
Curve09452,1
Curve09453,1
Curve09454,1
Curve09455,1
Curve09456,1
Curve09457,3
Curve09458,3
Curve09459,3
Curve09460,3
Curve09461,3
Curve09462,3
Curve09463,3
Curve09464,3
Curve09465,3
Curve09466,3
Curve09467,3
Curve09468,3
Curve09469,1
Curve09470,1
Curve09471,1
Curve09472,1
Curve09473,1
Curve09474,1
Curve09475,1
Curve09476,1
Curve09477,1
Curve09478,1
Curve09479,1
Curve09480,1
Curve09481,1
Curve09482,1
Curve09483,1
Curve09484,1
Curve09485,1
Curve09486,1
Curve09487,1
Curve09488,1
Curve09489,1
Curve09490,1
Curve09491,1
Curve09492,1
Curve09493,1
Curve09494,1
Curve09495,1
Curve09496,1
Curve09497,1
Curve09498,1
Curve09499,1
Curve09500,1
Curve09501,1
Curve09502,1
Curve09503,1
Curve09504,1
Curve09505,1
Curve09506,1
Curve09507,1
Curve09508,1
Curve09509,1
Curve09510,1
Curve09511,1
Curve09512,1
Curve09513,1
Curve09514,1
Curve09515,1
Curve09516,1
Curve09517,1
Curve09518,1
Curve09519,1
Curve09520,1
Curve09521,1
Curve09522,1
Curve09523,1
Curve09524,1
Curve09525,1
Curve09526,1
Curve09527,1
Curve09528,1
Curve09529,1
Curve09530,1
Curve09531,1
Curve09532,1
Curve09533,1
Curve09534,1
Curve09535,1
Curve09536,1
Curve09537,1
Curve09538,1
Curve09539,1
Curve09540,1
Curve09541,1
Curve09542,1
Curve09543,1
Curve09544,1
Curve09545,1
Curve09546,1
Curve09547,1
Curve09548,1
Curve09549,1
Curve09550,1
Curve09551,1
Curve09552,1
Curve09553,1
Curve09554,1
Curve09555,1
Curve09556,1
Curve09557,1
Curve09558,1
Curve09559,1
Curve09560,1
Curve09561,1
Curve09562,1
Curve09563,1
Curve09564,1
Curve09565,1
Curve09566,1
Curve09567,1
Curve09568,1
Curve09569,1
Curve09570,1
Curve09571,1
Curve09572,1
Curve09573,1
Curve09574,1
Curve09575,1
Curve09576,1
Curve09577,1
Curve09578,1
Curve09579,1
Curve09580,1
Curve09581,1
Curve09582,1
Curve09583,1
Curve09584,1
Curve09585,1
Curve09586,1
Curve09587,1
Curve09588,1
Curve09589,1
Curve09590,1
Curve09591,1
Curve09592,1
Curve09593,1
Curve09594,1
Curve09595,1
Curve09596,1
Curve09597,1
Curve09598,1
Curve09599,1
Curve09600,1
Curve09601,1
Curve09602,1
Curve09603,1
Curve09604,1
Curve09605,1
Curve09606,1
Curve09607,1
Curve09608,1
Curve09609,1
Curve09610,1
Curve09611,1
Curve09612,1
Curve09613,1
Curve09614,1
Curve09615,1
Curve09616,1
Curve09617,2
Curve09618,1
Curve09619,1
Curve09620,1
Curve09621,1
Curve09622,1
Curve09623,1
Curve09624,2
Curve09625,1
Curve09626,1
Curve09627,1
Curve09628,1
Curve09629,1
Curve09630,1
Curve09631,1
Curve09632,1
Curve09633,1
Curve09634,1
Curve09635,1
Curve09636,1
Curve09637,1
Curve09638,1
Curve09639,1
Curve09640,1
Curve09641,1
Curve09642,1
Curve09643,1
Curve09644,1
Curve09645,1
Curve09646,1
Curve09647,1
Curve09648,1
Curve09649,1
Curve09650,1
Curve09651,1
Curve09652,1
Curve09653,1
Curve09654,1
Curve09655,1
Curve09656,1
Curve09657,1
Curve09658,1
Curve09659,1
Curve09660,1
Curve09661,1
Curve09662,1
Curve09663,2
Curve09664,2
Curve09665,2
Curve09666,2
Curve09667,1
Curve09668,2
Curve09669,2
Curve09670,2
Curve09671,2
Curve09672,2
Curve09673,1
Curve09674,1
Curve09675,1
Curve09676,1
Curve09677,1
Curve09678,1
Curve09679,1
Curve09680,1
Curve09681,1
Curve09682,1
Curve09683,1
Curve09684,1
Curve09685,1
Curve09686,1
Curve09687,1
Curve09688,1
Curve09689,1
Curve09690,1
Curve09691,1
Curve09692,1
Curve09693,1
Curve09694,1
Curve09695,1
Curve09696,1
Curve09697,1
Curve09698,1
Curve09699,1
Curve09700,1
Curve09701,1
Curve09702,1
Curve09703,1
Curve09704,1
Curve09705,1
Curve09706,1
Curve09707,1
Curve09708,1
Curve09709,1
Curve09710,1
Curve09711,1
Curve09712,1
Curve09713,1
Curve09714,1
Curve09715,1
Curve09716,1
Curve09717,1
Curve09718,1
Curve09719,1
Curve09720,1
Curve09721,1
Curve09722,1
Curve09723,1
Curve09724,1
Curve09725,1
Curve09726,1
Curve09727,1
Curve09728,1
Curve09729,1
Curve09730,1
Curve09731,1
Curve09732,1
Curve09733,1
Curve09734,1
Curve09735,1
Curve09736,1
Curve09737,1
Curve09738,1
Curve09739,1
Curve09740,1
Curve09741,1
Curve09742,1
Curve09743,1
Curve09744,1
Curve09745,1
Curve09746,1
Curve09747,1
Curve09748,1
Curve09749,1
Curve09750,1
Curve09751,1
Curve09752,1
Curve09753,1
Curve09754,1
Curve09755,1
Curve09756,1
Curve09757,1
Curve09758,1
Curve09759,1
Curve09760,1
Curve09761,1
Curve09762,1
Curve09763,1
Curve09764,1
Curve09765,1
Curve09766,1
Curve09767,1
Curve09768,1
Curve09769,1
Curve09770,1
Curve09771,1
Curve09772,1
Curve09773,1
Curve09774,1
Curve09775,2
Curve09776,2
Curve09777,1
Curve09778,1
Curve09779,1
Curve09780,2
Curve09781,1
Curve09782,1
Curve09783,1
Curve09784,1
Curve09785,1
Curve09786,1
Curve09787,1
Curve09788,1
Curve09789,1
Curve09790,1
Curve09791,1
Curve09792,1
Curve09793,3
Curve09794,3
Curve09795,3
Curve09796,3
Curve09797,3
Curve09798,3
Curve09799,3
Curve09800,3
Curve09801,3
Curve09802,3
Curve09803,3
Curve09804,3
Curve09805,3
Curve09806,3
Curve09807,3
Curve09808,3
Curve09809,3
Curve09810,3
Curve09811,3
Curve09812,3
Curve09813,3
Curve09814,3
Curve09815,3
Curve09816,3
Curve09817,3
Curve09818,3
Curve09819,3
Curve09820,3
Curve09821,3
Curve09822,3
Curve09823,3
Curve09824,3
Curve09825,3
Curve09826,3
Curve09827,3
Curve09828,3
Curve09829,2
Curve09830,2
Curve09831,2
Curve09832,2
Curve09833,2
Curve09834,2
Curve09835,2
Curve09836,2
Curve09837,2
Curve09838,2
Curve09839,2
Curve09840,2
Curve09841,2
Curve09842,2
Curve09843,2
Curve09844,2
Curve09845,2
Curve09846,1
Curve09847,2
Curve09848,2
Curve09849,2
Curve09850,2
Curve09851,2
Curve09852,2
Curve09853,2
Curve09854,2
Curve09855,2
Curve09856,2
Curve09857,2
Curve09858,2
Curve09859,2
Curve09860,2
Curve09861,1
Curve09862,2
Curve09863,2
Curve09864,2
Curve09865,2
Curve09866,2
Curve09867,2
Curve09868,2
Curve09869,2
Curve09870,2
Curve09871,2
Curve09872,2
Curve09873,2
Curve09874,2
Curve09875,2
Curve09876,2
Curve09877,1
Curve09878,1
Curve09879,1
Curve09880,1
Curve09881,1
Curve09882,1
Curve09883,1
Curve09884,1
Curve09885,1
Curve09886,1
Curve09887,1
Curve09888,1
Curve09889,1
Curve09890,1
Curve09891,1
Curve09892,1
Curve09893,1
Curve09894,1
Curve09895,1
Curve09896,1
Curve09897,1
Curve09898,1
Curve09899,1
Curve09900,1
Curve09901,1
Curve09902,1
Curve09903,1
Curve09904,1
Curve09905,1
Curve09906,1
Curve09907,1
Curve09908,1
Curve09909,1
Curve09910,1
Curve09911,1
Curve09912,1
Curve09913,1
Curve09914,1
Curve09915,1
Curve09916,1
Curve09917,1
Curve09918,1
Curve09919,1
Curve09920,1
Curve09921,1
Curve09922,1
Curve09923,1
Curve09924,1
Curve09925,1
Curve09926,1
Curve09927,1
Curve09928,1
Curve09929,1
Curve09930,1
Curve09931,1
Curve09932,1
Curve09933,1
Curve09934,1
Curve09935,1
Curve09936,1
Curve09937,1
Curve09938,1
Curve09939,1
Curve09940,1
Curve09941,1
Curve09942,1
Curve09943,1
Curve09944,1
Curve09945,1
Curve09946,1
Curve09947,1
Curve09948,1
Curve09949,1
Curve09950,1
Curve09951,1
Curve09952,1
Curve09953,1
Curve09954,1
Curve09955,1
Curve09956,1
Curve09957,1
Curve09958,1
Curve09959,1
Curve09960,1
Curve09961,1
Curve09962,1
Curve09963,1
Curve09964,1
Curve09965,1
Curve09966,1
Curve09967,1
Curve09968,1
Curve09969,1
Curve09970,1
Curve09971,1
Curve09972,1
Curve09973,1
Curve09974,1
Curve09975,1
Curve09976,1
Curve09977,1
Curve09978,1
Curve09979,1
Curve09980,1
Curve09981,1
Curve09982,1
Curve09983,1
Curve09984,1
Curve09985,1
Curve09986,1
Curve09987,1
Curve09988,1
Curve09989,1
Curve09990,1
Curve09991,1
Curve09992,1
Curve09993,1
Curve09994,1
Curve09995,1
Curve09996,1
Curve09997,1
Curve09998,1
Curve09999,1
Curve10000,1
Curve10001,1
Curve10002,1
Curve10003,1
Curve10004,1
Curve10005,1
Curve10006,1
Curve10007,1
Curve10008,1
Curve10009,1
Curve10010,1
Curve10011,1
Curve10012,1
Curve10013,1
Curve10014,1
Curve10015,1
Curve10016,1
Curve10017,1
Curve10018,1
Curve10019,1
Curve10020,1
Curve10021,1
Curve10022,1
Curve10023,1
Curve10024,1
Curve10025,1
Curve10026,1
Curve10027,1
Curve10028,1
Curve10029,1
Curve10030,1
Curve10031,1
Curve10032,1
Curve10033,1
Curve10034,1
Curve10035,1
Curve10036,1
Curve10037,1
Curve10038,1
Curve10039,1
Curve10040,1
Curve10041,1
Curve10042,1
Curve10043,1
Curve10044,1
Curve10045,1
Curve10046,1
Curve10047,1
Curve10048,1
Curve10049,1
Curve10050,1
Curve10051,1
Curve10052,1
Curve10053,1
Curve10054,1
Curve10055,1
Curve10056,1
Curve10057,1
Curve10058,1
Curve10059,1
Curve10060,1
Curve10061,1
Curve10062,1
Curve10063,1
Curve10064,1
Curve10065,1
Curve10066,1
Curve10067,1
Curve10068,1
Curve10069,1
Curve10070,1
Curve10071,1
Curve10072,1
Curve10073,1
Curve10074,1
Curve10075,1
Curve10076,1
Curve10077,1
Curve10078,1
Curve10079,1
Curve10080,1
Curve10081,1
Curve10082,1
Curve10083,1
Curve10084,1
Curve10085,1
Curve10086,1
Curve10087,1
Curve10088,1
Curve10089,1
Curve10090,1
Curve10091,1
Curve10092,1
Curve10093,1
Curve10094,1
Curve10095,1
Curve10096,1
Curve10097,1
Curve10098,1
Curve10099,1
Curve10100,1
Curve10101,1
Curve10102,1
Curve10103,1
Curve10104,1
Curve10105,1
Curve10106,1
Curve10107,1
Curve10108,1
Curve10109,1
Curve10110,1
Curve10111,1
Curve10112,1
Curve10113,1
Curve10114,1
Curve10115,1
Curve10116,1
Curve10117,1
Curve10118,1
Curve10119,1
Curve10120,1
Curve10121,1
Curve10122,1
Curve10123,1
Curve10124,1
Curve10125,1
Curve10126,1
Curve10127,1
Curve10128,1
Curve10129,3
Curve10130,3
Curve10131,3
Curve10132,3
Curve10133,3
Curve10134,3
Curve10135,3
Curve10136,3
Curve10137,3
Curve10138,3
Curve10139,3
Curve10140,3
Curve10141,3
Curve10142,3
Curve10143,3
Curve10144,3
Curve10145,3
Curve10146,3
Curve10147,3
Curve10148,3
Curve10149,3
Curve10150,3
Curve10151,3
Curve10152,3
Curve10153,3
Curve10154,3
Curve10155,3
Curve10156,3
Curve10157,3
Curve10158,3
Curve10159,3
Curve10160,3
Curve10161,3
Curve10162,3
Curve10163,3
Curve10164,3
Curve10165,1
Curve10166,1
Curve10167,1
Curve10168,1
Curve10169,1
Curve10170,1
Curve10171,1
Curve10172,1
Curve10173,1
Curve10174,1
Curve10175,1
Curve10176,1
Curve10177,1
Curve10178,1
Curve10179,1
Curve10180,1
Curve10181,1
Curve10182,1
Curve10183,1
Curve10184,1
Curve10185,1
Curve10186,1
Curve10187,1
Curve10188,1
Curve10189,1
Curve10190,1
Curve10191,1
Curve10192,1
Curve10193,1
Curve10194,1
Curve10195,1
Curve10196,1
Curve10197,1
Curve10198,1
Curve10199,1
Curve10200,1
Curve10201,1
Curve10202,1
Curve10203,1
Curve10204,1
Curve10205,1
Curve10206,1
Curve10207,1
Curve10208,1
Curve10209,1
Curve10210,1
Curve10211,1
Curve10212,1
Curve10213,1
Curve10214,1
Curve10215,1
Curve10216,1
Curve10217,1
Curve10218,1
Curve10219,1
Curve10220,1
Curve10221,1
Curve10222,1
Curve10223,1
Curve10224,1
Curve10225,1
Curve10226,1
Curve10227,1
Curve10228,1
Curve10229,1
Curve10230,1
Curve10231,1
Curve10232,1
Curve10233,1
Curve10234,1
Curve10235,1
Curve10236,1
Curve10237,3
Curve10238,3
Curve10239,3
Curve10240,3
Curve10241,3
Curve10242,3
Curve10243,3
Curve10244,3
Curve10245,1
Curve10246,1
Curve10247,1
Curve10248,1
Curve10249,1
Curve10250,1
Curve10251,1
Curve10252,1
Curve10253,1
Curve10254,1
Curve10255,1
Curve10256,1
Curve10257,1
Curve10258,1
Curve10259,1
Curve10260,1
Curve10261,1
Curve10262,1
Curve10263,1
Curve10264,1
Curve10265,1
Curve10266,1
Curve10267,1
Curve10268,1
Curve10269,1
Curve10270,1
Curve10271,1
Curve10272,1
Curve10273,1
Curve10274,1
Curve10275,1
Curve10276,1
Curve10277,1
Curve10278,1
Curve10279,1
Curve10280,1
Curve10281,1
Curve10282,1
Curve10283,1
Curve10284,1
Curve10285,1
Curve10286,1
Curve10287,1
Curve10288,1
Curve10289,1
Curve10290,1
Curve10291,1
Curve10292,1
Curve10293,1
Curve10294,1
Curve10295,1
Curve10296,1
Curve10297,1
Curve10298,1
Curve10299,1
Curve10300,1
Curve10301,1
Curve10302,1
Curve10303,1
Curve10304,1
Curve10305,1
Curve10306,1
Curve10307,1
Curve10308,1
Curve10309,1
Curve10310,1
Curve10311,1
Curve10312,1
Curve10313,1
Curve10314,1
Curve10315,1
Curve10316,1
Curve10317,1
Curve10318,1
Curve10319,1
Curve10320,1
Curve10321,1
Curve10322,1
Curve10323,1
Curve10324,1
Curve10325,1
Curve10326,1
Curve10327,1
Curve10328,1
Curve10329,1
Curve10330,1
Curve10331,1
Curve10332,1
Curve10333,1
Curve10334,1
Curve10335,1
Curve10336,1
Curve10337,1
Curve10338,1
Curve10339,1
Curve10340,1
Curve10341,1
Curve10342,1
Curve10343,1
Curve10344,1
Curve10345,1
Curve10346,1
Curve10347,1
Curve10348,1
Curve10349,1
Curve10350,1
Curve10351,1
Curve10352,1
Curve10353,1
Curve10354,1
Curve10355,1
Curve10356,1
Curve10357,1
Curve10358,1
Curve10359,1
Curve10360,1
Curve10361,1
Curve10362,1
Curve10363,1
Curve10364,1
Curve10365,1
Curve10366,1
Curve10367,1
Curve10368,1
Curve10369,1
Curve10370,1
Curve10371,1
Curve10372,1
Curve10373,1
Curve10374,1
Curve10375,1
Curve10376,1
Curve10377,1
Curve10378,1
Curve10379,1
Curve10380,1
Curve10381,1
Curve10382,1
Curve10383,1
Curve10384,1
Curve10385,1
Curve10386,1
Curve10387,1
Curve10388,1
Curve10389,1
Curve10390,1
Curve10391,1
Curve10392,1
Curve10393,1
Curve10394,1
Curve10395,1
Curve10396,1
Curve10397,1
Curve10398,1
Curve10399,1
Curve10400,1
Curve10401,1
Curve10402,1
Curve10403,1
Curve10404,1
Curve10405,4
Curve10406,4
Curve10407,4
Curve10408,4
Curve10409,4
Curve10410,4
Curve10411,4
Curve10412,4
Curve10413,4
Curve10414,4
Curve10415,4
Curve10416,4
Curve10417,4
Curve10418,4
Curve10419,4
Curve10420,4
Curve10421,4
Curve10422,4
Curve10423,4
Curve10424,4
Curve10425,4
Curve10426,4
Curve10427,4
Curve10428,4
Curve10429,1
Curve10430,1
Curve10431,1
Curve10432,1
Curve10433,1
Curve10434,1
Curve10435,1
Curve10436,1
Curve10437,1
Curve10438,1
Curve10439,1
Curve10440,1
Curve10441,1
Curve10442,1
Curve10443,1
Curve10444,1
Curve10445,1
Curve10446,1
Curve10447,1
Curve10448,1
Curve10449,1
Curve10450,1
Curve10451,1
Curve10452,1
Curve10453,1
Curve10454,1
Curve10455,1
Curve10456,1
Curve10457,1
Curve10458,1
Curve10459,1
Curve10460,1
Curve10461,1
Curve10462,1
Curve10463,1
Curve10464,1
Curve10465,1
Curve10466,1
Curve10467,1
Curve10468,1
Curve10469,1
Curve10470,1
Curve10471,1
Curve10472,1
Curve10473,1
Curve10474,1
Curve10475,1
Curve10476,1
Curve10477,1
Curve10478,1
Curve10479,1
Curve10480,1
Curve10481,1
Curve10482,1
Curve10483,1
Curve10484,1
Curve10485,1
Curve10486,1
Curve10487,1
Curve10488,1
Curve10489,1
Curve10490,1
Curve10491,1
Curve10492,1
Curve10493,1
Curve10494,1
Curve10495,1
Curve10496,1
Curve10497,1
Curve10498,1
Curve10499,1
Curve10500,1
Curve10501,1
Curve10502,1
Curve10503,1
Curve10504,1
Curve10505,1
Curve10506,1
Curve10507,1
Curve10508,1
Curve10509,1
Curve10510,1
Curve10511,1
Curve10512,1
Curve10513,1
Curve10514,1
Curve10515,1
Curve10516,1
Curve10517,1
Curve10518,1
Curve10519,1
Curve10520,1
Curve10521,1
Curve10522,1
Curve10523,1
Curve10524,1
Curve10525,1
Curve10526,1
Curve10527,1
Curve10528,1
Curve10529,1
Curve10530,1
Curve10531,1
Curve10532,1
Curve10533,1
Curve10534,1
Curve10535,1
Curve10536,1
Curve10537,1
Curve10538,1
Curve10539,1
Curve10540,1
Curve10541,1
Curve10542,1
Curve10543,1
Curve10544,1
Curve10545,1
Curve10546,1
Curve10547,1
Curve10548,1
Curve10549,1
Curve10550,1
Curve10551,1
Curve10552,1
Curve10553,1
Curve10554,1
Curve10555,1
Curve10556,1
Curve10557,1
Curve10558,1
Curve10559,1
Curve10560,1
Curve10561,1
Curve10562,1
Curve10563,1
Curve10564,1
Curve10565,1
Curve10566,1
Curve10567,1
Curve10568,1
Curve10569,1
Curve10570,1
Curve10571,1
Curve10572,1
Curve10573,1
Curve10574,1
Curve10575,1
Curve10576,1
Curve10577,1
Curve10578,1
Curve10579,1
Curve10580,1
Curve10581,1
Curve10582,1
Curve10583,1
Curve10584,1
Curve10585,1
Curve10586,1
Curve10587,1
Curve10588,1
Curve10589,1
Curve10590,1
Curve10591,1
Curve10592,1
Curve10593,1
Curve10594,1
Curve10595,1
Curve10596,1
Curve10597,3
Curve10598,1
Curve10599,2
Curve10600,2
Curve10601,2
Curve10602,2
Curve10603,1
Curve10604,2
Curve10605,1
Curve10606,1
Curve10607,1
Curve10608,1
Curve10609,1
Curve10610,1
Curve10611,1
Curve10612,1
Curve10613,1
Curve10614,1
Curve10615,1
Curve10616,1
Curve10617,1
Curve10618,1
Curve10619,1
Curve10620,1
Curve10621,1
Curve10622,1
Curve10623,1
Curve10624,1
Curve10625,1
Curve10626,1
Curve10627,1
Curve10628,1
Curve10629,1
Curve10630,1
Curve10631,1
Curve10632,1
Curve10633,1
Curve10634,1
Curve10635,1
Curve10636,1
Curve10637,1
Curve10638,1
Curve10639,1
Curve10640,1
Curve10641,1
Curve10642,1
Curve10643,1
Curve10644,1
Curve10645,2
Curve10646,2
Curve10647,2
Curve10648,2
Curve10649,2
Curve10650,2
Curve10651,2
Curve10652,2
Curve10653,2
Curve10654,2
Curve10655,2
Curve10656,2
Curve10657,1
Curve10658,2
Curve10659,1
Curve10660,1
Curve10661,2
Curve10662,2
Curve10663,2
Curve10664,2
Curve10665,2
Curve10666,2
Curve10667,2
Curve10668,2
Curve10669,1
Curve10670,1
Curve10671,1
Curve10672,1
Curve10673,1
Curve10674,1
Curve10675,1
Curve10676,1
Curve10677,1
Curve10678,1
Curve10679,1
Curve10680,1
Curve10681,1
Curve10682,1
Curve10683,1
Curve10684,1
Curve10685,1
Curve10686,1
Curve10687,1
Curve10688,1
Curve10689,1
Curve10690,1
Curve10691,1
Curve10692,1
Curve10693,1
Curve10694,1
Curve10695,1
Curve10696,1
Curve10697,1
Curve10698,1
Curve10699,1
Curve10700,1
Curve10701,1
Curve10702,1
Curve10703,1
Curve10704,1
Curve10705,1
Curve10706,1
Curve10707,1
Curve10708,1
Curve10709,1
Curve10710,1
Curve10711,1
Curve10712,1
Curve10713,1
Curve10714,1
Curve10715,1
Curve10716,1
Curve10717,1
Curve10718,1
Curve10719,1
Curve10720,1
Curve10721,1
Curve10722,1
Curve10723,1
Curve10724,1
Curve10725,1
Curve10726,1
Curve10727,1
Curve10728,1
Curve10729,1
Curve10730,1
Curve10731,1
Curve10732,1
Curve10733,1
Curve10734,1
Curve10735,1
Curve10736,1
Curve10737,1
Curve10738,1
Curve10739,1
Curve10740,1
Curve10741,1
Curve10742,1
Curve10743,1
Curve10744,1
Curve10745,1
Curve10746,1
Curve10747,1
Curve10748,1
Curve10749,1
Curve10750,1
Curve10751,1
Curve10752,1
Curve10753,1
Curve10754,1
Curve10755,1
Curve10756,1
Curve10757,1
Curve10758,1
Curve10759,1
Curve10760,1
Curve10761,1
Curve10762,1
Curve10763,1
Curve10764,1
Curve10765,1
Curve10766,1
Curve10767,1
Curve10768,1
Curve10769,1
Curve10770,1
Curve10771,1
Curve10772,1
Curve10773,1
Curve10774,1
Curve10775,1
Curve10776,1
Curve10777,1
Curve10778,1
Curve10779,1
Curve10780,1
Curve10781,1
Curve10782,1
Curve10783,1
Curve10784,1
Curve10785,1
Curve10786,1
Curve10787,1
Curve10788,1
Curve10789,2
Curve10790,2
Curve10791,2
Curve10792,1
Curve10793,2
Curve10794,2
Curve10795,2
Curve10796,2
Curve10797,2
Curve10798,1
Curve10799,2
Curve10800,2
Curve10801,2
Curve10802,1
Curve10803,2
Curve10804,2
Curve10805,2
Curve10806,2
Curve10807,2
Curve10808,2
Curve10809,2
Curve10810,2
Curve10811,2
Curve10812,2
Curve10813,2
Curve10814,2
Curve10815,2
Curve10816,2
Curve10817,2
Curve10818,2
Curve10819,2
Curve10820,2
Curve10821,2
Curve10822,2
Curve10823,2
Curve10824,2
Curve10825,2
Curve10826,2
Curve10827,2
Curve10828,2
Curve10829,2
Curve10830,2
Curve10831,2
Curve10832,2
Curve10833,2
Curve10834,2
Curve10835,2
Curve10836,2
Curve10837,1
Curve10838,1
Curve10839,1
Curve10840,1
Curve10841,1
Curve10842,1
Curve10843,1
Curve10844,1
Curve10845,1
Curve10846,1
Curve10847,1
Curve10848,1
Curve10849,1
Curve10850,1
Curve10851,1
Curve10852,1
Curve10853,1
Curve10854,1
Curve10855,1
Curve10856,1
Curve10857,1
Curve10858,1
Curve10859,1
Curve10860,1
Curve10861,1
Curve10862,1
Curve10863,1
Curve10864,1
Curve10865,1
Curve10866,1
Curve10867,1
Curve10868,1
Curve10869,1
Curve10870,1
Curve10871,1
Curve10872,1
Curve10873,1
Curve10874,1
Curve10875,1
Curve10876,1
Curve10877,1
Curve10878,1
Curve10879,1
Curve10880,1
Curve10881,1
Curve10882,1
Curve10883,1
Curve10884,1
Curve10885,1
Curve10886,1
Curve10887,1
Curve10888,1
Curve10889,1
Curve10890,1
Curve10891,1
Curve10892,1
Curve10893,1
Curve10894,1
Curve10895,1
Curve10896,1
Curve10897,1
Curve10898,3
Curve10899,1
Curve10900,3
Curve10901,1
Curve10902,3
Curve10903,1
Curve10904,3
Curve10905,1
Curve10906,1
Curve10907,1
Curve10908,1
Curve10909,2
Curve10910,2
Curve10911,2
Curve10912,2
Curve10913,2
Curve10914,2
Curve10915,2
Curve10916,2
Curve10917,2
Curve10918,2
Curve10919,2
Curve10920,2
Curve10921,2
Curve10922,2
Curve10923,2
Curve10924,2
Curve10925,2
Curve10926,2
Curve10927,2
Curve10928,2
Curve10929,2
Curve10930,2
Curve10931,2
Curve10932,2
Curve10933,1
Curve10934,1
Curve10935,1
Curve10936,1
Curve10937,1
Curve10938,1
Curve10939,1
Curve10940,1
Curve10941,1
Curve10942,1
Curve10943,1
Curve10944,1
Curve10945,1
Curve10946,1
Curve10947,1
Curve10948,1
Curve10949,1
Curve10950,1
Curve10951,1
Curve10952,1
Curve10953,1
Curve10954,1
Curve10955,1
Curve10956,1
Curve10957,1
Curve10958,1
Curve10959,1
Curve10960,1
Curve10961,1
Curve10962,1
Curve10963,1
Curve10964,1
Curve10965,1
Curve10966,1
Curve10967,1
Curve10968,1
Curve10969,1
Curve10970,1
Curve10971,1
Curve10972,1
Curve10973,1
Curve10974,1
Curve10975,1
Curve10976,1
Curve10977,1
Curve10978,1
Curve10979,1
Curve10980,1
Curve10981,1
Curve10982,1
Curve10983,1
Curve10984,1
Curve10985,1
Curve10986,1
Curve10987,1
Curve10988,1
Curve10989,1
Curve10990,1
Curve10991,1
Curve10992,1
Curve10993,1
Curve10994,1
Curve10995,1
Curve10996,1
Curve10997,1
Curve10998,1
Curve10999,1
Curve11000,1
Curve11001,1
Curve11002,1
Curve11003,1
Curve11004,1
Curve11005,1
Curve11006,1
Curve11007,1
Curve11008,1
Curve11009,1
Curve11010,1
Curve11011,1
Curve11012,1
Curve11013,1
Curve11014,1
Curve11015,1
Curve11016,1
Curve11017,1
Curve11018,1
Curve11019,1
Curve11020,1
Curve11021,1
Curve11022,1
Curve11023,1
Curve11024,1
Curve11025,1
Curve11026,1
Curve11027,1
Curve11028,1
Curve11029,1
Curve11030,1
Curve11031,1
Curve11032,1
Curve11033,1
Curve11034,1
Curve11035,1
Curve11036,1
Curve11037,1
Curve11038,1
Curve11039,1
Curve11040,1
Curve11041,1
Curve11042,1
Curve11043,1
Curve11044,1
Curve11045,1
Curve11046,1
Curve11047,1
Curve11048,1
Curve11049,1
Curve11050,1
Curve11051,1
Curve11052,1
Curve11053,1
Curve11054,1
Curve11055,1
Curve11056,1
Curve11057,1
Curve11058,1
Curve11059,1
Curve11060,1
Curve11061,1
Curve11062,1
Curve11063,1
Curve11064,1
Curve11065,1
Curve11066,1
Curve11067,1
Curve11068,1
Curve11069,1
Curve11070,1
Curve11071,1
Curve11072,1
Curve11073,1
Curve11074,1
Curve11075,1
Curve11076,1
Curve11077,1
Curve11078,1
Curve11079,1
Curve11080,1
Curve11081,1
Curve11082,1
Curve11083,1
Curve11084,1
Curve11085,1
Curve11086,1
Curve11087,1
Curve11088,1
Curve11089,1
Curve11090,1
Curve11091,1
Curve11092,1
Curve11093,1
Curve11094,1
Curve11095,1
Curve11096,1
Curve11097,1
Curve11098,1
Curve11099,1
Curve11100,1
Curve11101,1
Curve11102,1
Curve11103,1
Curve11104,1
Curve11105,1
Curve11106,1
Curve11107,1
Curve11108,1
Curve11109,1
Curve11110,1
Curve11111,1
Curve11112,1
Curve11113,1
Curve11114,1
Curve11115,1
Curve11116,1
Curve11117,1
Curve11118,1
Curve11119,1
Curve11120,1
Curve11121,1
Curve11122,1
Curve11123,1
Curve11124,1
Curve11125,1
Curve11126,1
Curve11127,1
Curve11128,1
Curve11129,1
Curve11130,1
Curve11131,1
Curve11132,1
Curve11133,1
Curve11134,1
Curve11135,1
Curve11136,1
Curve11137,1
Curve11138,1
Curve11139,1
Curve11140,1
Curve11141,1
Curve11142,1
Curve11143,1
Curve11144,1
Curve11145,1
Curve11146,1
Curve11147,1
Curve11148,1
Curve11149,1
Curve11150,1
Curve11151,1
Curve11152,1
Curve11153,1
Curve11154,1
Curve11155,1
Curve11156,1
Curve11157,1
Curve11158,1
Curve11159,1
Curve11160,1
Curve11161,1
Curve11162,1
Curve11163,1
Curve11164,1
Curve11165,1
Curve11166,1
Curve11167,1
Curve11168,1
Curve11169,1
Curve11170,1
Curve11171,1
Curve11172,1
Curve11173,1
Curve11174,1
Curve11175,1
Curve11176,1
Curve11177,1
Curve11178,1
Curve11179,1
Curve11180,1
Curve11181,1
Curve11182,1
Curve11183,1
Curve11184,1
Curve11185,1
Curve11186,1
Curve11187,1
Curve11188,1
Curve11189,1
Curve11190,1
Curve11191,1
Curve11192,1
Curve11193,1
Curve11194,1
Curve11195,1
Curve11196,1
Curve11197,1
Curve11198,1
Curve11199,1
Curve11200,1
Curve11201,1
Curve11202,1
Curve11203,1
Curve11204,1
Curve11205,1
Curve11206,1
Curve11207,1
Curve11208,1
Curve11209,1
Curve11210,1
Curve11211,1
Curve11212,1
Curve11213,1
Curve11214,1
Curve11215,1
Curve11216,1
Curve11217,1
Curve11218,1
Curve11219,1
Curve11220,1
Curve11221,1
Curve11222,1
Curve11223,1
Curve11224,1
Curve11225,1
Curve11226,1
Curve11227,1
Curve11228,1
Curve11229,1
Curve11230,1
Curve11231,1
Curve11232,1
Curve11233,1
Curve11234,1
Curve11235,1
Curve11236,1
Curve11237,1
Curve11238,1
Curve11239,1
Curve11240,1
Curve11241,1
Curve11242,1
Curve11243,1
Curve11244,1
Curve11245,1
Curve11246,1
Curve11247,1
Curve11248,1
Curve11249,1
Curve11250,1
Curve11251,1
Curve11252,1
Curve11253,1
Curve11254,1
Curve11255,1
Curve11256,1
Curve11257,1
Curve11258,1
Curve11259,1
Curve11260,1
Curve11261,1
Curve11262,1
Curve11263,1
Curve11264,1
Curve11265,1
Curve11266,1
Curve11267,1
Curve11268,1
Curve11269,1
Curve11270,1
Curve11271,1
Curve11272,1
Curve11273,1
Curve11274,1
Curve11275,1
Curve11276,1
Curve11277,1
Curve11278,1
Curve11279,1
Curve11280,1
Curve11281,1
Curve11282,1
Curve11283,1
Curve11284,1
Curve11285,1
Curve11286,1
Curve11287,1
Curve11288,1
Curve11289,1
Curve11290,1
Curve11291,1
Curve11292,1
Curve11293,1
Curve11294,1
Curve11295,1
Curve11296,1
Curve11297,1
Curve11298,1
Curve11299,1
Curve11300,1
Curve11301,1
Curve11302,1
Curve11303,1
Curve11304,1
Curve11305,1
Curve11306,1
Curve11307,1
Curve11308,1
Curve11309,1
Curve11310,1
Curve11311,1
Curve11312,1
Curve11313,1
Curve11314,1
Curve11315,1
Curve11316,1
Curve11317,2
Curve11318,2
Curve11319,1
Curve11320,2
Curve11321,1
Curve11322,2
Curve11323,2
Curve11324,2
Curve11325,2
Curve11326,2
Curve11327,1
Curve11328,2
Curve11329,1
Curve11330,1
Curve11331,1
Curve11332,1
Curve11333,1
Curve11334,1
Curve11335,1
Curve11336,1
Curve11337,1
Curve11338,1
Curve11339,1
Curve11340,1
Curve11341,1
Curve11342,1
Curve11343,1
Curve11344,1
Curve11345,1
Curve11346,1
Curve11347,1
Curve11348,1
Curve11349,1
Curve11350,1
Curve11351,1
Curve11352,1
Curve11353,1
Curve11354,1
Curve11355,1
Curve11356,1
Curve11357,1
Curve11358,1
Curve11359,1
Curve11360,1
Curve11361,1
Curve11362,1
Curve11363,1
Curve11364,1
Curve11365,1
Curve11366,1
Curve11367,1
Curve11368,1
Curve11369,1
Curve11370,1
Curve11371,1
Curve11372,1
Curve11373,1
Curve11374,1
Curve11375,1
Curve11376,1
Curve11377,1
Curve11378,1
Curve11379,1
Curve11380,1
Curve11381,1
Curve11382,1
Curve11383,1
Curve11384,1
Curve11385,1
Curve11386,1
Curve11387,1
Curve11388,1
Curve11389,1
Curve11390,1
Curve11391,1
Curve11392,1
Curve11393,1
Curve11394,1
Curve11395,1
Curve11396,1
Curve11397,1
Curve11398,1
Curve11399,1
Curve11400,1
Curve11401,1
Curve11402,1
Curve11403,1
Curve11404,1
Curve11405,1
Curve11406,1
Curve11407,1
Curve11408,1
Curve11409,1
Curve11410,1
Curve11411,1
Curve11412,1
Curve11413,1
Curve11414,1
Curve11415,1
Curve11416,1
Curve11417,1
Curve11418,1
Curve11419,1
Curve11420,1
Curve11421,1
Curve11422,1
Curve11423,1
Curve11424,1
Curve11425,1
Curve11426,1
Curve11427,1
Curve11428,1
Curve11429,1
Curve11430,1
Curve11431,1
Curve11432,1
Curve11433,1
Curve11434,1
Curve11435,1
Curve11436,1
Curve11437,1
Curve11438,1
Curve11439,1
Curve11440,1
Curve11441,1
Curve11442,1
Curve11443,1
Curve11444,1
Curve11445,1
Curve11446,1
Curve11447,1
Curve11448,1
Curve11449,1
Curve11450,1
Curve11451,1
Curve11452,1
Curve11453,1
Curve11454,1
Curve11455,1
Curve11456,1
Curve11457,1
Curve11458,1
Curve11459,1
Curve11460,1
Curve11461,1
Curve11462,1
Curve11463,1
Curve11464,1
Curve11465,1
Curve11466,1
Curve11467,1
Curve11468,1
Curve11469,1
Curve11470,1
Curve11471,1
Curve11472,1
Curve11473,1
Curve11474,1
Curve11475,1
Curve11476,1
Curve11477,1
Curve11478,1
Curve11479,1
Curve11480,1
Curve11481,1
Curve11482,1
Curve11483,1
Curve11484,1
Curve11485,1
Curve11486,1
Curve11487,1
Curve11488,1
Curve11489,1
Curve11490,1
Curve11491,1
Curve11492,1
Curve11493,1
Curve11494,1
Curve11495,1
Curve11496,1
Curve11497,1
Curve11498,1
Curve11499,1
Curve11500,1
Curve11501,1
Curve11502,1
Curve11503,1
Curve11504,1
Curve11505,1
Curve11506,1
Curve11507,1
Curve11508,1
Curve11509,3
Curve11510,3
Curve11511,3
Curve11512,3
Curve11513,3
Curve11514,3
Curve11515,3
Curve11516,3
Curve11517,3
Curve11518,3
Curve11519,3
Curve11520,3
Curve11521,3
Curve11522,3
Curve11523,3
Curve11524,3
Curve11525,3
Curve11526,3
Curve11527,3
Curve11528,3
Curve11529,3
Curve11530,3
Curve11531,3
Curve11532,3
Curve11533,3
Curve11534,3
Curve11535,3
Curve11536,3
Curve11537,3
Curve11538,3
Curve11539,3
Curve11540,3
Curve11541,3
Curve11542,3
Curve11543,3
Curve11544,3
Curve11545,3
Curve11546,3
Curve11547,3
Curve11548,3
Curve11549,3
Curve11550,3
Curve11551,3
Curve11552,3
Curve11553,3
Curve11554,3
Curve11555,3
Curve11556,3
Curve11557,3
Curve11558,3
Curve11559,3
Curve11560,3
Curve11561,3
Curve11562,3
Curve11563,3
Curve11564,3
Curve11565,3
Curve11566,3
Curve11567,3
Curve11568,3
Curve11569,3
Curve11570,3
Curve11571,3
Curve11572,3
Curve11573,3
Curve11574,3
Curve11575,3
Curve11576,3
Curve11577,3
Curve11578,3
Curve11579,3
Curve11580,3
Curve11581,3
Curve11582,3
Curve11583,3
Curve11584,3
Curve11585,3
Curve11586,3
Curve11587,3
Curve11588,3
Curve11589,3
Curve11590,3
Curve11591,3
Curve11592,3
Curve11593,3
Curve11594,3
Curve11595,3
Curve11596,3
Curve11597,3
Curve11598,3
Curve11599,2
Curve11600,2
Curve11601,2
Curve11602,2
Curve11603,2
Curve11604,2
Curve11605,2
Curve11606,2
Curve11607,2
Curve11608,2
Curve11609,2
Curve11610,2
Curve11611,2
Curve11612,2
Curve11613,2
Curve11614,2
Curve11615,2
Curve11616,2
Curve11617,3
Curve11618,3
Curve11619,3
Curve11620,3
Curve11621,3
Curve11622,3
Curve11623,3
Curve11624,3
Curve11625,3
Curve11626,3
Curve11627,3
Curve11628,3
Curve11629,3
Curve11630,3
Curve11631,3
Curve11632,3
Curve11633,3
Curve11634,3
Curve11635,3
Curve11636,3
Curve11637,3
Curve11638,3
Curve11639,3
Curve11640,3
Curve11641,3
Curve11642,3
Curve11643,3
Curve11644,3
Curve11645,3
Curve11646,3
Curve11647,3
Curve11648,3
Curve11649,3
Curve11650,3
Curve11651,3
Curve11652,3
Curve11653,3
Curve11654,3
Curve11655,3
Curve11656,3
Curve11657,3
Curve11658,3
Curve11659,3
Curve11660,3
Curve11661,3
Curve11662,3
Curve11663,3
Curve11664,3
Curve11665,3
Curve11666,3
Curve11667,3
Curve11668,3
Curve11669,3
Curve11670,3
Curve11671,3
Curve11672,3
Curve11673,3
Curve11674,3
Curve11675,3
Curve11676,3
Curve11677,3
Curve11678,3
Curve11679,3
Curve11680,3
Curve11681,3
Curve11682,3
Curve11683,3
Curve11684,3
Curve11685,3
Curve11686,3
Curve11687,3
Curve11688,3
Curve11689,3
Curve11690,3
Curve11691,3
Curve11692,3
Curve11693,3
Curve11694,3
Curve11695,3
Curve11696,3
Curve11697,3
Curve11698,3
Curve11699,3
Curve11700,3
Curve11701,3
Curve11702,3
Curve11703,3
Curve11704,3
Curve11705,3
Curve11706,3
Curve11707,3
Curve11708,3
Curve11709,3
Curve11710,3
Curve11711,3
Curve11712,3
Curve11713,3
Curve11714,3
Curve11715,3
Curve11716,3
Curve11717,3
Curve11718,3
Curve11719,3
Curve11720,3
Curve11721,3
Curve11722,3
Curve11723,3
Curve11724,3
Curve11725,3
Curve11726,3
Curve11727,3
Curve11728,3
Curve11729,3
Curve11730,3
Curve11731,3
Curve11732,3
Curve11733,3
Curve11734,3
Curve11735,3
Curve11736,3
Curve11737,3
Curve11738,3
Curve11739,3
Curve11740,3
Curve11741,3
Curve11742,3
Curve11743,3
Curve11744,3
Curve11745,3
Curve11746,3
Curve11747,3
Curve11748,3
Curve11749,3
Curve11750,3
Curve11751,3
Curve11752,3
Curve11753,3
Curve11754,3
Curve11755,3
Curve11756,3
Curve11757,3
Curve11758,3
Curve11759,3
Curve11760,3
Curve11761,3
Curve11762,3
Curve11763,3
Curve11764,3
Curve11765,3
Curve11766,3
Curve11767,3
Curve11768,3
Curve11769,3
Curve11770,3
Curve11771,3
Curve11772,3
Curve11773,3
Curve11774,3
Curve11775,3
Curve11776,3
Curve11777,3
Curve11778,3
Curve11779,3
Curve11780,3
Curve11781,3
Curve11782,3
Curve11783,3
Curve11784,3
Curve11785,3
Curve11786,3
Curve11787,3
Curve11788,3
Curve11789,3
Curve11790,3
Curve11791,3
Curve11792,3
Curve11793,3
Curve11794,3
Curve11795,3
Curve11796,3
Curve11797,3
Curve11798,3
Curve11799,3
Curve11800,3
Curve11801,3
Curve11802,3
Curve11803,3
Curve11804,3
Curve11805,3
Curve11806,3
Curve11807,3
Curve11808,3
Curve11809,3
Curve11810,3
Curve11811,3
Curve11812,3
Curve11813,3
Curve11814,3
Curve11815,3
Curve11816,3
Curve11817,3
Curve11818,3
Curve11819,3
Curve11820,3
Curve11821,3
Curve11822,3
Curve11823,3
Curve11824,3
Curve11825,3
Curve11826,3
Curve11827,3
Curve11828,3
Curve11829,3
Curve11830,3
Curve11831,3
Curve11832,3
Curve11833,1
Curve11834,1
Curve11835,1
Curve11836,1
Curve11837,1
Curve11838,1
Curve11839,3
Curve11840,3
Curve11841,3
Curve11842,3
Curve11843,3
Curve11844,3
Curve11845,3
Curve11846,3
Curve11847,3
Curve11848,3
Curve11849,3
Curve11850,3
Curve11851,3
Curve11852,3
Curve11853,3
Curve11854,3
Curve11855,3
Curve11856,3
Curve11857,3
Curve11858,3
Curve11859,3
Curve11860,3
Curve11861,3
Curve11862,3
Curve11863,3
Curve11864,3
Curve11865,3
Curve11866,3
Curve11867,3
Curve11868,3
Curve11869,3
Curve11870,3
Curve11871,3
Curve11872,3
Curve11873,3
Curve11874,3
Curve11875,3
Curve11876,3
Curve11877,3
Curve11878,3
Curve11879,3
Curve11880,3
Curve11881,3
Curve11882,3
Curve11883,3
Curve11884,3
Curve11885,3
Curve11886,3
Curve11887,3
Curve11888,3
Curve11889,3
Curve11890,3
Curve11891,3
Curve11892,3
Curve11893,3
Curve11894,3
Curve11895,3
Curve11896,3
Curve11897,3
Curve11898,3
Curve11899,3
Curve11900,3
Curve11901,3
Curve11902,3
Curve11903,3
Curve11904,3
Curve11905,3
Curve11906,3
Curve11907,3
Curve11908,3
Curve11909,3
Curve11910,3
Curve11911,3
Curve11912,3
Curve11913,3
Curve11914,3
Curve11915,3
Curve11916,3
Curve11917,3
Curve11918,3
Curve11919,3
Curve11920,3
Curve11921,3
Curve11922,3
Curve11923,3
Curve11924,3
Curve11925,3
Curve11926,3
Curve11927,3
Curve11928,3
Curve11929,3
Curve11930,3
Curve11931,3
Curve11932,3
Curve11933,3
Curve11934,3
Curve11935,3
Curve11936,3
Curve11937,3
Curve11938,3
Curve11939,3
Curve11940,3
Curve11941,3
Curve11942,3
Curve11943,3
Curve11944,3
Curve11945,3
Curve11946,3
Curve11947,3
Curve11948,3
Curve11949,3
Curve11950,3
Curve11951,3
Curve11952,3
Curve11953,3
Curve11954,3
Curve11955,3
Curve11956,3
Curve11957,3
Curve11958,3
Curve11959,3
Curve11960,3
Curve11961,3
Curve11962,3
Curve11963,3
Curve11964,3
Curve11965,3
Curve11966,3
Curve11967,3
Curve11968,3
Curve11969,3
Curve11970,3
Curve11971,3
Curve11972,3
Curve11973,3
Curve11974,3
Curve11975,3
Curve11976,3
Curve11977,3
Curve11978,3
Curve11979,3
Curve11980,3
Curve11981,3
Curve11982,3
Curve11983,3
Curve11984,3
Curve11985,3
Curve11986,3
Curve11987,3
Curve11988,3
Curve11989,3
Curve11990,3
Curve11991,3
Curve11992,3
Curve11993,3
Curve11994,3
Curve11995,3
Curve11996,3
Curve11997,3
Curve11998,3
Curve11999,3
Curve12000,3
Curve12001,3
Curve12002,3
Curve12003,3
Curve12004,3
Curve12005,3
Curve12006,3
Curve12007,3
Curve12008,3
Curve12009,3
Curve12010,3
Curve12011,3
Curve12012,3
Curve12013,3
Curve12014,3
Curve12015,3
Curve12016,3
Curve12017,3
Curve12018,3
Curve12019,3
Curve12020,3
Curve12021,3
Curve12022,3
Curve12023,3
Curve12024,3
Curve12025,3
Curve12026,3
Curve12027,3
Curve12028,3
Curve12029,3
Curve12030,3
Curve12031,3
Curve12032,3
Curve12033,3
Curve12034,3
Curve12035,3
Curve12036,3
Curve12037,3
Curve12038,3
Curve12039,3
Curve12040,3
Curve12041,3
Curve12042,3
Curve12043,3
Curve12044,3
Curve12045,3
Curve12046,3
Curve12047,3
Curve12048,3
Curve12049,3
Curve12050,3
Curve12051,3
Curve12052,3
Curve12053,3
Curve12054,3
Curve12055,3
Curve12056,3
Curve12057,3
Curve12058,3
Curve12059,3
Curve12060,3
Curve12061,3
Curve12062,3
Curve12063,3
Curve12064,3
Curve12065,3
Curve12066,3
Curve12067,3
Curve12068,3
Curve12069,3
Curve12070,3
Curve12071,3
Curve12072,3
Curve12073,3
Curve12074,3
Curve12075,3
Curve12076,3
Curve12077,3
Curve12078,3
Curve12079,3
Curve12080,3
Curve12081,3
Curve12082,3
Curve12083,3
Curve12084,3
Curve12085,3
Curve12086,3
Curve12087,3
Curve12088,3
Curve12089,3
Curve12090,3
Curve12091,3
Curve12092,3
Curve12093,3
Curve12094,3
Curve12095,3
Curve12096,3
Curve12097,3
Curve12098,3
Curve12099,3
Curve12100,3
Curve12101,3
Curve12102,3
Curve12103,3
Curve12104,3
Curve12105,3
Curve12106,3
Curve12107,3
Curve12108,3
Curve12109,3
Curve12110,3
Curve12111,3
Curve12112,3
Curve12113,3
Curve12114,3
Curve12115,3
Curve12116,3
Curve12117,3
Curve12118,3
Curve12119,3
Curve12120,3
Curve12121,3
Curve12122,3
Curve12123,3
Curve12124,3
Curve12125,3
Curve12126,3
Curve12127,3
Curve12128,3
Curve12129,3
Curve12130,3
Curve12131,3
Curve12132,3
Curve12133,3
Curve12134,3
Curve12135,3
Curve12136,3
Curve12137,3
Curve12138,3
Curve12139,3
Curve12140,3
Curve12141,3
Curve12142,3
Curve12143,3
Curve12144,3
Curve12145,3
Curve12146,3
Curve12147,3
Curve12148,3
Curve12149,3
Curve12150,3
Curve12151,3
Curve12152,3
Curve12153,3
Curve12154,3
Curve12155,3
Curve12156,3
Curve12157,3
Curve12158,3
Curve12159,3
Curve12160,3
Curve12161,3
Curve12162,3
Curve12163,3
Curve12164,3
Curve12165,3
Curve12166,3
Curve12167,3
Curve12168,3
Curve12169,3
Curve12170,3
Curve12171,3
Curve12172,3
Curve12173,3
Curve12174,3
Curve12175,3
Curve12176,3
Curve12177,3
Curve12178,3
Curve12179,3
Curve12180,3
Curve12181,3
Curve12182,3
Curve12183,3
Curve12184,3
Curve12185,3
Curve12186,3
Curve12187,3
Curve12188,3
Curve12189,3
Curve12190,3
Curve12191,3
Curve12192,3
Curve12193,3
Curve12194,3
Curve12195,3
Curve12196,3
Curve12197,3
Curve12198,3
Curve12199,3
Curve12200,3
Curve12201,3
Curve12202,3
Curve12203,3
Curve12204,3
Curve12205,3
Curve12206,3
Curve12207,3
Curve12208,3
Curve12209,3
Curve12210,3
Curve12211,3
Curve12212,3
Curve12213,3
Curve12214,3
Curve12215,3
Curve12216,3
Curve12217,3
Curve12218,3
Curve12219,3
Curve12220,3
Curve12221,3
Curve12222,3
Curve12223,3
Curve12224,3
Curve12225,3
Curve12226,3
Curve12227,3
Curve12228,3
Curve12229,3
Curve12230,3
Curve12231,3
Curve12232,3
Curve12233,3
Curve12234,3
Curve12235,3
Curve12236,3
Curve12237,3
Curve12238,3
Curve12239,3
Curve12240,3
Curve12241,3
Curve12242,3
Curve12243,3
Curve12244,3
Curve12245,3
Curve12246,3
Curve12247,3
Curve12248,3
Curve12249,3
Curve12250,3
Curve12251,3
Curve12252,3
Curve12253,3
Curve12254,3
Curve12255,3
Curve12256,3
Curve12257,3
Curve12258,3
Curve12259,3
Curve12260,3
Curve12261,3
Curve12262,3
Curve12263,3
Curve12264,3
Curve12265,3
Curve12266,3
Curve12267,3
Curve12268,3
Curve12269,3
Curve12270,3
Curve12271,3
Curve12272,3
Curve12273,3
Curve12274,3
Curve12275,3
Curve12276,3
Curve12277,3
Curve12278,3
Curve12279,3
Curve12280,3
Curve12281,3
Curve12282,3
Curve12283,3
Curve12284,3
Curve12285,3
Curve12286,3
Curve12287,3
Curve12288,3
Curve12289,3
Curve12290,3
Curve12291,3
Curve12292,3
Curve12293,3
Curve12294,3
Curve12295,3
Curve12296,3
Curve12297,3
Curve12298,3
Curve12299,3
Curve12300,3
Curve12301,3
Curve12302,3
Curve12303,3
Curve12304,3
Curve12305,3
Curve12306,3
Curve12307,3
Curve12308,3
Curve12309,3
Curve12310,3
Curve12311,3
Curve12312,3
Curve12313,3
Curve12314,3
Curve12315,3
Curve12316,3
Curve12317,3
Curve12318,3
Curve12319,3
Curve12320,3
Curve12321,3
Curve12322,3
Curve12323,3
Curve12324,3
Curve12325,3
Curve12326,3
Curve12327,3
Curve12328,3
Curve12329,3
Curve12330,3
Curve12331,3
Curve12332,3
Curve12333,3
Curve12334,3
Curve12335,3
Curve12336,3
Curve12337,3
Curve12338,3
Curve12339,3
Curve12340,3
Curve12341,3
Curve12342,3
Curve12343,3
Curve12344,3
Curve12345,3
Curve12346,3
Curve12347,3
Curve12348,3
Curve12349,2
Curve12350,2
Curve12351,2
Curve12352,2
Curve12353,2
Curve12354,2
Curve12355,2
Curve12356,2
Curve12357,2
Curve12358,2
Curve12359,2
Curve12360,2
Curve12361,3
Curve12362,3
Curve12363,3
Curve12364,3
Curve12365,3
Curve12366,3
Curve12367,3
Curve12368,3
Curve12369,3
Curve12370,3
Curve12371,3
Curve12372,3
Curve12373,3
Curve12374,3
Curve12375,3
Curve12376,3
Curve12377,3
Curve12378,3
Curve12379,3
Curve12380,3
Curve12381,3
Curve12382,3
Curve12383,3
Curve12384,3
Curve12385,3
Curve12386,3
Curve12387,3
Curve12388,3
Curve12389,3
Curve12390,3
Curve12391,3
Curve12392,3
Curve12393,3
Curve12394,3
Curve12395,3
Curve12396,3
Curve12397,3
Curve12398,3
Curve12399,3
Curve12400,3
Curve12401,3
Curve12402,3
Curve12403,3
Curve12404,3
Curve12405,3
Curve12406,3
Curve12407,3
Curve12408,3
Curve12409,3
Curve12410,3
Curve12411,3
Curve12412,3
Curve12413,3
Curve12414,3
Curve12415,3
Curve12416,3
Curve12417,3
Curve12418,3
Curve12419,3
Curve12420,3
Curve12421,3
Curve12422,3
Curve12423,3
Curve12424,3
Curve12425,3
Curve12426,3
Curve12427,3
Curve12428,3
Curve12429,3
Curve12430,3
Curve12431,3
Curve12432,3
Curve12433,3
Curve12434,3
Curve12435,3
Curve12436,3
Curve12437,3
Curve12438,3
Curve12439,3
Curve12440,3
Curve12441,3
Curve12442,3
Curve12443,3
Curve12444,3
Curve12445,3
Curve12446,3
Curve12447,3
Curve12448,3
Curve12449,3
Curve12450,3
Curve12451,3
Curve12452,3
Curve12453,3
Curve12454,3
Curve12455,3
Curve12456,3
Curve12457,3
Curve12458,3
Curve12459,3
Curve12460,3
Curve12461,3
Curve12462,3
Curve12463,3
Curve12464,3
Curve12465,3
Curve12466,3
Curve12467,3
Curve12468,3
Curve12469,3
Curve12470,3
Curve12471,3
Curve12472,3
Curve12473,3
Curve12474,3
Curve12475,3
Curve12476,3
Curve12477,3
Curve12478,3
Curve12479,3
Curve12480,3
Curve12481,3
Curve12482,3
Curve12483,3
Curve12484,3
Curve12485,3
Curve12486,3
Curve12487,3
Curve12488,3
Curve12489,3
Curve12490,3
Curve12491,3
Curve12492,3
Curve12493,3
Curve12494,3
Curve12495,3
Curve12496,3
Curve12497,3
Curve12498,3
Curve12499,3
Curve12500,3
Curve12501,3
Curve12502,3
Curve12503,3
Curve12504,3
Curve12505,3
Curve12506,3
Curve12507,3
Curve12508,3
Curve12509,3
Curve12510,3
Curve12511,3
Curve12512,3
Curve12513,3
Curve12514,3
Curve12515,3
Curve12516,3
Curve12517,3
Curve12518,3
Curve12519,3
Curve12520,3
Curve12521,3
Curve12522,3
Curve12523,3
Curve12524,3
Curve12525,3
Curve12526,3
Curve12527,3
Curve12528,3
Curve12529,3
Curve12530,3
Curve12531,3
Curve12532,3
Curve12533,3
Curve12534,3
Curve12535,3
Curve12536,3
Curve12537,3
Curve12538,3
Curve12539,3
Curve12540,3
Curve12541,3
Curve12542,3
Curve12543,3
Curve12544,3
Curve12545,3
Curve12546,3
Curve12547,3
Curve12548,3
Curve12549,3
Curve12550,3
Curve12551,3
Curve12552,3
Curve12553,3
Curve12554,3
Curve12555,3
Curve12556,3
Curve12557,3
Curve12558,3
Curve12559,3
Curve12560,3
Curve12561,3
Curve12562,3
Curve12563,3
Curve12564,3
Curve12565,3
Curve12566,3
Curve12567,3
Curve12568,3
Curve12569,3
Curve12570,3
Curve12571,3
Curve12572,3
Curve12573,3
Curve12574,3
Curve12575,3
Curve12576,3
Curve12577,3
Curve12578,3
Curve12579,3
Curve12580,3
Curve12581,3
Curve12582,3
Curve12583,3
Curve12584,3
Curve12585,3
Curve12586,3
Curve12587,3
Curve12588,3
Curve12589,3
Curve12590,3
Curve12591,3
Curve12592,3
Curve12593,3
Curve12594,3
Curve12595,3
Curve12596,3
Curve12597,3
Curve12598,3
Curve12599,3
Curve12600,3
Curve12601,3
Curve12602,3
Curve12603,3
Curve12604,3
Curve12605,3
Curve12606,3
Curve12607,3
Curve12608,3
Curve12609,3
Curve12610,3
Curve12611,3
Curve12612,3
Curve12613,3
Curve12614,3
Curve12615,3
Curve12616,3
Curve12617,3
Curve12618,3
Curve12619,3
Curve12620,3
Curve12621,3
Curve12622,3
Curve12623,3
Curve12624,3
Curve12625,3
Curve12626,3
Curve12627,3
Curve12628,3
Curve12629,3
Curve12630,3
Curve12631,3
Curve12632,3
Curve12633,3
Curve12634,3
Curve12635,3
Curve12636,3
Curve12637,3
Curve12638,3
Curve12639,3
Curve12640,3
Curve12641,3
Curve12642,3
Curve12643,3
Curve12644,3
Curve12645,3
Curve12646,3
Curve12647,3
Curve12648,3
Curve12649,3
Curve12650,3
Curve12651,3
Curve12652,3
Curve12653,3
Curve12654,3
Curve12655,3
Curve12656,3
Curve12657,3
Curve12658,3
Curve12659,3
Curve12660,3
Curve12661,3
Curve12662,3
Curve12663,3
Curve12664,3
Curve12665,3
Curve12666,3
Curve12667,3
Curve12668,3
Curve12669,3
Curve12670,3
Curve12671,3
Curve12672,3
Curve12673,3
Curve12674,3
Curve12675,3
Curve12676,3
Curve12677,3
Curve12678,3
Curve12679,3
Curve12680,3
Curve12681,3
Curve12682,3
Curve12683,3
Curve12684,3
Curve12685,3
Curve12686,3
Curve12687,3
Curve12688,3
Curve12689,3
Curve12690,3
Curve12691,3
Curve12692,3
Curve12693,3
Curve12694,3
Curve12695,3
Curve12696,3
Curve12697,3
Curve12698,3
Curve12699,3
Curve12700,3
Curve12701,3
Curve12702,3
Curve12703,3
Curve12704,3
Curve12705,3
Curve12706,3
Curve12707,3
Curve12708,3
Curve12709,3
Curve12710,3
Curve12711,3
Curve12712,3
Curve12713,3
Curve12714,3
Curve12715,3
Curve12716,3
Curve12717,3
Curve12718,3
Curve12719,3
Curve12720,3
Curve12721,3
Curve12722,3
Curve12723,3
Curve12724,3
Curve12725,3
Curve12726,3
Curve12727,3
Curve12728,3
Curve12729,3
Curve12730,3
Curve12731,3
Curve12732,3
Curve12733,3
Curve12734,3
Curve12735,3
Curve12736,3
Curve12737,3
Curve12738,3
Curve12739,3
Curve12740,3
Curve12741,3
Curve12742,3
Curve12743,3
Curve12744,3
Curve12745,3
Curve12746,3
Curve12747,3
Curve12748,3
Curve12749,3
Curve12750,3
Curve12751,3
Curve12752,3
Curve12753,3
Curve12754,3
Curve12755,3
Curve12756,3
Curve12757,3
Curve12758,3
Curve12759,3
Curve12760,3
Curve12761,3
Curve12762,3
Curve12763,3
Curve12764,3
Curve12765,3
Curve12766,3
Curve12767,3
Curve12768,3
Curve12769,3
Curve12770,3
Curve12771,3
Curve12772,3
Curve12773,3
Curve12774,3
Curve12775,3
Curve12776,3
Curve12777,3
Curve12778,3
Curve12779,3
Curve12780,3
Curve12781,3
Curve12782,3
Curve12783,3
Curve12784,3
Curve12785,3
Curve12786,3
Curve12787,3
Curve12788,3
Curve12789,3
Curve12790,3
Curve12791,3
Curve12792,3
Curve12793,3
Curve12794,3
Curve12795,3
Curve12796,3
Curve12797,3
Curve12798,3
Curve12799,3
Curve12800,3
Curve12801,3
Curve12802,3
Curve12803,3
Curve12804,3
Curve12805,3
Curve12806,3
Curve12807,3
Curve12808,3
Curve12809,3
Curve12810,3
Curve12811,3
Curve12812,3
Curve12813,3
Curve12814,3
Curve12815,3
Curve12816,3
Curve12817,3
Curve12818,3
Curve12819,3
Curve12820,3
Curve12821,3
Curve12822,3
Curve12823,3
Curve12824,3
Curve12825,3
Curve12826,3
Curve12827,3
Curve12828,3
Curve12829,2
Curve12830,2
Curve12831,2
Curve12832,2
Curve12833,2
Curve12834,2
Curve12835,2
Curve12836,2
Curve12837,2
Curve12838,2
Curve12839,2
Curve12840,2
Curve12841,2
Curve12842,2
Curve12843,2
Curve12844,2
Curve12845,2
Curve12846,2
Curve12847,2
Curve12848,2
Curve12849,2
Curve12850,2
Curve12851,2
Curve12852,2
Curve12853,2
Curve12854,2
Curve12855,2
Curve12856,2
Curve12857,2
Curve12858,2
Curve12859,2
Curve12860,2
Curve12861,2
Curve12862,2
Curve12863,2
Curve12864,2
Curve12865,2
Curve12866,2
Curve12867,2
Curve12868,2
Curve12869,2
Curve12870,2
Curve12871,2
Curve12872,2
Curve12873,2
Curve12874,2
Curve12875,2
Curve12876,2
Curve12877,2
Curve12878,2
Curve12879,2
Curve12880,2
Curve12881,2
Curve12882,2
Curve12883,2
Curve12884,2
Curve12885,2
Curve12886,2
Curve12887,2
Curve12888,2
Curve12889,2
Curve12890,2
Curve12891,2
Curve12892,2
Curve12893,2
Curve12894,2
Curve12895,2
Curve12896,2
Curve12897,2
Curve12898,2
Curve12899,2
Curve12900,2
Curve12901,2
Curve12902,2
Curve12903,2
Curve12904,2
Curve12905,2
Curve12906,2
Curve12907,2
Curve12908,2
Curve12909,2
Curve12910,2
Curve12911,2
Curve12912,2
Curve12913,2
Curve12914,2
Curve12915,2
Curve12916,2
Curve12917,2
Curve12918,2
Curve12919,2
Curve12920,2
Curve12921,2
Curve12922,2
Curve12923,2
Curve12924,2
Curve12925,2
Curve12926,2
Curve12927,2
Curve12928,2
Curve12929,2
Curve12930,2
Curve12931,2
Curve12932,2
Curve12933,2
Curve12934,2
Curve12935,2
Curve12936,2
Curve12937,2
Curve12938,2
Curve12939,2
Curve12940,2
Curve12941,2
Curve12942,2
Curve12943,2
Curve12944,2
Curve12945,2
Curve12946,2
Curve12947,2
Curve12948,2
Curve12949,2
Curve12950,2
Curve12951,2
Curve12952,2
Curve12953,2
Curve12954,2
Curve12955,2
Curve12956,2
Curve12957,2
Curve12958,2
Curve12959,2
Curve12960,2
Curve12961,2
Curve12962,2
Curve12963,2
Curve12964,2
Curve12965,2
Curve12966,2
Curve12967,2
Curve12968,2
Curve12969,2
Curve12970,2
Curve12971,2
Curve12972,2
Curve12973,2
Curve12974,2
Curve12975,2
Curve12976,2
Curve12977,2
Curve12978,2
Curve12979,2
Curve12980,2
Curve12981,2
Curve12982,2
Curve12983,2
Curve12984,2
Curve12985,2
Curve12986,2
Curve12987,2
Curve12988,2
Curve12989,2
Curve12990,2
Curve12991,2
Curve12992,2
Curve12993,2
Curve12994,2
Curve12995,2
Curve12996,2
Curve12997,2
Curve12998,2
Curve12999,2
Curve13000,2
Curve13001,2
Curve13002,2
Curve13003,2
Curve13004,2
Curve13005,2
Curve13006,2
Curve13007,2
Curve13008,2
Curve13009,2
Curve13010,2
Curve13011,2
Curve13012,2
Curve13013,2
Curve13014,2
Curve13015,2
Curve13016,2
Curve13017,2
Curve13018,2
Curve13019,2
Curve13020,2
Curve13021,2
Curve13022,2
Curve13023,2
Curve13024,2
Curve13025,2
Curve13026,2
Curve13027,2
Curve13028,2
Curve13029,2
Curve13030,2
Curve13031,2
Curve13032,2
Curve13033,2
Curve13034,2
Curve13035,2
Curve13036,2
Curve13037,2
Curve13038,2
Curve13039,2
Curve13040,2
Curve13041,2
Curve13042,2
Curve13043,2
Curve13044,2
Curve13045,3
Curve13046,3
Curve13047,3
Curve13048,3
Curve13049,3
Curve13050,3
Curve13051,3
Curve13052,3
Curve13053,3
Curve13054,3
Curve13055,3
Curve13056,3
Curve13057,3
Curve13058,3
Curve13059,3
Curve13060,3
Curve13061,3
Curve13062,3
Curve13063,3
Curve13064,3
Curve13065,3
Curve13066,3
Curve13067,3
Curve13068,3
Curve13069,1
Curve13070,3
Curve13071,1
Curve13072,3
Curve13073,1
Curve13074,3
Curve13075,1
Curve13076,3
Curve13077,1
Curve13078,3
Curve13079,1
Curve13080,3
Curve13081,3
Curve13082,3
Curve13083,3
Curve13084,3
Curve13085,3
Curve13086,3
Curve13087,1
Curve13088,3
Curve13089,1
Curve13090,3
Curve13091,1
Curve13092,3
Curve13093,3
Curve13094,3
Curve13095,3
Curve13096,3
Curve13097,3
Curve13098,3
Curve13099,3
Curve13100,3
Curve13101,3
Curve13102,3
Curve13103,3
Curve13104,3
Curve13105,3
Curve13106,3
Curve13107,3
Curve13108,3
Curve13109,3
Curve13110,3
Curve13111,3
Curve13112,3
Curve13113,3
Curve13114,3
Curve13115,3
Curve13116,3
Curve13117,3
Curve13118,3
Curve13119,3
Curve13120,3
Curve13121,3
Curve13122,3
Curve13123,3
Curve13124,3
Curve13125,3
Curve13126,3
Curve13127,3
Curve13128,3
Curve13129,1
Curve13130,3
Curve13131,1
Curve13132,3
Curve13133,1
Curve13134,3
Curve13135,1
Curve13136,3
Curve13137,1
Curve13138,3
Curve13139,1
Curve13140,3
Curve13141,3
Curve13142,3
Curve13143,3
Curve13144,3
Curve13145,3
Curve13146,3
Curve13147,1
Curve13148,3
Curve13149,1
Curve13150,1
Curve13151,1
Curve13152,1
Curve13153,3
Curve13154,3
Curve13155,3
Curve13156,3
Curve13157,3
Curve13158,3
Curve13159,3
Curve13160,3
Curve13161,3
Curve13162,3
Curve13163,3
Curve13164,3
Curve13165,3
Curve13166,3
Curve13167,3
Curve13168,3
Curve13169,3
Curve13170,3
Curve13171,3
Curve13172,3
Curve13173,3
Curve13174,3
Curve13175,3
Curve13176,3
Curve13177,3
Curve13178,3
Curve13179,3
Curve13180,3
Curve13181,3
Curve13182,3
Curve13183,3
Curve13184,3
Curve13185,3
Curve13186,3
Curve13187,3
Curve13188,3
Curve13189,1
Curve13190,2
Curve13191,1
Curve13192,1
Curve13193,1
Curve13194,2
Curve13195,1
Curve13196,1
Curve13197,1
Curve13198,1
Curve13199,1
Curve13200,2
Curve13201,1
Curve13202,1
Curve13203,1
Curve13204,1
Curve13205,1
Curve13206,1
Curve13207,1
Curve13208,1
Curve13209,3
Curve13210,3
Curve13211,3
Curve13212,3
Curve13213,3
Curve13214,1
Curve13215,1
Curve13216,3
Curve13217,3
Curve13218,3
Curve13219,1
Curve13220,3
Curve13221,1
Curve13222,1
Curve13223,1
Curve13224,1
Curve13225,1
Curve13226,1
Curve13227,3
Curve13228,1
Curve13229,3
Curve13230,3
Curve13231,1
Curve13232,3
Curve13233,1
Curve13234,1
Curve13235,1
Curve13236,1
Curve13237,3
Curve13238,3
Curve13239,3
Curve13240,3
Curve13241,3
Curve13242,3
Curve13243,3
Curve13244,3
Curve13245,3
Curve13246,3
Curve13247,3
Curve13248,3
Curve13249,1
Curve13250,1
Curve13251,1
Curve13252,2
Curve13253,1
Curve13254,1
Curve13255,3
Curve13256,1
Curve13257,1
Curve13258,4
Curve13259,2
Curve13260,2
Curve13261,2
Curve13262,1
Curve13263,2
Curve13264,2
Curve13265,2
Curve13266,3
Curve13267,2
Curve13268,3
Curve13269,2
Curve13270,4
Curve13271,2
Curve13272,2
Curve13273,3
Curve13274,3
Curve13275,1
Curve13276,2
Curve13277,3
Curve13278,2
Curve13279,3
Curve13280,3
Curve13281,3
Curve13282,3
Curve13283,3
Curve13284,3
Curve13285,3
Curve13286,3
Curve13287,3
Curve13288,3
Curve13289,3
Curve13290,3
Curve13291,3
Curve13292,3
Curve13293,3
Curve13294,3
Curve13295,3
Curve13296,3
Curve13297,3
Curve13298,3
Curve13299,3
Curve13300,3
Curve13301,3
Curve13302,3
Curve13303,3
Curve13304,3
Curve13305,3
Curve13306,3
Curve13307,3
Curve13308,3
Curve13309,2
Curve13310,2
Curve13311,2
Curve13312,2
Curve13313,2
Curve13314,2
Curve13315,2
Curve13316,2
Curve13317,1
Curve13318,2
Curve13319,2
Curve13320,2
Curve13321,1
Curve13322,2
Curve13323,1
Curve13324,1
Curve13325,1
Curve13326,2
Curve13327,1
Curve13328,1
Curve13329,1
Curve13330,1
Curve13331,1
Curve13332,1
Curve13333,1
Curve13334,1
Curve13335,2
Curve13336,3
Curve13337,2
Curve13338,1
Curve13339,1
Curve13340,1
Curve13341,1
Curve13342,1
Curve13343,1
Curve13344,3
Curve13345,3
Curve13346,3
Curve13347,3
Curve13348,3
Curve13349,3
Curve13350,3
Curve13351,3
Curve13352,1
Curve13353,3
Curve13354,3
Curve13355,1
Curve13356,3
Curve13357,1
Curve13358,1
Curve13359,1
Curve13360,1
Curve13361,1
Curve13362,1
Curve13363,3
Curve13364,1
Curve13365,3
Curve13366,3
Curve13367,1
Curve13368,1
Curve13369,2
Curve13370,1
Curve13371,1
Curve13372,2
Curve13373,2
Curve13374,2
Curve13375,1
Curve13376,1
Curve13377,1
Curve13378,2
Curve13379,1
Curve13380,1
Curve13381,2
Curve13382,1
Curve13383,2
Curve13384,2
Curve13385,1
Curve13386,2
Curve13387,1
Curve13388,1
Curve13389,1
Curve13390,1
Curve13391,1
Curve13392,1
Curve13393,3
Curve13394,3
Curve13395,3
Curve13396,3
Curve13397,3
Curve13398,3
Curve13399,1
Curve13400,1
Curve13401,3
Curve13402,1
Curve13403,1
Curve13404,3
Curve13405,3
Curve13406,3
Curve13407,3
Curve13408,3
Curve13409,3
Curve13410,3
Curve13411,3
Curve13412,3
Curve13413,3
Curve13414,3
Curve13415,3
Curve13416,3
Curve13417,3
Curve13418,3
Curve13419,3
Curve13420,3
Curve13421,3
Curve13422,3
Curve13423,3
Curve13424,3
Curve13425,3
Curve13426,3
Curve13427,3
Curve13428,3
Curve13429,2
Curve13430,2
Curve13431,2
Curve13432,2
Curve13433,2
Curve13434,2
Curve13435,3
Curve13436,3
Curve13437,3
Curve13438,3
Curve13439,3
Curve13440,3
Curve13441,3
Curve13442,3
Curve13443,3
Curve13444,3
Curve13445,3
Curve13446,3
Curve13447,3
Curve13448,3
Curve13449,3
Curve13450,3
Curve13451,3
Curve13452,3
Curve13453,3
Curve13454,3
Curve13455,3
Curve13456,3
Curve13457,3
Curve13458,3
Curve13459,3
Curve13460,3
Curve13461,3
Curve13462,3
Curve13463,3
Curve13464,3
Curve13465,3
Curve13466,3
Curve13467,3
Curve13468,3
Curve13469,3
Curve13470,3
Curve13471,3
Curve13472,3
Curve13473,3
Curve13474,3
Curve13475,3
Curve13476,3
Curve13477,3
Curve13478,3
Curve13479,3
Curve13480,3
Curve13481,3
Curve13482,3
Curve13483,3
Curve13484,3
Curve13485,3
Curve13486,3
Curve13487,3
Curve13488,3
Curve13489,2
Curve13490,3
Curve13491,2
Curve13492,2
Curve13493,2
Curve13494,2
Curve13495,3
Curve13496,3
Curve13497,3
Curve13498,3
Curve13499,3
Curve13500,3
Curve13501,2
Curve13502,2
Curve13503,2
Curve13504,2
Curve13505,2
Curve13506,2
Curve13507,3
Curve13508,3
Curve13509,3
Curve13510,3
Curve13511,3
Curve13512,3
Curve13513,2
Curve13514,2
Curve13515,2
Curve13516,2
Curve13517,2
Curve13518,2
Curve13519,3
Curve13520,3
Curve13521,3
Curve13522,3
Curve13523,3
Curve13524,3
Curve13525,2
Curve13526,3
Curve13527,2
Curve13528,2
Curve13529,2
Curve13530,3
Curve13531,3
Curve13532,3
Curve13533,3
Curve13534,3
Curve13535,3
Curve13536,3
Curve13537,2
Curve13538,3
Curve13539,2
Curve13540,2
Curve13541,2
Curve13542,2
Curve13543,3
Curve13544,3
Curve13545,3
Curve13546,3
Curve13547,3
Curve13548,3
Curve13549,3
Curve13550,3
Curve13551,2
Curve13552,3
Curve13553,3
Curve13554,3
Curve13555,3
Curve13556,3
Curve13557,3
Curve13558,3
Curve13559,3
Curve13560,3
Curve13561,3
Curve13562,3
Curve13563,3
Curve13564,3
Curve13565,3
Curve13566,3
Curve13567,3
Curve13568,3
Curve13569,3
Curve13570,3
Curve13571,3
Curve13572,3
Curve13573,3
Curve13574,3
Curve13575,3
Curve13576,3
Curve13577,3
Curve13578,3
Curve13579,3
Curve13580,3
Curve13581,3
Curve13582,3
Curve13583,3
Curve13584,3
Curve13585,3
Curve13586,3
Curve13587,3
Curve13588,3
Curve13589,3
Curve13590,3
Curve13591,3
Curve13592,3
Curve13593,3
Curve13594,3
Curve13595,3
Curve13596,3
Curve13597,3
Curve13598,3
Curve13599,3
Curve13600,3
Curve13601,3
Curve13602,3
Curve13603,3
Curve13604,3
Curve13605,3
Curve13606,3
Curve13607,3
Curve13608,3
