round,label,conversion_status
1,Curve00001,retained
1,Curve00002,retained
1,Curve00003,retained
1,Curve00004,retained
1,Curve00005,retained
1,Curve00006,retained
1,Curve00007,retained
1,Curve00008,retained
1,Curve00009,retained
1,Curve00010,retained
1,Curve00011,retained
1,Curve00012,retained
1,Curve00013,retained
1,Curve00014,retained
1,Curve00015,retained
1,Curve00016,retained
1,Curve00017,retained
1,Curve00018,retained
1,Curve00019,retained
1,Curve00020,retained
1,Curve00021,retained
1,Curve00022,retained
1,Curve00023,retained
1,Curve00024,retained
1,Curve00025,retained
1,Curve00026,retained
1,Curve00027,retained
1,Curve00028,retained
1,Curve00029,retained
1,Curve00030,retained
1,Curve00031,retained
1,Curve00032,retained
1,Curve00033,retained
1,Curve00034,retained
1,Curve00035,retained
1,Curve00036,retained
1,Curve00037,retained
1,Curve00038,retained
1,Curve00039,retained
1,Curve00040,retained
1,Curve00041,retained
1,Curve00042,retained
1,Curve00043,retained
1,Curve00044,retained
1,Curve00045,retained
1,Curve00046,retained
1,Curve00047,retained
1,Curve00048,retained
1,Curve00049,retained
1,Curve00050,retained
1,Curve00051,retained
1,Curve00052,retained
1,Curve00053,retained
1,Curve00054,retained
1,Curve00055,retained
1,Curve00056,retained
1,Curve00057,retained
1,Curve00058,retained
1,Curve00059,retained
1,Curve00060,retained
1,Curve00061,retained
1,Curve00062,retained
1,Curve00063,retained
1,Curve00064,retained
1,Curve00065,retained
1,Curve00066,retained
1,Curve00067,retained
1,Curve00068,retained
1,Curve00069,retained
1,Curve00070,retained
1,Curve00071,retained
1,Curve00072,retained
1,Curve00073,retained
1,Curve00074,retained
1,Curve00075,retained
1,Curve00076,retained
1,Curve00077,retained
1,Curve00078,retained
1,Curve00079,retained
1,Curve00080,retained
1,Curve00081,retained
1,Curve00082,retained
1,Curve00083,retained
1,Curve00084,retained
1,Curve00085,retained
1,Curve00086,retained
1,Curve00087,retained
1,Curve00088,retained
1,Curve00089,retained
1,Curve00090,retained
1,Curve00091,retained
1,Curve00092,retained
1,Curve00093,retained
1,Curve00094,retained
1,Curve00095,retained
1,Curve00096,retained
1,Curve00097,retained
1,Curve00098,retained
1,Curve00099,retained
1,Curve00100,retained
1,Curve00101,retained
1,Curve00102,retained
1,Curve00103,retained
1,Curve00104,retained
1,Curve00105,retained
1,Curve00106,retained
1,Curve00107,retained
1,Curve00108,retained
1,Curve00109,retained
1,Curve00110,retained
1,Curve00111,retained
1,Curve00112,retained
1,Curve00113,retained
1,Curve00114,retained
1,Curve00115,retained
1,Curve00116,retained
1,Curve00117,retained
1,Curve00118,retained
1,Curve00119,retained
1,Curve00120,retained
1,Curve00121,retained
1,Curve00122,retained
1,Curve00123,retained
1,Curve00124,retained
1,Curve00125,retained
1,Curve00126,retained
1,Curve00127,retained
1,Curve00128,retained
1,Curve00129,retained
1,Curve00130,retained
1,Curve00131,retained
1,Curve00132,retained
1,Curve00133,retained
1,Curve00134,retained
1,Curve00135,retained
1,Curve00136,retained
1,Curve00137,retained
1,Curve00138,retained
1,Curve00139,retained
1,Curve00140,retained
1,Curve00141,retained
1,Curve00142,retained
1,Curve00143,retained
1,Curve00144,retained
1,Curve00145,retained
1,Curve00146,retained
1,Curve00147,retained
1,Curve00148,retained
1,Curve00149,retained
1,Curve00150,retained
1,Curve00151,retained
1,Curve00152,retained
1,Curve00153,retained
1,Curve00154,retained
1,Curve00155,retained
1,Curve00156,retained
1,Curve00157,retained
1,Curve00158,retained
1,Curve00159,retained
1,Curve00160,retained
1,Curve00161,retained
1,Curve00162,retained
1,Curve00163,retained
1,Curve00164,retained
1,Curve00165,retained
1,Curve00166,retained
1,Curve00167,retained
1,Curve00168,retained
1,Curve00169,retained
1,Curve00170,retained
1,Curve00171,retained
1,Curve00172,retained
1,Curve00173,retained
1,Curve00174,retained
1,Curve00175,retained
1,Curve00176,retained
1,Curve00177,retained
1,Curve00178,retained
1,Curve00179,retained
1,Curve00180,retained
1,Curve00181,retained
1,Curve00182,retained
1,Curve00183,retained
1,Curve00184,retained
1,Curve00185,retained
1,Curve00186,retained
1,Curve00187,retained
1,Curve00188,retained
1,Curve00189,retained
1,Curve00190,retained
1,Curve00191,retained
1,Curve00192,retained
1,Curve00193,retained
1,Curve00194,retained
1,Curve00195,retained
1,Curve00196,retained
1,Curve00197,retained
1,Curve00198,retained
1,Curve00199,retained
1,Curve00200,retained
1,Curve00201,retained
1,Curve00202,retained
1,Curve00203,retained
1,Curve00204,retained
1,Curve00205,retained
1,Curve00206,retained
1,Curve00207,retained
1,Curve00208,retained
1,Curve00209,retained
1,Curve00210,retained
1,Curve00211,retained
1,Curve00212,retained
1,Curve00213,retained
1,Curve00214,retained
1,Curve00215,retained
1,Curve00216,retained
1,Curve00217,retained
1,Curve00218,retained
1,Curve00219,retained
1,Curve00220,retained
1,Curve00221,retained
1,Curve00222,retained
1,Curve00223,retained
1,Curve00224,retained
1,Curve00225,retained
1,Curve00226,retained
1,Curve00227,retained
1,Curve00228,retained
1,Curve00229,retained
1,Curve00230,retained
1,Curve00231,retained
1,Curve00232,retained
1,Curve00233,retained
1,Curve00234,retained
1,Curve00235,retained
1,Curve00236,retained
1,Curve00237,retained
1,Curve00238,retained
1,Curve00239,retained
1,Curve00240,retained
1,Curve00241,retained
1,Curve00242,retained
1,Curve00243,retained
1,Curve00244,retained
1,Curve00245,retained
1,Curve00246,retained
1,Curve00247,retained
1,Curve00248,retained
1,Curve00249,retained
1,Curve00250,retained
1,Curve00251,retained
1,Curve00252,retained
1,Curve00253,retained
1,Curve00254,retained
1,Curve00255,retained
1,Curve00256,retained
1,Curve00257,retained
1,Curve00258,retained
1,Curve00259,retained
1,Curve00260,retained
1,Curve00261,retained
1,Curve00262,retained
1,Curve00263,retained
1,Curve00264,retained
1,Curve00265,retained
1,Curve00266,retained
1,Curve00267,retained
1,Curve00268,retained
1,Curve00269,retained
1,Curve00270,retained
1,Curve00271,retained
1,Curve00272,retained
1,Curve00273,retained
1,Curve00274,retained
1,Curve00275,retained
1,Curve00276,retained
1,Curve00277,retained
1,Curve00278,retained
1,Curve00279,retained
1,Curve00280,retained
1,Curve00281,retained
1,Curve00282,retained
1,Curve00283,retained
1,Curve00284,retained
1,Curve00285,retained
1,Curve00286,retained
1,Curve00287,retained
1,Curve00288,retained
1,Curve00289,retained
1,Curve00290,retained
1,Curve00291,retained
1,Curve00292,retained
1,Curve00293,retained
1,Curve00294,retained
1,Curve00295,retained
1,Curve00296,retained
1,Curve00297,retained
1,Curve00298,retained
1,Curve00299,retained
1,Curve00300,retained
1,Curve00301,retained
1,Curve00302,retained
1,Curve00303,retained
1,Curve00304,retained
1,Curve00305,retained
1,Curve00306,retained
1,Curve00307,retained
1,Curve00308,retained
1,Curve00309,retained
1,Curve00310,retained
1,Curve00311,retained
1,Curve00312,retained
1,Curve00313,retained
1,Curve00314,retained
1,Curve00315,retained
1,Curve00316,retained
1,Curve00317,retained
1,Curve00318,retained
1,Curve00319,retained
1,Curve00320,retained
1,Curve00321,retained
1,Curve00322,retained
1,Curve00323,retained
1,Curve00324,retained
1,Curve00325,retained
1,Curve00326,retained
1,Curve00327,retained
1,Curve00328,retained
1,Curve00329,retained
1,Curve00330,retained
1,Curve00331,retained
1,Curve00332,retained
1,Curve00333,retained
1,Curve00334,retained
1,Curve00335,retained
1,Curve00336,retained
1,Curve00337,retained
1,Curve00338,retained
1,Curve00339,retained
1,Curve00340,retained
1,Curve00341,retained
1,Curve00342,retained
1,Curve00343,retained
1,Curve00344,retained
1,Curve00345,retained
1,Curve00346,retained
1,Curve00347,retained
1,Curve00348,retained
1,Curve00349,retained
1,Curve00350,retained
1,Curve00351,retained
1,Curve00352,retained
1,Curve00353,retained
1,Curve00354,retained
1,Curve00355,retained
1,Curve00356,retained
1,Curve00357,retained
1,Curve00358,retained
1,Curve00359,retained
1,Curve00360,retained
1,Curve00361,retained
1,Curve00362,retained
1,Curve00363,retained
1,Curve00364,retained
1,Curve00365,retained
1,Curve00366,retained
1,Curve00367,retained
1,Curve00368,retained
1,Curve00369,retained
1,Curve00370,retained
1,Curve00371,retained
1,Curve00372,retained
1,Curve00373,retained
1,Curve00374,retained
1,Curve00375,retained
1,Curve00376,retained
1,Curve00377,retained
1,Curve00378,retained
1,Curve00379,retained
1,Curve00380,retained
1,Curve00381,retained
1,Curve00382,retained
1,Curve00383,retained
1,Curve00384,retained
1,Curve00385,retained
1,Curve00386,retained
1,Curve00387,retained
1,Curve00388,retained
1,Curve00389,retained
1,Curve00390,retained
1,Curve00391,retained
1,Curve00392,retained
1,Curve00393,retained
1,Curve00394,retained
1,Curve00395,retained
1,Curve00396,retained
1,Curve00397,retained
1,Curve00398,retained
1,Curve00399,retained
1,Curve00400,retained
1,Curve00401,retained
1,Curve00402,retained
1,Curve00403,retained
1,Curve00404,retained
1,Curve00405,retained
1,Curve00406,retained
1,Curve00407,retained
1,Curve00408,retained
1,Curve00409,retained
1,Curve00410,retained
1,Curve00411,retained
1,Curve00412,retained
1,Curve00413,retained
1,Curve00414,retained
1,Curve00415,retained
1,Curve00416,retained
1,Curve00417,retained
1,Curve00418,retained
1,Curve00419,retained
1,Curve00420,retained
1,Curve00421,retained
1,Curve00422,retained
1,Curve00423,retained
1,Curve00424,retained
1,Curve00425,retained
1,Curve00426,retained
1,Curve00427,retained
1,Curve00428,retained
1,Curve00429,retained
1,Curve00430,retained
1,Curve00431,retained
1,Curve00432,retained
1,Curve00433,retained
1,Curve00434,retained
1,Curve00435,retained
1,Curve00436,retained
1,Curve00437,retained
1,Curve00438,retained
1,Curve00439,retained
1,Curve00440,retained
1,Curve00441,retained
1,Curve00442,retained
1,Curve00443,retained
1,Curve00444,retained
1,Curve00445,retained
1,Curve00446,retained
1,Curve00447,retained
1,Curve00448,retained
1,Curve00449,retained
1,Curve00450,retained
1,Curve00451,retained
1,Curve00452,retained
1,Curve00453,retained
1,Curve00454,retained
1,Curve00455,retained
1,Curve00456,retained
1,Curve00457,retained
1,Curve00458,retained
1,Curve00459,retained
1,Curve00460,retained
1,Curve00461,retained
1,Curve00462,retained
1,Curve00463,retained
1,Curve00464,retained
1,Curve00465,retained
1,Curve00466,retained
1,Curve00467,retained
1,Curve00468,retained
1,Curve00469,retained
1,Curve00470,retained
1,Curve00471,retained
1,Curve00472,retained
1,Curve00473,retained
1,Curve00474,retained
1,Curve00475,retained
1,Curve00476,retained
1,Curve00477,retained
1,Curve00478,retained
1,Curve00479,retained
1,Curve00480,retained
1,Curve00481,retained
1,Curve00482,retained
1,Curve00483,retained
1,Curve00484,retained
1,Curve00485,retained
1,Curve00486,retained
1,Curve00487,retained
1,Curve00488,retained
1,Curve00489,retained
1,Curve00490,retained
1,Curve00491,retained
1,Curve00492,retained
1,Curve00493,retained
1,Curve00494,retained
1,Curve00495,retained
1,Curve00496,retained
1,Curve00497,retained
1,Curve00498,retained
1,Curve00499,retained
1,Curve00500,retained
1,Curve00501,retained
1,Curve00502,retained
1,Curve00503,retained
1,Curve00504,retained
1,Curve00505,retained
1,Curve00506,retained
1,Curve00507,retained
1,Curve00508,retained
1,Curve00509,retained
1,Curve00510,retained
1,Curve00511,retained
1,Curve00512,retained
1,Curve00513,retained
1,Curve00514,retained
1,Curve00515,retained
1,Curve00516,retained
1,Curve00517,retained
1,Curve00518,retained
1,Curve00519,retained
1,Curve00520,retained
1,Curve00521,retained
1,Curve00522,retained
1,Curve00523,retained
1,Curve00524,retained
1,Curve00525,retained
1,Curve00526,retained
1,Curve00527,retained
1,Curve00528,retained
1,Curve00529,retained
1,Curve00530,retained
1,Curve00531,retained
1,Curve00532,retained
1,Curve00533,retained
1,Curve00534,retained
1,Curve00535,retained
1,Curve00536,retained
1,Curve00537,retained
1,Curve00538,retained
1,Curve00539,retained
1,Curve00540,retained
1,Curve00541,retained
1,Curve00542,retained
1,Curve00543,retained
1,Curve00544,retained
1,Curve00545,retained
1,Curve00546,retained
1,Curve00547,retained
1,Curve00548,retained
1,Curve00549,retained
1,Curve00550,retained
1,Curve00551,retained
1,Curve00552,retained
1,Curve00553,retained
1,Curve00554,retained
1,Curve00555,retained
1,Curve00556,retained
1,Curve00557,retained
1,Curve00558,retained
1,Curve00559,retained
1,Curve00560,retained
1,Curve00561,retained
1,Curve00562,retained
1,Curve00563,retained
1,Curve00564,retained
1,Curve00565,retained
1,Curve00566,retained
1,Curve00567,retained
1,Curve00568,retained
1,Curve00569,retained
1,Curve00570,retained
1,Curve00571,retained
1,Curve00572,retained
1,Curve00573,retained
1,Curve00574,retained
1,Curve00575,retained
1,Curve00576,retained
1,Curve00577,retained
1,Curve00578,retained
1,Curve00579,retained
1,Curve00580,retained
1,Curve00581,retained
1,Curve00582,retained
1,Curve00583,retained
1,Curve00584,retained
1,Curve00585,retained
1,Curve00586,retained
1,Curve00587,retained
1,Curve00588,retained
1,Curve00589,retained
1,Curve00590,retained
1,Curve00591,retained
1,Curve00592,retained
1,Curve00593,retained
1,Curve00594,retained
1,Curve00595,retained
1,Curve00596,retained
1,Curve00597,retained
1,Curve00598,retained
1,Curve00599,retained
1,Curve00600,retained
1,Curve00601,retained
1,Curve00602,retained
1,Curve00603,retained
1,Curve00604,retained
1,Curve00605,retained
1,Curve00606,retained
1,Curve00607,retained
1,Curve00608,retained
1,Curve00609,retained
1,Curve00610,retained
1,Curve00611,retained
1,Curve00612,retained
1,Curve00613,retained
1,Curve00614,retained
1,Curve00615,retained
1,Curve00616,retained
1,Curve00617,retained
1,Curve00618,retained
1,Curve00619,retained
1,Curve00620,retained
1,Curve00621,retained
1,Curve00622,retained
1,Curve00623,retained
1,Curve00624,retained
1,Curve00625,retained
1,Curve00626,retained
1,Curve00627,retained
1,Curve00628,retained
1,Curve00629,retained
1,Curve00630,retained
1,Curve00631,retained
1,Curve00632,retained
1,Curve00633,retained
1,Curve00634,retained
1,Curve00635,retained
1,Curve00636,retained
1,Curve00637,retained
1,Curve00638,retained
1,Curve00639,retained
1,Curve00640,retained
1,Curve00641,retained
1,Curve00642,retained
1,Curve00643,retained
1,Curve00644,retained
1,Curve00645,retained
1,Curve00646,retained
1,Curve00647,retained
1,Curve00648,retained
1,Curve00649,retained
1,Curve00650,retained
1,Curve00651,retained
1,Curve00652,retained
1,Curve00653,retained
1,Curve00654,retained
1,Curve00655,retained
1,Curve00656,retained
1,Curve00657,retained
1,Curve00658,retained
1,Curve00659,retained
1,Curve00660,retained
1,Curve00661,retained
1,Curve00662,retained
1,Curve00663,retained
1,Curve00664,retained
1,Curve00665,retained
1,Curve00666,retained
1,Curve00667,retained
1,Curve00668,retained
1,Curve00669,retained
1,Curve00670,retained
1,Curve00671,retained
1,Curve00672,retained
1,Curve00673,retained
1,Curve00674,retained
1,Curve00675,retained
1,Curve00676,retained
1,Curve00677,retained
1,Curve00678,retained
1,Curve00679,retained
1,Curve00680,retained
1,Curve00681,retained
1,Curve00682,retained
1,Curve00683,retained
1,Curve00684,retained
1,Curve00685,retained
1,Curve00686,retained
1,Curve00687,retained
1,Curve00688,retained
1,Curve00689,retained
1,Curve00690,retained
1,Curve00691,retained
1,Curve00692,retained
1,Curve00693,retained
1,Curve00694,retained
1,Curve00695,retained
1,Curve00696,retained
1,Curve00697,retained
1,Curve00698,retained
1,Curve00699,retained
1,Curve00700,retained
1,Curve00701,retained
1,Curve00702,retained
1,Curve00703,retained
1,Curve00704,retained
1,Curve00705,retained
1,Curve00706,retained
1,Curve00707,retained
1,Curve00708,retained
1,Curve00709,retained
1,Curve00710,retained
1,Curve00711,retained
1,Curve00712,retained
1,Curve00713,retained
1,Curve00714,retained
1,Curve00715,retained
1,Curve00716,retained
1,Curve00717,retained
1,Curve00718,retained
1,Curve00719,retained
1,Curve00720,retained
1,Curve00721,retained
1,Curve00722,retained
1,Curve00723,retained
1,Curve00724,retained
1,Curve00725,retained
1,Curve00726,retained
1,Curve00727,retained
1,Curve00728,retained
1,Curve00729,retained
1,Curve00730,retained
1,Curve00731,retained
1,Curve00732,retained
1,Curve00733,retained
1,Curve00734,retained
1,Curve00735,retained
1,Curve00736,retained
1,Curve00737,retained
1,Curve00738,retained
1,Curve00739,retained
1,Curve00740,retained
1,Curve00741,retained
1,Curve00742,retained
1,Curve00743,retained
1,Curve00744,retained
1,Curve00745,retained
1,Curve00746,retained
1,Curve00747,retained
1,Curve00748,retained
1,Curve00749,retained
1,Curve00750,retained
1,Curve00751,retained
1,Curve00752,retained
1,Curve00753,retained
1,Curve00754,retained
1,Curve00755,retained
1,Curve00756,retained
1,Curve00757,retained
1,Curve00758,retained
1,Curve00759,retained
1,Curve00760,retained
1,Curve00761,retained
1,Curve00762,retained
1,Curve00763,retained
1,Curve00764,retained
1,Curve00765,retained
1,Curve00766,retained
1,Curve00767,retained
1,Curve00768,retained
1,Curve00769,retained
1,Curve00770,retained
1,Curve00771,retained
1,Curve00772,retained
1,Curve00773,retained
1,Curve00774,retained
1,Curve00775,retained
1,Curve00776,retained
1,Curve00777,retained
1,Curve00778,retained
1,Curve00779,retained
1,Curve00780,retained
1,Curve00781,retained
1,Curve00782,retained
1,Curve00783,retained
1,Curve00784,retained
1,Curve00785,retained
1,Curve00786,retained
1,Curve00787,retained
1,Curve00788,retained
1,Curve00789,retained
1,Curve00790,retained
1,Curve00791,retained
1,Curve00792,retained
1,Curve00793,retained
1,Curve00794,retained
1,Curve00795,retained
1,Curve00796,retained
1,Curve00797,retained
1,Curve00798,retained
1,Curve00799,retained
1,Curve00800,retained
1,Curve00801,retained
1,Curve00802,retained
1,Curve00803,retained
1,Curve00804,retained
1,Curve00805,retained
1,Curve00806,retained
1,Curve00807,retained
1,Curve00808,retained
1,Curve00809,retained
1,Curve00810,retained
1,Curve00811,retained
1,Curve00812,retained
1,Curve00813,retained
1,Curve00814,retained
1,Curve00815,retained
1,Curve00816,retained
1,Curve00817,retained
1,Curve00818,retained
1,Curve00819,retained
1,Curve00820,retained
1,Curve00821,retained
1,Curve00822,retained
1,Curve00823,retained
1,Curve00824,retained
1,Curve00825,retained
1,Curve00826,retained
1,Curve00827,retained
1,Curve00828,retained
1,Curve00829,retained
1,Curve00830,retained
1,Curve00831,retained
1,Curve00832,retained
1,Curve00833,retained
1,Curve00834,retained
1,Curve00835,retained
1,Curve00836,retained
1,Curve00837,retained
1,Curve00838,retained
1,Curve00839,retained
1,Curve00840,retained
1,Curve00841,retained
1,Curve00842,retained
1,Curve00843,retained
1,Curve00844,retained
1,Curve00845,retained
1,Curve00846,retained
1,Curve00847,retained
1,Curve00848,retained
1,Curve00849,retained
1,Curve00850,retained
1,Curve00851,retained
1,Curve00852,retained
1,Curve00853,retained
1,Curve00854,retained
1,Curve00855,retained
1,Curve00856,retained
1,Curve00857,retained
1,Curve00858,retained
1,Curve00859,retained
1,Curve00860,retained
1,Curve00861,retained
1,Curve00862,retained
1,Curve00863,retained
1,Curve00864,retained
1,Curve00865,retained
1,Curve00866,retained
1,Curve00867,retained
1,Curve00868,retained
1,Curve00869,retained
1,Curve00870,retained
1,Curve00871,retained
1,Curve00872,retained
1,Curve00873,retained
1,Curve00874,retained
1,Curve00875,retained
1,Curve00876,retained
1,Curve00877,retained
1,Curve00878,retained
1,Curve00879,retained
1,Curve00880,retained
1,Curve00881,retained
1,Curve00882,retained
1,Curve00883,retained
1,Curve00884,retained
1,Curve00885,retained
1,Curve00886,retained
1,Curve00887,retained
1,Curve00888,retained
1,Curve00889,retained
1,Curve00890,retained
1,Curve00891,retained
1,Curve00892,retained
1,Curve00893,retained
1,Curve00894,retained
1,Curve00895,retained
1,Curve00896,retained
1,Curve00897,retained
1,Curve00898,retained
1,Curve00899,retained
1,Curve00900,retained
1,Curve00901,retained
1,Curve00902,retained
1,Curve00903,retained
1,Curve00904,retained
1,Curve00905,retained
1,Curve00906,retained
1,Curve00907,retained
1,Curve00908,retained
1,Curve00909,retained
1,Curve00910,retained
1,Curve00911,retained
1,Curve00912,retained
1,Curve00913,retained
1,Curve00914,retained
1,Curve00915,retained
1,Curve00916,retained
1,Curve00917,retained
1,Curve00918,retained
1,Curve00919,retained
1,Curve00920,retained
1,Curve00921,retained
1,Curve00922,retained
1,Curve00923,retained
1,Curve00924,retained
1,Curve00925,retained
1,Curve00926,retained
1,Curve00927,retained
1,Curve00928,retained
1,Curve00929,retained
1,Curve00930,retained
1,Curve00931,retained
1,Curve00932,retained
1,Curve00933,retained
1,Curve00934,retained
1,Curve00935,retained
1,Curve00936,retained
1,Curve00937,retained
1,Curve00938,retained
1,Curve00939,retained
1,Curve00940,retained
1,Curve00941,retained
1,Curve00942,retained
1,Curve00943,retained
1,Curve00944,retained
1,Curve00945,retained
1,Curve00946,retained
1,Curve00947,retained
1,Curve00948,retained
1,Curve00949,retained
1,Curve00950,retained
1,Curve00951,retained
1,Curve00952,retained
1,Curve00953,retained
1,Curve00954,retained
1,Curve00955,retained
1,Curve00956,retained
1,Curve00957,retained
1,Curve00958,retained
1,Curve00959,retained
1,Curve00960,retained
1,Curve00961,retained
1,Curve00962,retained
1,Curve00963,retained
1,Curve00964,retained
1,Curve00965,retained
1,Curve00966,retained
1,Curve00967,retained
1,Curve00968,retained
1,Curve00969,retained
1,Curve00970,retained
1,Curve00971,retained
1,Curve00972,retained
1,Curve00973,retained
1,Curve00974,retained
1,Curve00975,retained
1,Curve00976,retained
1,Curve00977,retained
1,Curve00978,retained
1,Curve00979,retained
1,Curve00980,retained
1,Curve00981,retained
1,Curve00982,retained
1,Curve00983,retained
1,Curve00984,retained
1,Curve00985,retained
1,Curve00986,retained
1,Curve00987,retained
1,Curve00988,retained
1,Curve00989,retained
1,Curve00990,retained
1,Curve00991,retained
1,Curve00992,retained
1,Curve00993,retained
1,Curve00994,retained
1,Curve00995,retained
1,Curve00996,retained
1,Curve00997,retained
1,Curve00998,retained
1,Curve00999,retained
1,Curve01000,retained
1,Curve01001,retained
1,Curve01002,retained
1,Curve01003,retained
1,Curve01004,retained
1,Curve01005,retained
1,Curve01006,retained
1,Curve01007,retained
1,Curve01008,retained
1,Curve01009,retained
1,Curve01010,retained
1,Curve01011,retained
1,Curve01012,retained
1,Curve01013,retained
1,Curve01014,retained
1,Curve01015,retained
1,Curve01016,retained
1,Curve01017,retained
1,Curve01018,retained
1,Curve01019,retained
1,Curve01020,retained
1,Curve01021,retained
1,Curve01022,retained
1,Curve01023,retained
1,Curve01024,retained
1,Curve01025,retained
1,Curve01026,retained
1,Curve01027,retained
1,Curve01028,retained
1,Curve01029,retained
1,Curve01030,retained
1,Curve01031,retained
1,Curve01032,retained
1,Curve01033,retained
1,Curve01034,retained
1,Curve01035,retained
1,Curve01036,retained
1,Curve01037,retained
1,Curve01038,retained
1,Curve01039,retained
1,Curve01040,retained
1,Curve01041,retained
1,Curve01042,retained
1,Curve01043,retained
1,Curve01044,retained
1,Curve01045,retained
1,Curve01046,retained
1,Curve01047,retained
1,Curve01048,retained
1,Curve01049,retained
1,Curve01050,retained
1,Curve01051,retained
1,Curve01052,retained
1,Curve01053,retained
1,Curve01054,retained
1,Curve01055,retained
1,Curve01056,retained
1,Curve01057,retained
1,Curve01058,retained
1,Curve01059,retained
1,Curve01060,retained
1,Curve01061,retained
1,Curve01062,retained
1,Curve01063,retained
1,Curve01064,retained
1,Curve01065,retained
1,Curve01066,retained
1,Curve01067,retained
1,Curve01068,retained
1,Curve01069,retained
1,Curve01070,retained
1,Curve01071,retained
1,Curve01072,retained
1,Curve01073,retained
1,Curve01074,retained
1,Curve01075,retained
1,Curve01076,retained
1,Curve01077,retained
1,Curve01078,retained
1,Curve01079,retained
1,Curve01080,retained
1,Curve01081,retained
1,Curve01082,retained
1,Curve01083,retained
1,Curve01084,retained
1,Curve01085,retained
1,Curve01086,retained
1,Curve01087,retained
1,Curve01088,retained
1,Curve01089,retained
1,Curve01090,retained
1,Curve01091,retained
1,Curve01092,retained
1,Curve01093,retained
1,Curve01094,retained
1,Curve01095,retained
1,Curve01096,retained
1,Curve01097,retained
1,Curve01098,retained
1,Curve01099,retained
1,Curve01100,retained
1,Curve01101,retained
1,Curve01102,retained
1,Curve01103,retained
1,Curve01104,retained
1,Curve01105,retained
1,Curve01106,retained
1,Curve01107,retained
1,Curve01108,retained
1,Curve01109,retained
1,Curve01110,retained
1,Curve01111,retained
1,Curve01112,retained
1,Curve01113,retained
1,Curve01114,retained
1,Curve01115,retained
1,Curve01116,retained
1,Curve01117,retained
1,Curve01118,retained
1,Curve01119,retained
1,Curve01120,retained
1,Curve01121,retained
1,Curve01122,retained
1,Curve01123,retained
1,Curve01124,retained
1,Curve01125,retained
1,Curve01126,retained
1,Curve01127,retained
1,Curve01128,retained
1,Curve01129,retained
1,Curve01130,retained
1,Curve01131,retained
1,Curve01132,retained
1,Curve01133,retained
1,Curve01134,retained
1,Curve01135,retained
1,Curve01136,retained
1,Curve01137,retained
1,Curve01138,retained
1,Curve01139,retained
1,Curve01140,retained
1,Curve01141,retained
1,Curve01142,retained
1,Curve01143,retained
1,Curve01144,retained
1,Curve01145,retained
1,Curve01146,retained
1,Curve01147,retained
1,Curve01148,retained
1,Curve01149,retained
1,Curve01150,retained
1,Curve01151,retained
1,Curve01152,retained
1,Curve01153,retained
1,Curve01154,retained
1,Curve01155,retained
1,Curve01156,retained
1,Curve01157,retained
1,Curve01158,retained
1,Curve01159,retained
1,Curve01160,retained
1,Curve01161,retained
1,Curve01162,retained
1,Curve01163,retained
1,Curve01164,retained
1,Curve01165,retained
1,Curve01166,retained
1,Curve01167,retained
1,Curve01168,retained
1,Curve01169,retained
1,Curve01170,retained
1,Curve01171,retained
1,Curve01172,retained
1,Curve01173,retained
1,Curve01174,retained
1,Curve01175,retained
1,Curve01176,retained
1,Curve01177,retained
1,Curve01178,retained
1,Curve01179,retained
1,Curve01180,retained
1,Curve01181,retained
1,Curve01182,retained
1,Curve01183,retained
1,Curve01184,retained
1,Curve01185,retained
1,Curve01186,retained
1,Curve01187,retained
1,Curve01188,retained
1,Curve01189,retained
1,Curve01190,retained
1,Curve01191,retained
1,Curve01192,retained
1,Curve01193,retained
1,Curve01194,retained
1,Curve01195,retained
1,Curve01196,retained
1,Curve01197,retained
1,Curve01198,retained
1,Curve01199,retained
1,Curve01200,retained
1,Curve01201,retained
1,Curve01202,retained
1,Curve01203,retained
1,Curve01204,retained
1,Curve01205,retained
1,Curve01206,retained
1,Curve01207,retained
1,Curve01208,retained
1,Curve01209,retained
1,Curve01210,retained
1,Curve01211,retained
1,Curve01212,retained
1,Curve01213,retained
1,Curve01214,retained
1,Curve01215,retained
1,Curve01216,retained
1,Curve01217,retained
1,Curve01218,retained
1,Curve01219,retained
1,Curve01220,retained
1,Curve01221,retained
1,Curve01222,retained
1,Curve01223,retained
1,Curve01224,retained
1,Curve01225,retained
1,Curve01226,retained
1,Curve01227,retained
1,Curve01228,retained
1,Curve01229,retained
1,Curve01230,retained
1,Curve01231,retained
1,Curve01232,retained
1,Curve01233,retained
1,Curve01234,retained
1,Curve01235,retained
1,Curve01236,retained
1,Curve01237,retained
1,Curve01238,retained
1,Curve01239,retained
1,Curve01240,retained
1,Curve01241,retained
1,Curve01242,retained
1,Curve01243,retained
1,Curve01244,retained
1,Curve01245,retained
1,Curve01246,retained
1,Curve01247,retained
1,Curve01248,retained
1,Curve01249,retained
1,Curve01250,retained
1,Curve01251,retained
1,Curve01252,retained
1,Curve01253,retained
1,Curve01254,retained
1,Curve01255,retained
1,Curve01256,retained
1,Curve01257,retained
1,Curve01258,retained
1,Curve01259,retained
1,Curve01260,retained
1,Curve01261,retained
1,Curve01262,retained
1,Curve01263,retained
1,Curve01264,retained
1,Curve01265,retained
1,Curve01266,retained
1,Curve01267,retained
1,Curve01268,retained
1,Curve01269,retained
1,Curve01270,retained
1,Curve01271,retained
1,Curve01272,retained
1,Curve01273,retained
1,Curve01274,retained
1,Curve01275,retained
1,Curve01276,retained
1,Curve01277,retained
1,Curve01278,retained
1,Curve01279,retained
1,Curve01280,retained
1,Curve01281,retained
1,Curve01282,retained
1,Curve01283,retained
1,Curve01284,retained
1,Curve01285,retained
1,Curve01286,retained
1,Curve01287,retained
1,Curve01288,retained
1,Curve01289,retained
1,Curve01290,retained
1,Curve01291,retained
1,Curve01292,retained
1,Curve01293,retained
1,Curve01294,retained
1,Curve01295,retained
1,Curve01296,retained
1,Curve01297,retained
1,Curve01298,retained
1,Curve01299,retained
1,Curve01300,retained
1,Curve01301,retained
1,Curve01302,retained
1,Curve01303,retained
1,Curve01304,retained
1,Curve01305,retained
1,Curve01306,retained
1,Curve01307,retained
1,Curve01308,retained
1,Curve01309,retained
1,Curve01310,retained
1,Curve01311,retained
1,Curve01312,retained
1,Curve01313,retained
1,Curve01314,retained
1,Curve01315,retained
1,Curve01316,retained
1,Curve01317,retained
1,Curve01318,retained
1,Curve01319,retained
1,Curve01320,retained
1,Curve01321,retained
1,Curve01322,retained
1,Curve01323,retained
1,Curve01324,retained
1,Curve01325,retained
1,Curve01326,retained
1,Curve01327,retained
1,Curve01328,retained
1,Curve01329,retained
1,Curve01330,retained
1,Curve01331,retained
1,Curve01332,retained
1,Curve01333,retained
1,Curve01334,retained
1,Curve01335,retained
1,Curve01336,retained
1,Curve01337,retained
1,Curve01338,retained
1,Curve01339,retained
1,Curve01340,retained
1,Curve01341,retained
1,Curve01342,retained
1,Curve01343,retained
1,Curve01344,retained
1,Curve01345,retained
1,Curve01346,retained
1,Curve01347,retained
1,Curve01348,retained
1,Curve01349,retained
1,Curve01350,retained
1,Curve01351,retained
1,Curve01352,retained
1,Curve01353,retained
1,Curve01354,retained
1,Curve01355,retained
1,Curve01356,retained
1,Curve01357,retained
1,Curve01358,retained
1,Curve01359,retained
1,Curve01360,retained
1,Curve01361,retained
1,Curve01362,retained
1,Curve01363,retained
1,Curve01364,retained
1,Curve01365,retained
1,Curve01366,retained
1,Curve01367,retained
1,Curve01368,retained
1,Curve01369,retained
1,Curve01370,retained
1,Curve01371,retained
1,Curve01372,retained
1,Curve01373,retained
1,Curve01374,retained
1,Curve01375,retained
1,Curve01376,retained
1,Curve01377,retained
1,Curve01378,retained
1,Curve01379,retained
1,Curve01380,retained
1,Curve01381,retained
1,Curve01382,retained
1,Curve01383,retained
1,Curve01384,retained
1,Curve01385,retained
1,Curve01386,retained
1,Curve01387,retained
1,Curve01388,retained
1,Curve01389,retained
1,Curve01390,retained
1,Curve01391,retained
1,Curve01392,retained
1,Curve01393,retained
1,Curve01394,retained
1,Curve01395,retained
1,Curve01396,retained
1,Curve01397,retained
1,Curve01398,retained
1,Curve01399,retained
1,Curve01400,retained
1,Curve01401,retained
1,Curve01402,retained
1,Curve01403,retained
1,Curve01404,retained
1,Curve01405,retained
1,Curve01406,retained
1,Curve01407,retained
1,Curve01408,retained
1,Curve01409,retained
1,Curve01410,retained
1,Curve01411,retained
1,Curve01412,retained
1,Curve01413,retained
1,Curve01414,retained
1,Curve01415,retained
1,Curve01416,retained
1,Curve01417,retained
1,Curve01418,retained
1,Curve01419,retained
1,Curve01420,retained
1,Curve01421,retained
1,Curve01422,retained
1,Curve01423,retained
1,Curve01424,retained
1,Curve01425,retained
1,Curve01426,retained
1,Curve01427,retained
1,Curve01428,retained
1,Curve01429,retained
1,Curve01430,retained
1,Curve01431,retained
1,Curve01432,retained
1,Curve01433,retained
1,Curve01434,retained
1,Curve01435,retained
1,Curve01436,retained
1,Curve01437,retained
1,Curve01438,retained
1,Curve01439,retained
1,Curve01440,retained
1,Curve01441,retained
1,Curve01442,retained
1,Curve01443,retained
1,Curve01444,retained
1,Curve01445,retained
1,Curve01446,retained
1,Curve01447,retained
1,Curve01448,retained
1,Curve01449,retained
1,Curve01450,retained
1,Curve01451,retained
1,Curve01452,retained
1,Curve01453,retained
1,Curve01454,retained
1,Curve01455,retained
1,Curve01456,retained
1,Curve01457,retained
1,Curve01458,retained
1,Curve01459,retained
1,Curve01460,retained
1,Curve01461,retained
1,Curve01462,retained
1,Curve01463,retained
1,Curve01464,retained
1,Curve01465,retained
1,Curve01466,retained
1,Curve01467,retained
1,Curve01468,retained
1,Curve01469,retained
1,Curve01470,retained
1,Curve01471,retained
1,Curve01472,retained
1,Curve01473,retained
1,Curve01474,retained
1,Curve01475,retained
1,Curve01476,retained
1,Curve01477,retained
1,Curve01478,retained
1,Curve01479,retained
1,Curve01480,retained
1,Curve01481,retained
1,Curve01482,retained
1,Curve01483,retained
1,Curve01484,retained
1,Curve01485,retained
1,Curve01486,retained
1,Curve01487,retained
1,Curve01488,retained
1,Curve01489,retained
1,Curve01490,retained
1,Curve01491,retained
1,Curve01492,retained
1,Curve01493,retained
1,Curve01494,retained
1,Curve01495,retained
1,Curve01496,retained
1,Curve01497,retained
1,Curve01498,retained
1,Curve01499,retained
1,Curve01500,retained
1,Curve01501,retained
1,Curve01502,retained
1,Curve01503,retained
1,Curve01504,retained
1,Curve01505,retained
1,Curve01506,retained
1,Curve01507,retained
1,Curve01508,retained
1,Curve01509,retained
1,Curve01510,retained
1,Curve01511,retained
1,Curve01512,retained
1,Curve01513,retained
1,Curve01514,retained
1,Curve01515,retained
1,Curve01516,retained
1,Curve01517,retained
1,Curve01518,retained
1,Curve01519,retained
1,Curve01520,retained
1,Curve01521,retained
1,Curve01522,retained
1,Curve01523,retained
1,Curve01524,retained
1,Curve01525,retained
1,Curve01526,retained
1,Curve01527,retained
1,Curve01528,retained
1,Curve01529,retained
1,Curve01530,retained
1,Curve01531,retained
1,Curve01532,retained
1,Curve01533,retained
1,Curve01534,retained
1,Curve01535,retained
1,Curve01536,retained
1,Curve01537,retained
1,Curve01538,retained
1,Curve01539,retained
1,Curve01540,retained
1,Curve01541,retained
1,Curve01542,retained
1,Curve01543,retained
1,Curve01544,retained
1,Curve01545,retained
1,Curve01546,retained
1,Curve01547,retained
1,Curve01548,retained
1,Curve01549,retained
1,Curve01550,retained
1,Curve01551,retained
1,Curve01552,retained
1,Curve01553,retained
1,Curve01554,retained
1,Curve01555,retained
1,Curve01556,retained
1,Curve01557,retained
1,Curve01558,retained
1,Curve01559,retained
1,Curve01560,retained
1,Curve01561,retained
1,Curve01562,retained
1,Curve01563,retained
1,Curve01564,retained
1,Curve01565,retained
1,Curve01566,retained
1,Curve01567,retained
1,Curve01568,retained
1,Curve01569,retained
1,Curve01570,retained
1,Curve01571,retained
1,Curve01572,retained
1,Curve01573,retained
1,Curve01574,retained
1,Curve01575,retained
1,Curve01576,retained
1,Curve01577,retained
1,Curve01578,retained
1,Curve01579,retained
1,Curve01580,retained
1,Curve01581,retained
1,Curve01582,retained
1,Curve01583,retained
1,Curve01584,retained
1,Curve01585,retained
1,Curve01586,retained
1,Curve01587,retained
1,Curve01588,retained
1,Curve01589,retained
1,Curve01590,retained
1,Curve01591,retained
1,Curve01592,retained
1,Curve01593,retained
1,Curve01594,retained
1,Curve01595,retained
1,Curve01596,retained
1,Curve01597,retained
1,Curve01598,retained
1,Curve01599,retained
1,Curve01600,retained
1,Curve01601,retained
1,Curve01602,retained
1,Curve01603,retained
1,Curve01604,retained
1,Curve01605,retained
1,Curve01606,retained
1,Curve01607,retained
1,Curve01608,retained
1,Curve01609,retained
1,Curve01610,retained
1,Curve01611,retained
1,Curve01612,retained
1,Curve01613,retained
1,Curve01614,retained
1,Curve01615,retained
1,Curve01616,retained
1,Curve01617,retained
1,Curve01618,retained
1,Curve01619,retained
1,Curve01620,retained
1,Curve01621,retained
1,Curve01622,retained
1,Curve01623,retained
1,Curve01624,retained
1,Curve01625,retained
1,Curve01626,retained
1,Curve01627,retained
1,Curve01628,retained
1,Curve01629,retained
1,Curve01630,retained
1,Curve01631,retained
1,Curve01632,retained
1,Curve01633,retained
1,Curve01634,retained
1,Curve01635,retained
1,Curve01636,retained
1,Curve01637,retained
1,Curve01638,retained
1,Curve01639,retained
1,Curve01640,retained
1,Curve01641,retained
1,Curve01642,retained
1,Curve01643,retained
1,Curve01644,retained
1,Curve01645,retained
1,Curve01646,retained
1,Curve01647,retained
1,Curve01648,retained
1,Curve01649,retained
1,Curve01650,retained
1,Curve01651,retained
1,Curve01652,retained
1,Curve01653,retained
1,Curve01654,retained
1,Curve01655,retained
1,Curve01656,retained
1,Curve01657,retained
1,Curve01658,retained
1,Curve01659,retained
1,Curve01660,retained
1,Curve01661,retained
1,Curve01662,retained
1,Curve01663,retained
1,Curve01664,retained
1,Curve01665,retained
1,Curve01666,retained
1,Curve01667,retained
1,Curve01668,retained
1,Curve01669,retained
1,Curve01670,retained
1,Curve01671,retained
1,Curve01672,retained
1,Curve01673,retained
1,Curve01674,retained
1,Curve01675,retained
1,Curve01676,retained
1,Curve01677,retained
1,Curve01678,retained
1,Curve01679,retained
1,Curve01680,retained
1,Curve01681,retained
1,Curve01682,retained
1,Curve01683,retained
1,Curve01684,retained
1,Curve01685,retained
1,Curve01686,retained
1,Curve01687,retained
1,Curve01688,retained
1,Curve01689,retained
1,Curve01690,retained
1,Curve01691,retained
1,Curve01692,retained
1,Curve01693,retained
1,Curve01694,retained
1,Curve01695,retained
1,Curve01696,retained
1,Curve01697,retained
1,Curve01698,retained
1,Curve01699,retained
1,Curve01700,retained
1,Curve01701,retained
1,Curve01702,retained
1,Curve01703,retained
1,Curve01704,retained
1,Curve01705,retained
1,Curve01706,retained
1,Curve01707,retained
1,Curve01708,retained
1,Curve01709,retained
1,Curve01710,retained
1,Curve01711,retained
1,Curve01712,retained
1,Curve01713,retained
1,Curve01714,retained
1,Curve01715,retained
1,Curve01716,retained
1,Curve01717,retained
1,Curve01718,retained
1,Curve01719,retained
1,Curve01720,retained
1,Curve01721,retained
1,Curve01722,retained
1,Curve01723,retained
1,Curve01724,retained
1,Curve01725,retained
1,Curve01726,retained
1,Curve01727,retained
1,Curve01728,retained
1,Curve01729,retained
1,Curve01730,retained
1,Curve01731,retained
1,Curve01732,retained
1,Curve01733,retained
1,Curve01734,retained
1,Curve01735,retained
1,Curve01736,retained
1,Curve01737,retained
1,Curve01738,retained
1,Curve01739,retained
1,Curve01740,retained
1,Curve01741,retained
1,Curve01742,retained
1,Curve01743,retained
1,Curve01744,retained
1,Curve01745,retained
1,Curve01746,retained
1,Curve01747,retained
1,Curve01748,retained
1,Curve01749,retained
1,Curve01750,retained
1,Curve01751,retained
1,Curve01752,retained
1,Curve01753,retained
1,Curve01754,retained
1,Curve01755,retained
1,Curve01756,retained
1,Curve01757,retained
1,Curve01758,retained
1,Curve01759,retained
1,Curve01760,retained
1,Curve01761,retained
1,Curve01762,retained
1,Curve01763,retained
1,Curve01764,retained
1,Curve01765,retained
1,Curve01766,retained
1,Curve01767,retained
1,Curve01768,retained
1,Curve01769,retained
1,Curve01770,retained
1,Curve01771,retained
1,Curve01772,retained
1,Curve01773,retained
1,Curve01774,retained
1,Curve01775,retained
1,Curve01776,retained
1,Curve01777,retained
1,Curve01778,retained
1,Curve01779,retained
1,Curve01780,retained
1,Curve01781,retained
1,Curve01782,retained
1,Curve01783,retained
1,Curve01784,retained
1,Curve01785,retained
1,Curve01786,retained
1,Curve01787,retained
1,Curve01788,retained
1,Curve01789,retained
1,Curve01790,retained
1,Curve01791,retained
1,Curve01792,retained
1,Curve01793,retained
1,Curve01794,retained
1,Curve01795,retained
1,Curve01796,retained
1,Curve01797,retained
1,Curve01798,retained
1,Curve01799,retained
1,Curve01800,retained
1,Curve01801,retained
1,Curve01802,retained
1,Curve01803,retained
1,Curve01804,retained
1,Curve01805,retained
1,Curve01806,retained
1,Curve01807,retained
1,Curve01808,retained
1,Curve01809,retained
1,Curve01810,retained
1,Curve01811,retained
1,Curve01812,retained
1,Curve01813,retained
1,Curve01814,retained
1,Curve01815,retained
1,Curve01816,retained
1,Curve01817,retained
1,Curve01818,retained
1,Curve01819,retained
1,Curve01820,retained
1,Curve01821,retained
1,Curve01822,retained
1,Curve01823,retained
1,Curve01824,retained
1,Curve01825,retained
1,Curve01826,retained
1,Curve01827,retained
1,Curve01828,retained
1,Curve01829,retained
1,Curve01830,retained
1,Curve01831,retained
1,Curve01832,retained
1,Curve01833,retained
1,Curve01834,retained
1,Curve01835,retained
1,Curve01836,retained
1,Curve01837,retained
1,Curve01838,retained
1,Curve01839,retained
1,Curve01840,retained
1,Curve01841,retained
1,Curve01842,retained
1,Curve01843,retained
1,Curve01844,retained
1,Curve01845,retained
1,Curve01846,retained
1,Curve01847,retained
1,Curve01848,retained
1,Curve01849,retained
1,Curve01850,retained
1,Curve01851,retained
1,Curve01852,retained
1,Curve01853,retained
1,Curve01854,retained
1,Curve01855,retained
1,Curve01856,retained
1,Curve01857,retained
1,Curve01858,retained
1,Curve01859,retained
1,Curve01860,retained
1,Curve01861,retained
1,Curve01862,retained
1,Curve01863,retained
1,Curve01864,retained
1,Curve01865,retained
1,Curve01866,retained
1,Curve01867,retained
1,Curve01868,retained
1,Curve01869,retained
1,Curve01870,retained
1,Curve01871,retained
1,Curve01872,retained
1,Curve01873,retained
1,Curve01874,retained
1,Curve01875,retained
1,Curve01876,retained
1,Curve01877,retained
1,Curve01878,retained
1,Curve01879,retained
1,Curve01880,retained
1,Curve01881,retained
1,Curve01882,retained
1,Curve01883,retained
1,Curve01884,retained
1,Curve01885,retained
1,Curve01886,retained
1,Curve01887,retained
1,Curve01888,retained
1,Curve01889,retained
1,Curve01890,retained
1,Curve01891,retained
1,Curve01892,retained
1,Curve01893,retained
1,Curve01894,retained
1,Curve01895,retained
1,Curve01896,retained
1,Curve01897,retained
1,Curve01898,retained
1,Curve01899,retained
1,Curve01900,retained
1,Curve01901,retained
1,Curve01902,retained
1,Curve01903,retained
1,Curve01904,retained
1,Curve01905,retained
1,Curve01906,retained
1,Curve01907,retained
1,Curve01908,retained
1,Curve01909,retained
1,Curve01910,retained
1,Curve01911,retained
1,Curve01912,retained
1,Curve01913,retained
1,Curve01914,retained
1,Curve01915,retained
1,Curve01916,retained
1,Curve01917,retained
1,Curve01918,retained
1,Curve01919,retained
1,Curve01920,retained
1,Curve01921,retained
1,Curve01922,retained
1,Curve01923,retained
1,Curve01924,retained
1,Curve01925,retained
1,Curve01926,retained
1,Curve01927,retained
1,Curve01928,retained
1,Curve01929,retained
1,Curve01930,retained
1,Curve01931,retained
1,Curve01932,retained
1,Curve01933,retained
1,Curve01934,retained
1,Curve01935,retained
1,Curve01936,retained
1,Curve01937,retained
1,Curve01938,retained
1,Curve01939,retained
1,Curve01940,retained
1,Curve01941,retained
1,Curve01942,retained
1,Curve01943,retained
1,Curve01944,retained
1,Curve01945,retained
1,Curve01946,retained
1,Curve01947,retained
1,Curve01948,retained
1,Curve01949,retained
1,Curve01950,retained
1,Curve01951,retained
1,Curve01952,retained
1,Curve01953,retained
1,Curve01954,retained
1,Curve01955,retained
1,Curve01956,retained
1,Curve01957,retained
1,Curve01958,retained
1,Curve01959,retained
1,Curve01960,retained
1,Curve01961,retained
1,Curve01962,retained
1,Curve01963,retained
1,Curve01964,retained
1,Curve01965,retained
1,Curve01966,retained
1,Curve01967,retained
1,Curve01968,retained
1,Curve01969,retained
1,Curve01970,retained
1,Curve01971,retained
1,Curve01972,retained
1,Curve01973,retained
1,Curve01974,retained
1,Curve01975,retained
1,Curve01976,retained
1,Curve01977,retained
1,Curve01978,retained
1,Curve01979,retained
1,Curve01980,retained
1,Curve01981,retained
1,Curve01982,retained
1,Curve01983,retained
1,Curve01984,retained
1,Curve01985,retained
1,Curve01986,retained
1,Curve01987,retained
1,Curve01988,retained
1,Curve01989,retained
1,Curve01990,retained
1,Curve01991,retained
1,Curve01992,retained
1,Curve01993,retained
1,Curve01994,retained
1,Curve01995,retained
1,Curve01996,retained
1,Curve01997,retained
1,Curve01998,retained
1,Curve01999,retained
1,Curve02000,retained
1,Curve02001,retained
1,Curve02002,retained
1,Curve02003,retained
1,Curve02004,retained
1,Curve02005,retained
1,Curve02006,retained
1,Curve02007,retained
1,Curve02008,retained
1,Curve02009,retained
1,Curve02010,retained
1,Curve02011,retained
1,Curve02012,retained
1,Curve02013,retained
1,Curve02014,retained
1,Curve02015,retained
1,Curve02016,retained
1,Curve02017,retained
1,Curve02018,retained
1,Curve02019,retained
1,Curve02020,retained
1,Curve02021,retained
1,Curve02022,retained
1,Curve02023,retained
1,Curve02024,retained
1,Curve02025,retained
1,Curve02026,retained
1,Curve02027,retained
1,Curve02028,retained
1,Curve02029,retained
1,Curve02030,retained
1,Curve02031,retained
1,Curve02032,retained
1,Curve02033,retained
1,Curve02034,retained
1,Curve02035,retained
1,Curve02036,retained
1,Curve02037,retained
1,Curve02038,retained
1,Curve02039,retained
1,Curve02040,retained
1,Curve02041,retained
1,Curve02042,retained
1,Curve02043,retained
1,Curve02044,retained
1,Curve02045,retained
1,Curve02046,retained
1,Curve02047,retained
1,Curve02048,retained
1,Curve02049,retained
1,Curve02050,retained
1,Curve02051,retained
1,Curve02052,retained
1,Curve02053,retained
1,Curve02054,retained
1,Curve02055,retained
1,Curve02056,retained
1,Curve02057,retained
1,Curve02058,retained
1,Curve02059,retained
1,Curve02060,retained
1,Curve02061,retained
1,Curve02062,retained
1,Curve02063,retained
1,Curve02064,retained
1,Curve02065,retained
1,Curve02066,retained
1,Curve02067,retained
1,Curve02068,retained
1,Curve02069,retained
1,Curve02070,retained
1,Curve02071,retained
1,Curve02072,retained
1,Curve02073,retained
1,Curve02074,retained
1,Curve02075,retained
1,Curve02076,retained
1,Curve02077,retained
1,Curve02078,retained
1,Curve02079,retained
1,Curve02080,retained
1,Curve02081,retained
1,Curve02082,retained
1,Curve02083,retained
1,Curve02084,retained
1,Curve02085,retained
1,Curve02086,retained
1,Curve02087,retained
1,Curve02088,retained
1,Curve02089,retained
1,Curve02090,retained
1,Curve02091,retained
1,Curve02092,retained
1,Curve02093,retained
1,Curve02094,retained
1,Curve02095,retained
1,Curve02096,retained
1,Curve02097,retained
1,Curve02098,retained
1,Curve02099,retained
1,Curve02100,retained
1,Curve02101,retained
1,Curve02102,retained
1,Curve02103,retained
1,Curve02104,retained
1,Curve02105,retained
1,Curve02106,retained
1,Curve02107,retained
1,Curve02108,retained
1,Curve02109,retained
1,Curve02110,retained
1,Curve02111,retained
1,Curve02112,retained
1,Curve02113,retained
1,Curve02114,retained
1,Curve02115,retained
1,Curve02116,retained
1,Curve02117,retained
1,Curve02118,retained
1,Curve02119,retained
1,Curve02120,retained
1,Curve02121,retained
1,Curve02122,retained
1,Curve02123,retained
1,Curve02124,retained
1,Curve02125,retained
1,Curve02126,retained
1,Curve02127,retained
1,Curve02128,retained
1,Curve02129,retained
1,Curve02130,retained
1,Curve02131,retained
1,Curve02132,retained
1,Curve02133,retained
1,Curve02134,retained
1,Curve02135,retained
1,Curve02136,retained
1,Curve02137,retained
1,Curve02138,retained
1,Curve02139,retained
1,Curve02140,retained
1,Curve02141,retained
1,Curve02142,retained
1,Curve02143,retained
1,Curve02144,retained
1,Curve02145,retained
1,Curve02146,retained
1,Curve02147,retained
1,Curve02148,retained
1,Curve02149,retained
1,Curve02150,retained
1,Curve02151,retained
1,Curve02152,retained
1,Curve02153,retained
1,Curve02154,retained
1,Curve02155,retained
1,Curve02156,retained
1,Curve02157,retained
1,Curve02158,retained
1,Curve02159,retained
1,Curve02160,retained
1,Curve02161,retained
1,Curve02162,retained
1,Curve02163,retained
1,Curve02164,retained
1,Curve02165,retained
1,Curve02166,retained
1,Curve02167,retained
1,Curve02168,retained
1,Curve02169,retained
1,Curve02170,retained
1,Curve02171,retained
1,Curve02172,retained
1,Curve02173,retained
1,Curve02174,retained
1,Curve02175,retained
1,Curve02176,retained
1,Curve02177,retained
1,Curve02178,retained
1,Curve02179,retained
1,Curve02180,retained
1,Curve02181,retained
1,Curve02182,retained
1,Curve02183,retained
1,Curve02184,retained
1,Curve02185,retained
1,Curve02186,retained
1,Curve02187,retained
1,Curve02188,retained
1,Curve02189,retained
1,Curve02190,retained
1,Curve02191,retained
1,Curve02192,retained
1,Curve02193,retained
1,Curve02194,retained
1,Curve02195,retained
1,Curve02196,retained
1,Curve02197,retained
1,Curve02198,retained
1,Curve02199,retained
1,Curve02200,retained
1,Curve02201,retained
1,Curve02202,retained
1,Curve02203,retained
1,Curve02204,retained
1,Curve02205,retained
1,Curve02206,retained
1,Curve02207,retained
1,Curve02208,retained
1,Curve02209,retained
1,Curve02210,retained
1,Curve02211,retained
1,Curve02212,retained
1,Curve02213,retained
1,Curve02214,retained
1,Curve02215,retained
1,Curve02216,retained
1,Curve02217,retained
1,Curve02218,retained
1,Curve02219,retained
1,Curve02220,retained
1,Curve02221,retained
1,Curve02222,retained
1,Curve02223,retained
1,Curve02224,retained
1,Curve02225,retained
1,Curve02226,retained
1,Curve02227,retained
1,Curve02228,retained
1,Curve02229,retained
1,Curve02230,retained
1,Curve02231,retained
1,Curve02232,retained
1,Curve02233,retained
1,Curve02234,retained
1,Curve02235,retained
1,Curve02236,retained
1,Curve02237,retained
1,Curve02238,retained
1,Curve02239,retained
1,Curve02240,retained
1,Curve02241,retained
1,Curve02242,retained
1,Curve02243,retained
1,Curve02244,retained
1,Curve02245,retained
1,Curve02246,retained
1,Curve02247,retained
1,Curve02248,retained
1,Curve02249,retained
1,Curve02250,retained
1,Curve02251,retained
1,Curve02252,retained
1,Curve02253,retained
1,Curve02254,retained
1,Curve02255,retained
1,Curve02256,retained
1,Curve02257,retained
1,Curve02258,retained
1,Curve02259,retained
1,Curve02260,retained
1,Curve02261,retained
1,Curve02262,retained
1,Curve02263,retained
1,Curve02264,retained
1,Curve02265,retained
1,Curve02266,retained
1,Curve02267,retained
1,Curve02268,retained
1,Curve02269,retained
1,Curve02270,retained
1,Curve02271,retained
1,Curve02272,retained
1,Curve02273,retained
1,Curve02274,retained
1,Curve02275,retained
1,Curve02276,retained
1,Curve02277,retained
1,Curve02278,retained
1,Curve02279,retained
1,Curve02280,retained
1,Curve02281,retained
1,Curve02282,retained
1,Curve02283,retained
1,Curve02284,retained
1,Curve02285,retained
1,Curve02286,retained
1,Curve02287,retained
1,Curve02288,retained
1,Curve02289,retained
1,Curve02290,retained
1,Curve02291,retained
1,Curve02292,retained
1,Curve02293,retained
1,Curve02294,retained
1,Curve02295,retained
1,Curve02296,retained
1,Curve02297,retained
1,Curve02298,retained
1,Curve02299,retained
1,Curve02300,retained
1,Curve02301,retained
1,Curve02302,retained
1,Curve02303,retained
1,Curve02304,retained
1,Curve02305,retained
1,Curve02306,retained
1,Curve02307,retained
1,Curve02308,retained
1,Curve02309,retained
1,Curve02310,retained
1,Curve02311,retained
1,Curve02312,retained
1,Curve02313,retained
1,Curve02314,retained
1,Curve02315,retained
1,Curve02316,retained
1,Curve02317,retained
1,Curve02318,retained
1,Curve02319,retained
1,Curve02320,retained
1,Curve02321,retained
1,Curve02322,retained
1,Curve02323,retained
1,Curve02324,retained
1,Curve02325,retained
1,Curve02326,retained
1,Curve02327,retained
1,Curve02328,retained
1,Curve02329,retained
1,Curve02330,retained
1,Curve02331,retained
1,Curve02332,retained
1,Curve02333,retained
1,Curve02334,retained
1,Curve02335,retained
1,Curve02336,retained
1,Curve02337,retained
1,Curve02338,retained
1,Curve02339,retained
1,Curve02340,retained
1,Curve02341,retained
1,Curve02342,retained
1,Curve02343,retained
1,Curve02344,retained
1,Curve02345,retained
1,Curve02346,retained
1,Curve02347,retained
1,Curve02348,retained
1,Curve02349,retained
1,Curve02350,retained
1,Curve02351,retained
1,Curve02352,retained
1,Curve02353,retained
1,Curve02354,retained
1,Curve02355,retained
1,Curve02356,retained
1,Curve02357,retained
1,Curve02358,retained
1,Curve02359,retained
1,Curve02360,retained
1,Curve02361,retained
1,Curve02362,retained
1,Curve02363,retained
1,Curve02364,retained
1,Curve02365,retained
1,Curve02366,retained
1,Curve02367,retained
1,Curve02368,retained
1,Curve02369,retained
1,Curve02370,retained
1,Curve02371,retained
1,Curve02372,retained
1,Curve02373,retained
1,Curve02374,retained
1,Curve02375,retained
1,Curve02376,retained
1,Curve02377,retained
1,Curve02378,retained
1,Curve02379,retained
1,Curve02380,retained
1,Curve02381,retained
1,Curve02382,retained
1,Curve02383,retained
1,Curve02384,retained
1,Curve02385,retained
1,Curve02386,retained
1,Curve02387,retained
1,Curve02388,retained
1,Curve02389,retained
1,Curve02390,retained
1,Curve02391,retained
1,Curve02392,retained
1,Curve02393,retained
1,Curve02394,retained
1,Curve02395,retained
1,Curve02396,retained
1,Curve02397,retained
1,Curve02398,retained
1,Curve02399,retained
1,Curve02400,retained
1,Curve02401,retained
1,Curve02402,retained
1,Curve02403,retained
1,Curve02404,retained
1,Curve02405,retained
1,Curve02406,retained
1,Curve02407,retained
1,Curve02408,retained
1,Curve02409,retained
1,Curve02410,retained
1,Curve02411,retained
1,Curve02412,retained
1,Curve02413,retained
1,Curve02414,retained
1,Curve02415,retained
1,Curve02416,retained
1,Curve02417,retained
1,Curve02418,retained
1,Curve02419,retained
1,Curve02420,retained
1,Curve02421,retained
1,Curve02422,retained
1,Curve02423,retained
1,Curve02424,retained
1,Curve02425,retained
1,Curve02426,retained
1,Curve02427,retained
1,Curve02428,retained
1,Curve02429,retained
1,Curve02430,retained
1,Curve02431,retained
1,Curve02432,retained
1,Curve02433,retained
1,Curve02434,retained
1,Curve02435,retained
1,Curve02436,retained
1,Curve02437,retained
1,Curve02438,retained
1,Curve02439,retained
1,Curve02440,retained
1,Curve02441,retained
1,Curve02442,retained
1,Curve02443,retained
1,Curve02444,retained
1,Curve02445,retained
1,Curve02446,retained
1,Curve02447,retained
1,Curve02448,retained
1,Curve02449,retained
1,Curve02450,retained
1,Curve02451,retained
1,Curve02452,retained
1,Curve02453,retained
1,Curve02454,retained
1,Curve02455,retained
1,Curve02456,retained
1,Curve02457,retained
1,Curve02458,retained
1,Curve02459,retained
1,Curve02460,retained
1,Curve02461,retained
1,Curve02462,retained
1,Curve02463,retained
1,Curve02464,retained
1,Curve02465,retained
1,Curve02466,retained
1,Curve02467,retained
1,Curve02468,retained
1,Curve02469,retained
1,Curve02470,retained
1,Curve02471,retained
1,Curve02472,retained
1,Curve02473,retained
1,Curve02474,retained
1,Curve02475,retained
1,Curve02476,retained
1,Curve02477,retained
1,Curve02478,retained
1,Curve02479,retained
1,Curve02480,retained
1,Curve02481,retained
1,Curve02482,retained
1,Curve02483,retained
1,Curve02484,retained
1,Curve02485,retained
1,Curve02486,retained
1,Curve02487,retained
1,Curve02488,retained
1,Curve02489,retained
1,Curve02490,retained
1,Curve02491,retained
1,Curve02492,retained
1,Curve02493,retained
1,Curve02494,retained
1,Curve02495,retained
1,Curve02496,retained
1,Curve02497,retained
1,Curve02498,retained
1,Curve02499,retained
1,Curve02500,retained
1,Curve02501,retained
1,Curve02502,retained
1,Curve02503,retained
1,Curve02504,retained
1,Curve02505,retained
1,Curve02506,retained
1,Curve02507,retained
1,Curve02508,retained
1,Curve02509,retained
1,Curve02510,retained
1,Curve02511,retained
1,Curve02512,retained
1,Curve02513,retained
1,Curve02514,retained
1,Curve02515,retained
1,Curve02516,retained
1,Curve02517,retained
1,Curve02518,retained
1,Curve02519,retained
1,Curve02520,retained
1,Curve02521,retained
1,Curve02522,retained
1,Curve02523,retained
1,Curve02524,retained
1,Curve02525,retained
1,Curve02526,retained
1,Curve02527,retained
1,Curve02528,retained
1,Curve02529,retained
1,Curve02530,retained
1,Curve02531,retained
1,Curve02532,retained
1,Curve02533,retained
1,Curve02534,retained
1,Curve02535,retained
1,Curve02536,retained
1,Curve02537,retained
1,Curve02538,retained
1,Curve02539,retained
1,Curve02540,retained
1,Curve02541,retained
1,Curve02542,retained
1,Curve02543,retained
1,Curve02544,retained
1,Curve02545,retained
1,Curve02546,retained
1,Curve02547,retained
1,Curve02548,retained
1,Curve02549,retained
1,Curve02550,retained
1,Curve02551,retained
1,Curve02552,retained
1,Curve02553,retained
1,Curve02554,retained
1,Curve02555,retained
1,Curve02556,retained
1,Curve02557,retained
1,Curve02558,retained
1,Curve02559,retained
1,Curve02560,retained
1,Curve02561,retained
1,Curve02562,retained
1,Curve02563,retained
1,Curve02564,retained
1,Curve02565,retained
1,Curve02566,retained
1,Curve02567,retained
1,Curve02568,retained
1,Curve02569,retained
1,Curve02570,retained
1,Curve02571,retained
1,Curve02572,retained
1,Curve02573,retained
1,Curve02574,retained
1,Curve02575,retained
1,Curve02576,retained
1,Curve02577,retained
1,Curve02578,retained
1,Curve02579,retained
1,Curve02580,retained
1,Curve02581,retained
1,Curve02582,retained
1,Curve02583,retained
1,Curve02584,retained
1,Curve02585,retained
1,Curve02586,retained
1,Curve02587,retained
1,Curve02588,retained
1,Curve02589,retained
1,Curve02590,retained
1,Curve02591,retained
1,Curve02592,retained
1,Curve02593,retained
1,Curve02594,retained
1,Curve02595,retained
1,Curve02596,retained
1,Curve02597,retained
1,Curve02598,retained
1,Curve02599,retained
1,Curve02600,retained
1,Curve02601,retained
1,Curve02602,retained
1,Curve02603,retained
1,Curve02604,retained
1,Curve02605,retained
1,Curve02606,retained
1,Curve02607,retained
1,Curve02608,retained
1,Curve02609,retained
1,Curve02610,retained
1,Curve02611,retained
1,Curve02612,retained
1,Curve02613,retained
1,Curve02614,retained
1,Curve02615,retained
1,Curve02616,retained
1,Curve02617,retained
1,Curve02618,retained
1,Curve02619,retained
1,Curve02620,retained
1,Curve02621,retained
1,Curve02622,retained
1,Curve02623,retained
1,Curve02624,retained
1,Curve02625,retained
1,Curve02626,retained
1,Curve02627,retained
1,Curve02628,retained
2,Curve02629,retained
2,Curve02630,retained
2,Curve02631,retained
2,Curve02632,retained
2,Curve02633,retained
2,Curve02634,retained
2,Curve02635,retained
2,Curve02636,retained
2,Curve02637,retained
2,Curve02638,retained
2,Curve02639,retained
2,Curve02640,retained
2,Curve02641,retained
2,Curve02642,retained
2,Curve02643,retained
2,Curve02644,retained
2,Curve02645,retained
2,Curve02646,retained
2,Curve02647,retained
2,Curve02648,retained
2,Curve02649,retained
2,Curve02650,retained
2,Curve02651,retained
2,Curve02652,retained
2,Curve02653,retained
2,Curve02654,retained
2,Curve02655,retained
2,Curve02656,retained
2,Curve02657,retained
2,Curve02658,retained
2,Curve02659,retained
2,Curve02660,retained
2,Curve02661,retained
2,Curve02662,retained
2,Curve02663,retained
2,Curve02664,retained
2,Curve02665,retained
2,Curve02666,retained
2,Curve02667,retained
2,Curve02668,retained
2,Curve02669,retained
2,Curve02670,retained
2,Curve02671,retained
2,Curve02672,retained
2,Curve02673,retained
2,Curve02674,retained
2,Curve02675,retained
2,Curve02676,retained
2,Curve02677,retained
2,Curve02678,retained
2,Curve02679,retained
2,Curve02680,retained
2,Curve02681,retained
2,Curve02682,retained
2,Curve02683,retained
2,Curve02684,retained
2,Curve02685,retained
2,Curve02686,retained
2,Curve02687,retained
2,Curve02688,retained
2,Curve02689,retained
2,Curve02690,retained
2,Curve02691,retained
2,Curve02692,retained
2,Curve02693,retained
2,Curve02694,retained
2,Curve02695,retained
2,Curve02696,retained
2,Curve02697,retained
2,Curve02698,retained
2,Curve02699,retained
2,Curve02700,retained
2,Curve02701,retained
2,Curve02702,retained
2,Curve02703,retained
2,Curve02704,retained
2,Curve02705,retained
2,Curve02706,retained
2,Curve02707,retained
2,Curve02708,retained
2,Curve02709,retained
2,Curve02710,retained
2,Curve02711,retained
2,Curve02712,retained
2,Curve02713,retained
2,Curve02714,retained
2,Curve02715,retained
2,Curve02716,retained
2,Curve02717,retained
2,Curve02718,retained
2,Curve02719,retained
2,Curve02720,retained
2,Curve02721,retained
2,Curve02722,retained
2,Curve02723,retained
2,Curve02724,retained
2,Curve02725,retained
2,Curve02726,retained
2,Curve02727,retained
2,Curve02728,retained
2,Curve02729,retained
2,Curve02730,retained
2,Curve02731,retained
2,Curve02732,retained
2,Curve02733,retained
2,Curve02734,retained
2,Curve02735,retained
2,Curve02736,retained
2,Curve02737,retained
2,Curve02738,retained
2,Curve02739,retained
2,Curve02740,retained
2,Curve02741,retained
2,Curve02742,retained
2,Curve02743,retained
2,Curve02744,retained
2,Curve02745,retained
2,Curve02746,retained
2,Curve02747,retained
2,Curve02748,retained
2,Curve02749,retained
2,Curve02750,retained
2,Curve02751,retained
2,Curve02752,retained
2,Curve02753,retained
2,Curve02754,retained
2,Curve02755,retained
2,Curve02756,retained
2,Curve02757,retained
2,Curve02758,retained
2,Curve02759,retained
2,Curve02760,retained
2,Curve02761,retained
2,Curve02762,retained
2,Curve02763,retained
2,Curve02764,retained
2,Curve02765,retained
2,Curve02766,retained
2,Curve02767,retained
2,Curve02768,retained
2,Curve02769,retained
2,Curve02770,retained
2,Curve02771,retained
2,Curve02772,retained
2,Curve02773,retained
2,Curve02774,retained
2,Curve02775,retained
2,Curve02776,retained
2,Curve02777,retained
2,Curve02778,retained
2,Curve02779,retained
2,Curve02780,retained
2,Curve02781,retained
2,Curve02782,retained
2,Curve02783,retained
2,Curve02784,retained
2,Curve02785,retained
2,Curve02786,retained
2,Curve02787,retained
2,Curve02788,retained
2,Curve02789,retained
2,Curve02790,retained
2,Curve02791,retained
2,Curve02792,retained
2,Curve02793,retained
2,Curve02794,retained
2,Curve02795,retained
2,Curve02796,retained
2,Curve02797,retained
2,Curve02798,retained
2,Curve02799,retained
2,Curve02800,retained
2,Curve02801,retained
2,Curve02802,retained
2,Curve02803,retained
2,Curve02804,retained
2,Curve02805,retained
2,Curve02806,retained
2,Curve02807,retained
2,Curve02808,retained
2,Curve02809,retained
2,Curve02810,retained
2,Curve02811,retained
2,Curve02812,retained
2,Curve02813,retained
2,Curve02814,retained
2,Curve02815,retained
2,Curve02816,retained
2,Curve02817,retained
2,Curve02818,retained
2,Curve02819,retained
2,Curve02820,retained
2,Curve02821,retained
2,Curve02822,retained
2,Curve02823,retained
2,Curve02824,retained
2,Curve02825,retained
2,Curve02826,retained
2,Curve02827,retained
2,Curve02828,retained
2,Curve02829,retained
2,Curve02830,retained
2,Curve02831,retained
2,Curve02832,retained
2,Curve02833,retained
2,Curve02834,retained
2,Curve02835,retained
2,Curve02836,retained
2,Curve02837,retained
2,Curve02838,retained
2,Curve02839,retained
2,Curve02840,retained
2,Curve02841,retained
2,Curve02842,retained
2,Curve02843,retained
2,Curve02844,retained
2,Curve02845,retained
2,Curve02846,retained
2,Curve02847,retained
2,Curve02848,retained
2,Curve02849,retained
2,Curve02850,retained
2,Curve02851,retained
2,Curve02852,retained
2,Curve02853,retained
2,Curve02854,retained
2,Curve02855,retained
2,Curve02856,retained
2,Curve02857,retained
2,Curve02858,retained
2,Curve02859,retained
2,Curve02860,retained
2,Curve02861,retained
2,Curve02862,retained
2,Curve02863,retained
2,Curve02864,retained
2,Curve02865,retained
2,Curve02866,retained
2,Curve02867,retained
2,Curve02868,retained
2,Curve02869,retained
2,Curve02870,retained
2,Curve02871,retained
2,Curve02872,retained
2,Curve02873,retained
2,Curve02874,retained
2,Curve02875,retained
2,Curve02876,retained
2,Curve02877,retained
2,Curve02878,retained
2,Curve02879,retained
2,Curve02880,retained
2,Curve02881,retained
2,Curve02882,retained
2,Curve02883,retained
2,Curve02884,retained
2,Curve02885,retained
2,Curve02886,retained
2,Curve02887,retained
2,Curve02888,retained
2,Curve02889,retained
2,Curve02890,retained
2,Curve02891,retained
2,Curve02892,retained
2,Curve02893,retained
2,Curve02894,retained
2,Curve02895,retained
2,Curve02896,retained
2,Curve02897,retained
2,Curve02898,retained
2,Curve02899,retained
2,Curve02900,retained
2,Curve02901,retained
2,Curve02902,retained
2,Curve02903,retained
2,Curve02904,retained
2,Curve02905,retained
2,Curve02906,retained
2,Curve02907,retained
2,Curve02908,retained
2,Curve02909,retained
2,Curve02910,retained
2,Curve02911,retained
2,Curve02912,retained
2,Curve02913,retained
2,Curve02914,retained
2,Curve02915,retained
2,Curve02916,retained
2,Curve02917,retained
2,Curve02918,retained
2,Curve02919,retained
2,Curve02920,retained
2,Curve02921,retained
2,Curve02922,retained
2,Curve02923,retained
2,Curve02924,retained
2,Curve02925,retained
2,Curve02926,retained
2,Curve02927,retained
2,Curve02928,retained
2,Curve02929,retained
2,Curve02930,retained
2,Curve02931,retained
2,Curve02932,retained
2,Curve02933,retained
2,Curve02934,retained
2,Curve02935,retained
2,Curve02936,retained
2,Curve02937,retained
2,Curve02938,retained
2,Curve02939,retained
2,Curve02940,retained
2,Curve02941,retained
2,Curve02942,retained
2,Curve02943,retained
2,Curve02944,retained
2,Curve02945,retained
2,Curve02946,retained
2,Curve02947,retained
2,Curve02948,retained
2,Curve02949,retained
2,Curve02950,retained
2,Curve02951,retained
2,Curve02952,retained
2,Curve02953,retained
2,Curve02954,retained
2,Curve02955,retained
2,Curve02956,retained
2,Curve02957,retained
2,Curve02958,retained
2,Curve02959,retained
2,Curve02960,retained
2,Curve02961,retained
2,Curve02962,retained
2,Curve02963,retained
2,Curve02964,retained
2,Curve02965,retained
2,Curve02966,retained
2,Curve02967,retained
2,Curve02968,retained
2,Curve02969,retained
2,Curve02970,retained
2,Curve02971,retained
2,Curve02972,retained
2,Curve02973,retained
2,Curve02974,retained
2,Curve02975,retained
2,Curve02976,retained
2,Curve02977,retained
2,Curve02978,retained
2,Curve02979,retained
2,Curve02980,retained
2,Curve02981,retained
2,Curve02982,retained
2,Curve02983,retained
2,Curve02984,retained
2,Curve02985,retained
2,Curve02986,retained
2,Curve02987,retained
2,Curve02988,retained
2,Curve02989,retained
2,Curve02990,retained
2,Curve02991,retained
2,Curve02992,retained
2,Curve02993,retained
2,Curve02994,retained
2,Curve02995,retained
2,Curve02996,retained
2,Curve02997,retained
2,Curve02998,retained
2,Curve02999,retained
2,Curve03000,retained
2,Curve03001,retained
2,Curve03002,retained
2,Curve03003,retained
2,Curve03004,retained
2,Curve03005,retained
2,Curve03006,retained
2,Curve03007,retained
2,Curve03008,retained
2,Curve03009,retained
2,Curve03010,retained
2,Curve03011,retained
2,Curve03012,retained
2,Curve03013,retained
2,Curve03014,retained
2,Curve03015,retained
2,Curve03016,retained
2,Curve03017,retained
2,Curve03018,retained
2,Curve03019,retained
2,Curve03020,retained
2,Curve03021,retained
2,Curve03022,retained
2,Curve03023,retained
2,Curve03024,retained
2,Curve03025,retained
2,Curve03026,retained
2,Curve03027,retained
2,Curve03028,retained
2,Curve03029,retained
2,Curve03030,retained
2,Curve03031,retained
2,Curve03032,retained
2,Curve03033,retained
2,Curve03034,retained
2,Curve03035,retained
2,Curve03036,retained
2,Curve03037,retained
2,Curve03038,retained
2,Curve03039,retained
2,Curve03040,retained
2,Curve03041,retained
2,Curve03042,retained
2,Curve03043,retained
2,Curve03044,retained
2,Curve03045,retained
2,Curve03046,retained
2,Curve03047,retained
2,Curve03048,retained
2,Curve03049,retained
2,Curve03050,retained
2,Curve03051,retained
2,Curve03052,retained
2,Curve03053,retained
2,Curve03054,retained
2,Curve03055,retained
2,Curve03056,retained
2,Curve03057,retained
2,Curve03058,retained
2,Curve03059,retained
2,Curve03060,retained
2,Curve03061,retained
2,Curve03062,retained
2,Curve03063,retained
2,Curve03064,retained
2,Curve03065,retained
2,Curve03066,retained
2,Curve03067,retained
2,Curve03068,retained
2,Curve03069,retained
2,Curve03070,retained
2,Curve03071,retained
2,Curve03072,retained
2,Curve03073,retained
2,Curve03074,retained
2,Curve03075,retained
2,Curve03076,retained
2,Curve03077,retained
2,Curve03078,retained
2,Curve03079,retained
2,Curve03080,retained
2,Curve03081,retained
2,Curve03082,retained
2,Curve03083,retained
2,Curve03084,retained
2,Curve03085,retained
2,Curve03086,retained
2,Curve03087,retained
2,Curve03088,retained
2,Curve03089,retained
2,Curve03090,retained
2,Curve03091,retained
2,Curve03092,retained
2,Curve03093,retained
2,Curve03094,retained
2,Curve03095,retained
2,Curve03096,retained
2,Curve03097,retained
2,Curve03098,retained
2,Curve03099,retained
2,Curve03100,retained
2,Curve03101,retained
2,Curve03102,retained
2,Curve03103,retained
2,Curve03104,retained
2,Curve03105,retained
2,Curve03106,retained
2,Curve03107,retained
2,Curve03108,retained
2,Curve03109,retained
2,Curve03110,retained
2,Curve03111,retained
2,Curve03112,retained
2,Curve03113,retained
2,Curve03114,retained
2,Curve03115,retained
2,Curve03116,retained
2,Curve03117,retained
2,Curve03118,retained
2,Curve03119,retained
2,Curve03120,retained
2,Curve03121,retained
2,Curve03122,retained
2,Curve03123,retained
2,Curve03124,retained
2,Curve03125,retained
2,Curve03126,retained
2,Curve03127,retained
2,Curve03128,retained
2,Curve03129,retained
2,Curve03130,retained
2,Curve03131,retained
2,Curve03132,retained
2,Curve03133,retained
2,Curve03134,retained
2,Curve03135,retained
2,Curve03136,retained
2,Curve03137,retained
2,Curve03138,retained
2,Curve03139,retained
2,Curve03140,retained
2,Curve03141,retained
2,Curve03142,retained
2,Curve03143,retained
2,Curve03144,retained
2,Curve03145,retained
2,Curve03146,retained
2,Curve03147,retained
2,Curve03148,retained
2,Curve03149,retained
2,Curve03150,retained
2,Curve03151,retained
2,Curve03152,retained
2,Curve03153,retained
2,Curve03154,retained
2,Curve03155,retained
2,Curve03156,retained
2,Curve03157,retained
2,Curve03158,retained
2,Curve03159,retained
2,Curve03160,retained
2,Curve03161,retained
2,Curve03162,retained
2,Curve03163,retained
2,Curve03164,retained
2,Curve03165,retained
2,Curve03166,retained
2,Curve03167,retained
2,Curve03168,retained
2,Curve03169,retained
2,Curve03170,retained
2,Curve03171,retained
2,Curve03172,retained
2,Curve03173,retained
2,Curve03174,retained
2,Curve03175,retained
2,Curve03176,retained
2,Curve03177,retained
2,Curve03178,retained
2,Curve03179,retained
2,Curve03180,retained
2,Curve03181,retained
2,Curve03182,retained
2,Curve03183,retained
2,Curve03184,retained
2,Curve03185,retained
2,Curve03186,retained
2,Curve03187,retained
2,Curve03188,retained
2,Curve03189,retained
2,Curve03190,retained
2,Curve03191,retained
2,Curve03192,retained
2,Curve03193,retained
2,Curve03194,retained
2,Curve03195,retained
2,Curve03196,retained
2,Curve03197,retained
2,Curve03198,retained
2,Curve03199,retained
2,Curve03200,retained
2,Curve03201,retained
2,Curve03202,retained
2,Curve03203,retained
2,Curve03204,retained
2,Curve03205,retained
2,Curve03206,retained
2,Curve03207,retained
2,Curve03208,retained
2,Curve03209,retained
2,Curve03210,retained
2,Curve03211,retained
2,Curve03212,retained
2,Curve03213,retained
2,Curve03214,retained
2,Curve03215,retained
2,Curve03216,retained
2,Curve03217,retained
2,Curve03218,retained
2,Curve03219,retained
2,Curve03220,retained
2,Curve03221,retained
2,Curve03222,retained
2,Curve03223,retained
2,Curve03224,retained
2,Curve03225,retained
2,Curve03226,retained
2,Curve03227,retained
2,Curve03228,retained
2,Curve03229,retained
2,Curve03230,retained
2,Curve03231,retained
2,Curve03232,retained
2,Curve03233,retained
2,Curve03234,retained
2,Curve03235,retained
2,Curve03236,retained
2,Curve03237,retained
2,Curve03238,retained
2,Curve03239,retained
2,Curve03240,retained
2,Curve03241,retained
2,Curve03242,retained
2,Curve03243,retained
2,Curve03244,retained
2,Curve03245,retained
2,Curve03246,retained
2,Curve03247,retained
2,Curve03248,retained
2,Curve03249,retained
2,Curve03250,retained
2,Curve03251,retained
2,Curve03252,retained
2,Curve03253,retained
2,Curve03254,retained
2,Curve03255,retained
2,Curve03256,retained
2,Curve03257,retained
2,Curve03258,retained
2,Curve03259,retained
2,Curve03260,retained
2,Curve03261,retained
2,Curve03262,retained
2,Curve03263,retained
2,Curve03264,retained
2,Curve03265,retained
2,Curve03266,retained
2,Curve03267,retained
2,Curve03268,retained
2,Curve03269,retained
2,Curve03270,retained
2,Curve03271,retained
2,Curve03272,retained
2,Curve03273,retained
2,Curve03274,retained
2,Curve03275,retained
2,Curve03276,retained
2,Curve03277,retained
2,Curve03278,retained
2,Curve03279,retained
2,Curve03280,retained
2,Curve03281,retained
2,Curve03282,retained
2,Curve03283,retained
2,Curve03284,retained
2,Curve03285,retained
2,Curve03286,retained
2,Curve03287,retained
2,Curve03288,retained
2,Curve03289,retained
2,Curve03290,retained
2,Curve03291,retained
2,Curve03292,retained
2,Curve03293,retained
2,Curve03294,retained
2,Curve03295,retained
2,Curve03296,retained
2,Curve03297,retained
2,Curve03298,retained
2,Curve03299,retained
2,Curve03300,retained
2,Curve03301,retained
2,Curve03302,retained
2,Curve03303,retained
2,Curve03304,retained
2,Curve03305,retained
2,Curve03306,retained
2,Curve03307,retained
2,Curve03308,retained
2,Curve03309,retained
2,Curve03310,retained
2,Curve03311,retained
2,Curve03312,retained
2,Curve03313,retained
2,Curve03314,retained
2,Curve03315,retained
2,Curve03316,retained
2,Curve03317,retained
2,Curve03318,retained
2,Curve03319,retained
2,Curve03320,retained
2,Curve03321,retained
2,Curve03322,retained
2,Curve03323,retained
2,Curve03324,retained
2,Curve03325,retained
2,Curve03326,retained
2,Curve03327,retained
2,Curve03328,retained
2,Curve03329,retained
2,Curve03330,retained
2,Curve03331,retained
2,Curve03332,retained
2,Curve03333,retained
2,Curve03334,retained
2,Curve03335,retained
2,Curve03336,retained
2,Curve03337,retained
2,Curve03338,retained
2,Curve03339,retained
2,Curve03340,retained
2,Curve03341,retained
2,Curve03342,retained
2,Curve03343,retained
2,Curve03344,retained
2,Curve03345,retained
2,Curve03346,retained
2,Curve03347,retained
2,Curve03348,retained
2,Curve03349,retained
2,Curve03350,retained
2,Curve03351,retained
2,Curve03352,retained
2,Curve03353,retained
2,Curve03354,retained
2,Curve03355,retained
2,Curve03356,retained
2,Curve03357,retained
2,Curve03358,retained
2,Curve03359,retained
2,Curve03360,retained
2,Curve03361,retained
2,Curve03362,retained
2,Curve03363,retained
2,Curve03364,retained
2,Curve03365,retained
2,Curve03366,retained
2,Curve03367,retained
2,Curve03368,retained
2,Curve03369,retained
2,Curve03370,retained
2,Curve03371,retained
2,Curve03372,retained
2,Curve03373,retained
2,Curve03374,retained
2,Curve03375,retained
2,Curve03376,retained
2,Curve03377,retained
2,Curve03378,retained
2,Curve03379,retained
2,Curve03380,retained
2,Curve03381,retained
2,Curve03382,retained
2,Curve03383,retained
2,Curve03384,retained
2,Curve03385,retained
2,Curve03386,retained
2,Curve03387,retained
2,Curve03388,retained
2,Curve03389,retained
2,Curve03390,retained
2,Curve03391,retained
2,Curve03392,retained
2,Curve03393,retained
2,Curve03394,retained
2,Curve03395,retained
2,Curve03396,retained
2,Curve03397,retained
2,Curve03398,retained
2,Curve03399,retained
2,Curve03400,retained
2,Curve03401,retained
2,Curve03402,retained
2,Curve03403,retained
2,Curve03404,retained
2,Curve03405,retained
2,Curve03406,retained
2,Curve03407,retained
2,Curve03408,retained
2,Curve03409,retained
2,Curve03410,retained
2,Curve03411,retained
2,Curve03412,retained
2,Curve03413,retained
2,Curve03414,retained
2,Curve03415,retained
2,Curve03416,retained
2,Curve03417,retained
2,Curve03418,retained
2,Curve03419,retained
2,Curve03420,retained
2,Curve03421,retained
2,Curve03422,retained
2,Curve03423,retained
2,Curve03424,retained
2,Curve03425,retained
2,Curve03426,retained
2,Curve03427,retained
2,Curve03428,retained
2,Curve03429,retained
2,Curve03430,retained
2,Curve03431,retained
2,Curve03432,retained
2,Curve03433,retained
2,Curve03434,retained
2,Curve03435,retained
2,Curve03436,retained
2,Curve03437,retained
2,Curve03438,retained
2,Curve03439,retained
2,Curve03440,retained
2,Curve03441,retained
2,Curve03442,retained
2,Curve03443,retained
2,Curve03444,retained
2,Curve03445,retained
2,Curve03446,retained
2,Curve03447,retained
2,Curve03448,retained
2,Curve03449,retained
2,Curve03450,retained
2,Curve03451,retained
2,Curve03452,retained
2,Curve03453,retained
2,Curve03454,retained
2,Curve03455,retained
2,Curve03456,retained
2,Curve03457,retained
2,Curve03458,retained
2,Curve03459,retained
2,Curve03460,retained
2,Curve03461,retained
2,Curve03462,retained
2,Curve03463,retained
2,Curve03464,retained
2,Curve03465,retained
2,Curve03466,retained
2,Curve03467,retained
2,Curve03468,retained
2,Curve03469,retained
2,Curve03470,retained
2,Curve03471,retained
2,Curve03472,retained
2,Curve03473,retained
2,Curve03474,retained
2,Curve03475,retained
2,Curve03476,retained
2,Curve03477,retained
2,Curve03478,retained
2,Curve03479,retained
2,Curve03480,retained
2,Curve03481,retained
2,Curve03482,retained
2,Curve03483,retained
2,Curve03484,retained
2,Curve03485,retained
2,Curve03486,retained
2,Curve03487,retained
2,Curve03488,retained
2,Curve03489,retained
2,Curve03490,retained
2,Curve03491,retained
2,Curve03492,retained
2,Curve03493,retained
2,Curve03494,retained
2,Curve03495,retained
2,Curve03496,retained
2,Curve03497,retained
2,Curve03498,retained
2,Curve03499,retained
2,Curve03500,retained
2,Curve03501,retained
2,Curve03502,retained
2,Curve03503,retained
2,Curve03504,retained
2,Curve03505,retained
2,Curve03506,retained
2,Curve03507,retained
2,Curve03508,retained
2,Curve03509,retained
2,Curve03510,retained
2,Curve03511,retained
2,Curve03512,retained
2,Curve03513,retained
2,Curve03514,retained
2,Curve03515,retained
2,Curve03516,retained
2,Curve03517,retained
2,Curve03518,retained
2,Curve03519,retained
2,Curve03520,retained
2,Curve03521,retained
2,Curve03522,retained
2,Curve03523,retained
2,Curve03524,retained
2,Curve03525,retained
2,Curve03526,retained
2,Curve03527,retained
2,Curve03528,retained
2,Curve03529,retained
2,Curve03530,retained
2,Curve03531,retained
2,Curve03532,retained
2,Curve03533,retained
2,Curve03534,retained
2,Curve03535,retained
2,Curve03536,retained
2,Curve03537,retained
2,Curve03538,retained
2,Curve03539,retained
2,Curve03540,retained
2,Curve03541,retained
2,Curve03542,retained
2,Curve03543,retained
2,Curve03544,retained
2,Curve03545,retained
2,Curve03546,retained
2,Curve03547,retained
2,Curve03548,retained
2,Curve03549,retained
2,Curve03550,retained
2,Curve03551,retained
2,Curve03552,retained
2,Curve03553,retained
2,Curve03554,retained
2,Curve03555,retained
2,Curve03556,retained
2,Curve03557,retained
2,Curve03558,retained
2,Curve03559,retained
2,Curve03560,retained
2,Curve03561,retained
2,Curve03562,retained
2,Curve03563,retained
2,Curve03564,retained
2,Curve03565,retained
2,Curve03566,retained
2,Curve03567,retained
2,Curve03568,retained
2,Curve03569,retained
2,Curve03570,retained
2,Curve03571,retained
2,Curve03572,retained
2,Curve03573,retained
2,Curve03574,retained
2,Curve03575,retained
2,Curve03576,retained
2,Curve03577,retained
2,Curve03578,retained
2,Curve03579,retained
2,Curve03580,retained
2,Curve03581,retained
2,Curve03582,retained
2,Curve03583,retained
2,Curve03584,retained
2,Curve03585,retained
2,Curve03586,retained
2,Curve03587,retained
2,Curve03588,retained
2,Curve03589,retained
2,Curve03590,retained
2,Curve03591,retained
2,Curve03592,retained
2,Curve03593,retained
2,Curve03594,retained
2,Curve03595,retained
2,Curve03596,retained
2,Curve03597,retained
2,Curve03598,retained
2,Curve03599,retained
2,Curve03600,retained
2,Curve03601,retained
2,Curve03602,retained
2,Curve03603,retained
2,Curve03604,retained
2,Curve03605,retained
2,Curve03606,retained
2,Curve03607,retained
2,Curve03608,retained
2,Curve03609,retained
2,Curve03610,retained
2,Curve03611,retained
2,Curve03612,retained
2,Curve03613,retained
2,Curve03614,retained
2,Curve03615,retained
2,Curve03616,retained
2,Curve03617,retained
2,Curve03618,retained
2,Curve03619,retained
2,Curve03620,retained
2,Curve03621,retained
2,Curve03622,retained
2,Curve03623,retained
2,Curve03624,retained
2,Curve03625,retained
2,Curve03626,retained
2,Curve03627,retained
2,Curve03628,retained
2,Curve03629,retained
2,Curve03630,retained
2,Curve03631,retained
2,Curve03632,retained
2,Curve03633,retained
2,Curve03634,retained
2,Curve03635,retained
2,Curve03636,retained
2,Curve03637,retained
2,Curve03638,retained
2,Curve03639,retained
2,Curve03640,retained
2,Curve03641,retained
2,Curve03642,retained
2,Curve03643,retained
2,Curve03644,retained
2,Curve03645,retained
2,Curve03646,retained
2,Curve03647,retained
2,Curve03648,retained
2,Curve03649,retained
2,Curve03650,retained
2,Curve03651,retained
2,Curve03652,retained
2,Curve03653,retained
2,Curve03654,retained
2,Curve03655,retained
2,Curve03656,retained
2,Curve03657,retained
2,Curve03658,retained
2,Curve03659,retained
2,Curve03660,retained
2,Curve03661,retained
2,Curve03662,retained
2,Curve03663,retained
2,Curve03664,retained
2,Curve03665,retained
2,Curve03666,retained
2,Curve03667,retained
2,Curve03668,retained
2,Curve03669,retained
2,Curve03670,retained
2,Curve03671,retained
2,Curve03672,retained
2,Curve03673,retained
2,Curve03674,retained
2,Curve03675,retained
2,Curve03676,retained
2,Curve03677,retained
2,Curve03678,retained
2,Curve03679,retained
2,Curve03680,retained
2,Curve03681,retained
2,Curve03682,retained
2,Curve03683,retained
2,Curve03684,retained
2,Curve03685,retained
2,Curve03686,retained
2,Curve03687,retained
2,Curve03688,retained
2,Curve03689,retained
2,Curve03690,retained
2,Curve03691,retained
2,Curve03692,retained
2,Curve03693,retained
2,Curve03694,retained
2,Curve03695,retained
2,Curve03696,retained
2,Curve03697,retained
2,Curve03698,retained
2,Curve03699,retained
2,Curve03700,retained
2,Curve03701,retained
2,Curve03702,retained
2,Curve03703,retained
2,Curve03704,retained
2,Curve03705,retained
2,Curve03706,retained
2,Curve03707,retained
2,Curve03708,retained
2,Curve03709,retained
2,Curve03710,retained
2,Curve03711,retained
2,Curve03712,retained
2,Curve03713,retained
2,Curve03714,retained
2,Curve03715,retained
2,Curve03716,retained
2,Curve03717,retained
2,Curve03718,retained
2,Curve03719,retained
2,Curve03720,retained
2,Curve03721,retained
2,Curve03722,retained
2,Curve03723,retained
2,Curve03724,retained
2,Curve03725,retained
2,Curve03726,retained
2,Curve03727,retained
2,Curve03728,retained
2,Curve03729,retained
2,Curve03730,retained
2,Curve03731,retained
2,Curve03732,retained
2,Curve03733,retained
2,Curve03734,retained
2,Curve03735,retained
2,Curve03736,retained
2,Curve03737,retained
2,Curve03738,retained
2,Curve03739,retained
2,Curve03740,retained
2,Curve03741,retained
2,Curve03742,retained
2,Curve03743,retained
2,Curve03744,retained
2,Curve03745,retained
2,Curve03746,retained
2,Curve03747,retained
2,Curve03748,retained
2,Curve03749,retained
2,Curve03750,retained
2,Curve03751,retained
2,Curve03752,retained
2,Curve03753,retained
2,Curve03754,retained
2,Curve03755,retained
2,Curve03756,retained
2,Curve03757,retained
2,Curve03758,retained
2,Curve03759,retained
2,Curve03760,retained
2,Curve03761,retained
2,Curve03762,retained
2,Curve03763,retained
2,Curve03764,retained
2,Curve03765,retained
2,Curve03766,retained
2,Curve03767,retained
2,Curve03768,retained
2,Curve03769,retained
2,Curve03770,retained
2,Curve03771,retained
2,Curve03772,retained
2,Curve03773,retained
2,Curve03774,retained
2,Curve03775,retained
2,Curve03776,retained
2,Curve03777,retained
2,Curve03778,retained
2,Curve03779,retained
2,Curve03780,retained
2,Curve03781,retained
2,Curve03782,retained
2,Curve03783,retained
2,Curve03784,retained
2,Curve03785,retained
2,Curve03786,retained
2,Curve03787,retained
2,Curve03788,retained
2,Curve03789,retained
2,Curve03790,retained
2,Curve03791,retained
2,Curve03792,retained
2,Curve03793,retained
2,Curve03794,retained
2,Curve03795,retained
2,Curve03796,retained
2,Curve03797,retained
2,Curve03798,retained
2,Curve03799,retained
2,Curve03800,retained
2,Curve03801,retained
2,Curve03802,retained
2,Curve03803,retained
2,Curve03804,retained
2,Curve03805,retained
2,Curve03806,retained
2,Curve03807,retained
2,Curve03808,retained
2,Curve03809,retained
2,Curve03810,retained
2,Curve03811,retained
2,Curve03812,retained
2,Curve03813,retained
2,Curve03814,retained
2,Curve03815,retained
2,Curve03816,retained
2,Curve03817,retained
2,Curve03818,retained
2,Curve03819,retained
2,Curve03820,retained
2,Curve03821,retained
2,Curve03822,retained
2,Curve03823,retained
2,Curve03824,retained
2,Curve03825,retained
2,Curve03826,retained
2,Curve03827,retained
2,Curve03828,retained
2,Curve03829,retained
2,Curve03830,retained
2,Curve03831,retained
2,Curve03832,retained
2,Curve03833,retained
2,Curve03834,retained
2,Curve03835,retained
2,Curve03836,retained
2,Curve03837,retained
2,Curve03838,retained
2,Curve03839,retained
2,Curve03840,retained
2,Curve03841,retained
2,Curve03842,retained
2,Curve03843,retained
2,Curve03844,retained
2,Curve03845,retained
2,Curve03846,retained
2,Curve03847,retained
2,Curve03848,retained
2,Curve03849,retained
2,Curve03850,retained
2,Curve03851,retained
2,Curve03852,retained
2,Curve03853,retained
2,Curve03854,retained
2,Curve03855,retained
2,Curve03856,retained
2,Curve03857,retained
2,Curve03858,retained
2,Curve03859,retained
2,Curve03860,retained
2,Curve03861,retained
2,Curve03862,retained
2,Curve03863,retained
2,Curve03864,retained
2,Curve03865,retained
2,Curve03866,retained
2,Curve03867,retained
2,Curve03868,retained
2,Curve03869,retained
2,Curve03870,retained
2,Curve03871,retained
2,Curve03872,retained
2,Curve03873,retained
2,Curve03874,retained
2,Curve03875,retained
2,Curve03876,retained
2,Curve03877,retained
2,Curve03878,retained
2,Curve03879,retained
2,Curve03880,retained
2,Curve03881,retained
2,Curve03882,retained
2,Curve03883,retained
2,Curve03884,retained
2,Curve03885,retained
2,Curve03886,retained
2,Curve03887,retained
2,Curve03888,retained
2,Curve03889,retained
2,Curve03890,retained
2,Curve03891,retained
2,Curve03892,retained
2,Curve03893,retained
2,Curve03894,retained
2,Curve03895,retained
2,Curve03896,retained
2,Curve03897,retained
2,Curve03898,retained
2,Curve03899,retained
2,Curve03900,retained
2,Curve03901,retained
2,Curve03902,retained
2,Curve03903,retained
2,Curve03904,retained
2,Curve03905,retained
2,Curve03906,retained
2,Curve03907,retained
2,Curve03908,retained
2,Curve03909,retained
2,Curve03910,retained
2,Curve03911,retained
2,Curve03912,retained
2,Curve03913,retained
2,Curve03914,retained
2,Curve03915,retained
2,Curve03916,retained
2,Curve03917,retained
2,Curve03918,retained
2,Curve03919,retained
2,Curve03920,retained
2,Curve03921,retained
2,Curve03922,retained
2,Curve03923,retained
2,Curve03924,retained
2,Curve03925,retained
2,Curve03926,retained
2,Curve03927,retained
2,Curve03928,retained
2,Curve03929,retained
2,Curve03930,retained
2,Curve03931,retained
2,Curve03932,retained
2,Curve03933,retained
2,Curve03934,retained
2,Curve03935,retained
2,Curve03936,retained
2,Curve03937,retained
2,Curve03938,retained
2,Curve03939,retained
2,Curve03940,retained
2,Curve03941,retained
2,Curve03942,retained
2,Curve03943,retained
2,Curve03944,retained
2,Curve03945,retained
2,Curve03946,retained
2,Curve03947,retained
2,Curve03948,retained
2,Curve03949,retained
2,Curve03950,retained
2,Curve03951,retained
2,Curve03952,retained
2,Curve03953,retained
2,Curve03954,retained
2,Curve03955,retained
2,Curve03956,retained
2,Curve03957,retained
2,Curve03958,retained
2,Curve03959,retained
2,Curve03960,retained
2,Curve03961,retained
2,Curve03962,retained
2,Curve03963,retained
2,Curve03964,retained
2,Curve03965,retained
2,Curve03966,retained
2,Curve03967,retained
2,Curve03968,retained
2,Curve03969,retained
2,Curve03970,retained
2,Curve03971,retained
2,Curve03972,retained
2,Curve03973,retained
2,Curve03974,retained
2,Curve03975,retained
2,Curve03976,retained
2,Curve03977,retained
2,Curve03978,retained
2,Curve03979,retained
2,Curve03980,retained
2,Curve03981,retained
2,Curve03982,retained
2,Curve03983,retained
2,Curve03984,retained
2,Curve03985,retained
2,Curve03986,retained
2,Curve03987,retained
2,Curve03988,retained
2,Curve03989,retained
2,Curve03990,retained
2,Curve03991,retained
2,Curve03992,retained
2,Curve03993,retained
2,Curve03994,retained
2,Curve03995,retained
2,Curve03996,retained
2,Curve03997,retained
2,Curve03998,retained
2,Curve03999,retained
2,Curve04000,retained
2,Curve04001,retained
2,Curve04002,retained
2,Curve04003,retained
2,Curve04004,retained
2,Curve04005,retained
2,Curve04006,retained
2,Curve04007,retained
2,Curve04008,retained
2,Curve04009,retained
2,Curve04010,retained
2,Curve04011,retained
2,Curve04012,retained
2,Curve04013,retained
2,Curve04014,retained
2,Curve04015,retained
2,Curve04016,retained
2,Curve04017,retained
2,Curve04018,retained
2,Curve04019,retained
2,Curve04020,retained
2,Curve04021,retained
2,Curve04022,retained
2,Curve04023,retained
2,Curve04024,retained
2,Curve04025,retained
2,Curve04026,retained
2,Curve04027,retained
2,Curve04028,retained
2,Curve04029,retained
2,Curve04030,retained
2,Curve04031,retained
2,Curve04032,retained
2,Curve04033,retained
2,Curve04034,retained
2,Curve04035,retained
2,Curve04036,retained
2,Curve04037,retained
2,Curve04038,retained
2,Curve04039,retained
2,Curve04040,retained
2,Curve04041,retained
2,Curve04042,retained
2,Curve04043,retained
2,Curve04044,retained
2,Curve04045,retained
2,Curve04046,retained
2,Curve04047,retained
2,Curve04048,retained
2,Curve04049,retained
2,Curve04050,retained
2,Curve04051,retained
2,Curve04052,retained
2,Curve04053,retained
2,Curve04054,retained
2,Curve04055,retained
2,Curve04056,retained
2,Curve04057,retained
2,Curve04058,retained
2,Curve04059,retained
2,Curve04060,retained
2,Curve04061,retained
2,Curve04062,retained
2,Curve04063,retained
2,Curve04064,retained
2,Curve04065,retained
2,Curve04066,retained
2,Curve04067,retained
2,Curve04068,retained
2,Curve04069,retained
2,Curve04070,retained
2,Curve04071,retained
2,Curve04072,retained
2,Curve04073,retained
2,Curve04074,retained
2,Curve04075,retained
2,Curve04076,retained
2,Curve04077,retained
2,Curve04078,retained
2,Curve04079,retained
2,Curve04080,retained
2,Curve04081,retained
2,Curve04082,retained
2,Curve04083,retained
2,Curve04084,retained
2,Curve04085,retained
2,Curve04086,retained
2,Curve04087,retained
2,Curve04088,retained
2,Curve04089,retained
2,Curve04090,retained
2,Curve04091,retained
2,Curve04092,retained
2,Curve04093,retained
2,Curve04094,retained
2,Curve04095,retained
2,Curve04096,retained
2,Curve04097,retained
2,Curve04098,retained
2,Curve04099,retained
2,Curve04100,retained
2,Curve04101,retained
2,Curve04102,retained
2,Curve04103,retained
2,Curve04104,retained
2,Curve04105,retained
2,Curve04106,retained
2,Curve04107,retained
2,Curve04108,retained
2,Curve04109,retained
2,Curve04110,retained
2,Curve04111,retained
2,Curve04112,retained
2,Curve04113,retained
2,Curve04114,retained
2,Curve04115,retained
2,Curve04116,retained
2,Curve04117,retained
2,Curve04118,retained
2,Curve04119,retained
2,Curve04120,retained
2,Curve04121,retained
2,Curve04122,retained
2,Curve04123,retained
2,Curve04124,retained
2,Curve04125,retained
2,Curve04126,retained
2,Curve04127,retained
2,Curve04128,retained
2,Curve04129,retained
2,Curve04130,retained
2,Curve04131,retained
2,Curve04132,retained
2,Curve04133,retained
2,Curve04134,retained
2,Curve04135,retained
2,Curve04136,retained
2,Curve04137,retained
2,Curve04138,retained
2,Curve04139,retained
2,Curve04140,retained
2,Curve04141,retained
2,Curve04142,retained
2,Curve04143,retained
2,Curve04144,retained
2,Curve04145,retained
2,Curve04146,retained
2,Curve04147,retained
2,Curve04148,retained
2,Curve04149,retained
2,Curve04150,retained
2,Curve04151,retained
2,Curve04152,retained
2,Curve04153,retained
2,Curve04154,retained
2,Curve04155,retained
2,Curve04156,retained
2,Curve04157,retained
2,Curve04158,retained
2,Curve04159,retained
2,Curve04160,retained
2,Curve04161,retained
2,Curve04162,retained
2,Curve04163,retained
2,Curve04164,retained
2,Curve04165,retained
2,Curve04166,retained
2,Curve04167,retained
2,Curve04168,retained
2,Curve04169,retained
2,Curve04170,retained
2,Curve04171,retained
2,Curve04172,retained
2,Curve04173,retained
2,Curve04174,retained
2,Curve04175,retained
2,Curve04176,retained
2,Curve04177,retained
2,Curve04178,retained
2,Curve04179,retained
2,Curve04180,retained
2,Curve04181,retained
2,Curve04182,retained
2,Curve04183,retained
2,Curve04184,retained
2,Curve04185,retained
2,Curve04186,retained
2,Curve04187,retained
2,Curve04188,retained
2,Curve04189,retained
2,Curve04190,retained
2,Curve04191,retained
2,Curve04192,retained
2,Curve04193,retained
2,Curve04194,retained
2,Curve04195,retained
2,Curve04196,retained
2,Curve04197,retained
2,Curve04198,retained
2,Curve04199,retained
2,Curve04200,retained
2,Curve04201,retained
2,Curve04202,retained
2,Curve04203,retained
2,Curve04204,retained
2,Curve04205,retained
2,Curve04206,retained
2,Curve04207,retained
2,Curve04208,retained
2,Curve04209,retained
2,Curve04210,retained
2,Curve04211,retained
2,Curve04212,retained
2,Curve04213,retained
2,Curve04214,retained
2,Curve04215,retained
2,Curve04216,retained
2,Curve04217,retained
2,Curve04218,retained
2,Curve04219,retained
2,Curve04220,retained
2,Curve04221,retained
2,Curve04222,retained
2,Curve04223,retained
2,Curve04224,retained
2,Curve04225,retained
2,Curve04226,retained
2,Curve04227,retained
2,Curve04228,retained
2,Curve04229,retained
2,Curve04230,retained
2,Curve04231,retained
2,Curve04232,retained
2,Curve04233,retained
2,Curve04234,retained
2,Curve04235,retained
2,Curve04236,retained
2,Curve04237,retained
2,Curve04238,retained
2,Curve04239,retained
2,Curve04240,retained
2,Curve04241,retained
2,Curve04242,retained
2,Curve04243,retained
2,Curve04244,retained
2,Curve04245,retained
2,Curve04246,retained
2,Curve04247,retained
2,Curve04248,retained
2,Curve04249,retained
2,Curve04250,retained
2,Curve04251,retained
2,Curve04252,retained
2,Curve04253,retained
2,Curve04254,retained
2,Curve04255,retained
2,Curve04256,retained
2,Curve04257,retained
2,Curve04258,retained
2,Curve04259,retained
2,Curve04260,retained
2,Curve04261,retained
2,Curve04262,retained
2,Curve04263,retained
2,Curve04264,retained
2,Curve04265,retained
2,Curve04266,retained
2,Curve04267,retained
2,Curve04268,retained
2,Curve04269,retained
2,Curve04270,retained
2,Curve04271,retained
2,Curve04272,retained
2,Curve04273,retained
2,Curve04274,retained
2,Curve04275,retained
2,Curve04276,retained
2,Curve04277,retained
2,Curve04278,retained
2,Curve04279,retained
2,Curve04280,retained
2,Curve04281,retained
2,Curve04282,retained
2,Curve04283,retained
2,Curve04284,retained
2,Curve04285,retained
2,Curve04286,retained
2,Curve04287,retained
2,Curve04288,retained
2,Curve04289,retained
2,Curve04290,retained
2,Curve04291,retained
2,Curve04292,retained
2,Curve04293,retained
2,Curve04294,retained
2,Curve04295,retained
2,Curve04296,retained
2,Curve04297,retained
2,Curve04298,retained
2,Curve04299,retained
2,Curve04300,retained
2,Curve04301,retained
2,Curve04302,retained
2,Curve04303,retained
2,Curve04304,retained
2,Curve04305,retained
2,Curve04306,retained
2,Curve04307,retained
2,Curve04308,retained
2,Curve04309,retained
2,Curve04310,retained
2,Curve04311,retained
2,Curve04312,retained
2,Curve04313,retained
2,Curve04314,retained
2,Curve04315,retained
2,Curve04316,retained
2,Curve04317,retained
2,Curve04318,retained
2,Curve04319,retained
2,Curve04320,retained
2,Curve04321,retained
2,Curve04322,retained
2,Curve04323,retained
2,Curve04324,retained
2,Curve04325,retained
2,Curve04326,retained
2,Curve04327,retained
2,Curve04328,retained
2,Curve04329,retained
2,Curve04330,retained
2,Curve04331,retained
2,Curve04332,retained
2,Curve04333,retained
2,Curve04334,retained
2,Curve04335,retained
2,Curve04336,retained
2,Curve04337,retained
2,Curve04338,retained
2,Curve04339,retained
2,Curve04340,retained
2,Curve04341,retained
2,Curve04342,retained
2,Curve04343,retained
2,Curve04344,retained
2,Curve04345,retained
2,Curve04346,retained
2,Curve04347,retained
2,Curve04348,retained
2,Curve04349,retained
2,Curve04350,retained
2,Curve04351,retained
2,Curve04352,retained
2,Curve04353,retained
2,Curve04354,retained
2,Curve04355,retained
2,Curve04356,retained
2,Curve04357,retained
2,Curve04358,retained
2,Curve04359,retained
2,Curve04360,retained
2,Curve04361,retained
2,Curve04362,retained
2,Curve04363,retained
2,Curve04364,retained
2,Curve04365,retained
2,Curve04366,retained
2,Curve04367,retained
2,Curve04368,retained
2,Curve04369,retained
2,Curve04370,retained
2,Curve04371,retained
2,Curve04372,retained
2,Curve04373,retained
2,Curve04374,retained
2,Curve04375,retained
2,Curve04376,retained
2,Curve04377,retained
2,Curve04378,retained
2,Curve04379,retained
2,Curve04380,retained
2,Curve04381,retained
2,Curve04382,retained
2,Curve04383,retained
2,Curve04384,retained
2,Curve04385,retained
2,Curve04386,retained
2,Curve04387,retained
2,Curve04388,retained
2,Curve04389,retained
2,Curve04390,retained
2,Curve04391,retained
2,Curve04392,retained
2,Curve04393,retained
2,Curve04394,retained
2,Curve04395,retained
2,Curve04396,retained
2,Curve04397,retained
2,Curve04398,retained
2,Curve04399,retained
2,Curve04400,retained
2,Curve04401,retained
2,Curve04402,retained
2,Curve04403,retained
2,Curve04404,retained
2,Curve04405,retained
2,Curve04406,retained
2,Curve04407,retained
2,Curve04408,retained
2,Curve04409,retained
2,Curve04410,retained
2,Curve04411,retained
2,Curve04412,retained
2,Curve04413,retained
2,Curve04414,retained
2,Curve04415,retained
2,Curve04416,retained
2,Curve04417,retained
2,Curve04418,retained
2,Curve04419,retained
2,Curve04420,retained
2,Curve04421,retained
2,Curve04422,retained
2,Curve04423,retained
2,Curve04424,retained
2,Curve04425,retained
2,Curve04426,retained
2,Curve04427,retained
2,Curve04428,retained
2,Curve04429,retained
2,Curve04430,retained
2,Curve04431,retained
2,Curve04432,retained
2,Curve04433,retained
2,Curve04434,retained
2,Curve04435,retained
2,Curve04436,retained
2,Curve04437,retained
2,Curve04438,retained
2,Curve04439,retained
2,Curve04440,retained
2,Curve04441,retained
2,Curve04442,retained
2,Curve04443,retained
2,Curve04444,retained
2,Curve04445,retained
2,Curve04446,retained
2,Curve04447,retained
2,Curve04448,retained
2,Curve04449,retained
2,Curve04450,retained
2,Curve04451,retained
2,Curve04452,retained
2,Curve04453,retained
2,Curve04454,retained
2,Curve04455,retained
2,Curve04456,retained
2,Curve04457,retained
2,Curve04458,retained
2,Curve04459,retained
2,Curve04460,retained
2,Curve04461,retained
2,Curve04462,retained
2,Curve04463,retained
2,Curve04464,retained
2,Curve04465,retained
2,Curve04466,retained
2,Curve04467,retained
2,Curve04468,retained
2,Curve04469,retained
2,Curve04470,retained
2,Curve04471,retained
2,Curve04472,retained
2,Curve04473,retained
2,Curve04474,retained
2,Curve04475,retained
2,Curve04476,retained
2,Curve04477,retained
2,Curve04478,retained
2,Curve04479,retained
2,Curve04480,retained
2,Curve04481,retained
2,Curve04482,retained
2,Curve04483,retained
2,Curve04484,retained
2,Curve04485,retained
2,Curve04486,retained
2,Curve04487,retained
2,Curve04488,retained
2,Curve04489,retained
2,Curve04490,retained
2,Curve04491,retained
2,Curve04492,retained
2,Curve04493,retained
2,Curve04494,retained
2,Curve04495,retained
2,Curve04496,retained
2,Curve04497,retained
2,Curve04498,retained
2,Curve04499,retained
2,Curve04500,retained
2,Curve04501,retained
2,Curve04502,retained
2,Curve04503,retained
2,Curve04504,retained
2,Curve04505,retained
2,Curve04506,retained
2,Curve04507,retained
2,Curve04508,retained
2,Curve04509,retained
2,Curve04510,retained
2,Curve04511,retained
2,Curve04512,retained
2,Curve04513,retained
2,Curve04514,retained
2,Curve04515,retained
2,Curve04516,retained
2,Curve04517,retained
2,Curve04518,retained
2,Curve04519,retained
2,Curve04520,retained
2,Curve04521,retained
2,Curve04522,retained
2,Curve04523,retained
2,Curve04524,retained
2,Curve04525,retained
2,Curve04526,retained
2,Curve04527,retained
2,Curve04528,retained
2,Curve04529,retained
2,Curve04530,retained
2,Curve04531,retained
2,Curve04532,retained
2,Curve04533,retained
2,Curve04534,retained
2,Curve04535,retained
2,Curve04536,retained
2,Curve04537,retained
2,Curve04538,retained
2,Curve04539,retained
2,Curve04540,retained
2,Curve04541,retained
2,Curve04542,retained
2,Curve04543,retained
2,Curve04544,retained
2,Curve04545,retained
2,Curve04546,retained
2,Curve04547,retained
2,Curve04548,retained
2,Curve04549,retained
2,Curve04550,retained
2,Curve04551,retained
2,Curve04552,retained
2,Curve04553,retained
2,Curve04554,retained
2,Curve04555,retained
2,Curve04556,retained
2,Curve04557,retained
2,Curve04558,retained
2,Curve04559,retained
2,Curve04560,retained
2,Curve04561,retained
2,Curve04562,retained
2,Curve04563,retained
2,Curve04564,retained
2,Curve04565,retained
2,Curve04566,retained
2,Curve04567,retained
2,Curve04568,retained
2,Curve04569,retained
2,Curve04570,retained
2,Curve04571,retained
2,Curve04572,retained
2,Curve04573,retained
2,Curve04574,retained
2,Curve04575,retained
2,Curve04576,retained
2,Curve04577,retained
2,Curve04578,retained
2,Curve04579,retained
2,Curve04580,retained
2,Curve04581,retained
2,Curve04582,retained
2,Curve04583,retained
2,Curve04584,retained
2,Curve04585,retained
2,Curve04586,retained
2,Curve04587,retained
2,Curve04588,retained
2,Curve04589,retained
2,Curve04590,retained
2,Curve04591,retained
2,Curve04592,retained
2,Curve04593,retained
2,Curve04594,retained
2,Curve04595,retained
2,Curve04596,retained
2,Curve04597,retained
2,Curve04598,retained
2,Curve04599,retained
2,Curve04600,retained
2,Curve04601,retained
2,Curve04602,retained
2,Curve04603,retained
2,Curve04604,retained
2,Curve04605,retained
2,Curve04606,retained
2,Curve04607,retained
2,Curve04608,retained
2,Curve04609,retained
2,Curve04610,retained
2,Curve04611,retained
2,Curve04612,retained
2,Curve04613,retained
2,Curve04614,retained
2,Curve04615,retained
2,Curve04616,retained
2,Curve04617,retained
2,Curve04618,retained
2,Curve04619,retained
2,Curve04620,retained
2,Curve04621,retained
2,Curve04622,retained
2,Curve04623,retained
2,Curve04624,retained
2,Curve04625,retained
2,Curve04626,retained
2,Curve04627,retained
2,Curve04628,retained
2,Curve04629,retained
2,Curve04630,retained
2,Curve04631,retained
2,Curve04632,retained
2,Curve04633,retained
2,Curve04634,retained
2,Curve04635,retained
2,Curve04636,retained
2,Curve04637,retained
2,Curve04638,retained
2,Curve04639,retained
2,Curve04640,retained
2,Curve04641,retained
2,Curve04642,retained
2,Curve04643,retained
2,Curve04644,retained
2,Curve04645,retained
2,Curve04646,retained
2,Curve04647,retained
2,Curve04648,retained
2,Curve04649,retained
2,Curve04650,retained
2,Curve04651,retained
2,Curve04652,retained
2,Curve04653,retained
2,Curve04654,retained
2,Curve04655,retained
2,Curve04656,retained
2,Curve04657,retained
2,Curve04658,retained
2,Curve04659,retained
2,Curve04660,retained
2,Curve04661,retained
2,Curve04662,retained
2,Curve04663,retained
2,Curve04664,retained
2,Curve04665,retained
2,Curve04666,retained
2,Curve04667,retained
2,Curve04668,retained
2,Curve04669,retained
2,Curve04670,retained
2,Curve04671,retained
2,Curve04672,retained
2,Curve04673,retained
2,Curve04674,retained
2,Curve04675,retained
2,Curve04676,retained
2,Curve04677,retained
2,Curve04678,retained
2,Curve04679,retained
2,Curve04680,retained
2,Curve04681,retained
2,Curve04682,retained
2,Curve04683,retained
2,Curve04684,retained
2,Curve04685,retained
2,Curve04686,retained
2,Curve04687,retained
2,Curve04688,retained
2,Curve04689,retained
2,Curve04690,retained
2,Curve04691,retained
2,Curve04692,retained
2,Curve04693,retained
2,Curve04694,retained
2,Curve04695,retained
2,Curve04696,retained
2,Curve04697,retained
2,Curve04698,retained
2,Curve04699,retained
2,Curve04700,retained
2,Curve04701,retained
2,Curve04702,retained
2,Curve04703,retained
2,Curve04704,retained
2,Curve04705,retained
2,Curve04706,retained
2,Curve04707,retained
2,Curve04708,retained
2,Curve04709,retained
2,Curve04710,retained
2,Curve04711,retained
2,Curve04712,retained
2,Curve04713,retained
2,Curve04714,retained
2,Curve04715,retained
2,Curve04716,retained
2,Curve04717,retained
2,Curve04718,retained
2,Curve04719,retained
2,Curve04720,retained
2,Curve04721,retained
2,Curve04722,retained
2,Curve04723,retained
2,Curve04724,retained
2,Curve04725,retained
2,Curve04726,retained
2,Curve04727,retained
2,Curve04728,retained
2,Curve04729,retained
2,Curve04730,retained
2,Curve04731,retained
2,Curve04732,retained
2,Curve04733,retained
2,Curve04734,retained
2,Curve04735,retained
2,Curve04736,retained
2,Curve04737,retained
2,Curve04738,retained
2,Curve04739,retained
2,Curve04740,retained
2,Curve04741,retained
2,Curve04742,retained
2,Curve04743,retained
2,Curve04744,retained
2,Curve04745,retained
2,Curve04746,retained
2,Curve04747,retained
2,Curve04748,retained
2,Curve04749,retained
2,Curve04750,retained
2,Curve04751,retained
2,Curve04752,retained
2,Curve04753,retained
2,Curve04754,retained
2,Curve04755,retained
2,Curve04756,retained
2,Curve04757,retained
2,Curve04758,retained
2,Curve04759,retained
2,Curve04760,retained
2,Curve04761,retained
2,Curve04762,retained
2,Curve04763,retained
2,Curve04764,retained
2,Curve04765,retained
2,Curve04766,retained
2,Curve04767,retained
2,Curve04768,retained
2,Curve04769,retained
2,Curve04770,retained
2,Curve04771,retained
2,Curve04772,retained
2,Curve04773,retained
2,Curve04774,retained
2,Curve04775,retained
2,Curve04776,retained
2,Curve04777,retained
2,Curve04778,retained
2,Curve04779,retained
2,Curve04780,retained
2,Curve04781,retained
2,Curve04782,retained
2,Curve04783,retained
2,Curve04784,retained
2,Curve04785,retained
2,Curve04786,retained
2,Curve04787,retained
2,Curve04788,retained
2,Curve04789,retained
2,Curve04790,retained
2,Curve04791,retained
2,Curve04792,retained
2,Curve04793,retained
2,Curve04794,retained
2,Curve04795,retained
2,Curve04796,retained
2,Curve04797,retained
2,Curve04798,retained
2,Curve04799,retained
2,Curve04800,retained
2,Curve04801,retained
2,Curve04802,retained
2,Curve04803,retained
2,Curve04804,retained
2,Curve04805,retained
2,Curve04806,retained
2,Curve04807,retained
2,Curve04808,retained
2,Curve04809,retained
2,Curve04810,retained
2,Curve04811,retained
2,Curve04812,retained
2,Curve04813,retained
2,Curve04814,retained
2,Curve04815,retained
2,Curve04816,retained
2,Curve04817,retained
2,Curve04818,retained
2,Curve04819,retained
2,Curve04820,retained
2,Curve04821,retained
2,Curve04822,retained
2,Curve04823,retained
2,Curve04824,retained
2,Curve04825,retained
2,Curve04826,retained
2,Curve04827,retained
2,Curve04828,retained
2,Curve04829,retained
2,Curve04830,retained
2,Curve04831,retained
2,Curve04832,retained
2,Curve04833,retained
2,Curve04834,retained
2,Curve04835,retained
2,Curve04836,retained
2,Curve04837,retained
2,Curve04838,retained
2,Curve04839,retained
2,Curve04840,retained
2,Curve04841,retained
2,Curve04842,retained
2,Curve04843,retained
2,Curve04844,retained
2,Curve04845,retained
2,Curve04846,retained
2,Curve04847,retained
2,Curve04848,retained
2,Curve04849,retained
2,Curve04850,retained
2,Curve04851,retained
2,Curve04852,retained
2,Curve04853,retained
2,Curve04854,retained
2,Curve04855,retained
2,Curve04856,retained
2,Curve04857,retained
2,Curve04858,retained
2,Curve04859,retained
2,Curve04860,retained
2,Curve04861,retained
2,Curve04862,retained
2,Curve04863,retained
2,Curve04864,retained
2,Curve04865,retained
2,Curve04866,retained
2,Curve04867,retained
2,Curve04868,retained
2,Curve04869,retained
2,Curve04870,retained
2,Curve04871,retained
2,Curve04872,retained
2,Curve04873,retained
2,Curve04874,retained
2,Curve04875,retained
2,Curve04876,retained
2,Curve04877,retained
2,Curve04878,retained
2,Curve04879,retained
2,Curve04880,retained
2,Curve04881,retained
2,Curve04882,retained
2,Curve04883,retained
2,Curve04884,retained
2,Curve04885,retained
2,Curve04886,retained
2,Curve04887,retained
2,Curve04888,retained
2,Curve04889,retained
2,Curve04890,retained
2,Curve04891,retained
2,Curve04892,retained
2,Curve04893,retained
2,Curve04894,retained
2,Curve04895,retained
2,Curve04896,retained
2,Curve04897,retained
2,Curve04898,retained
2,Curve04899,retained
2,Curve04900,retained
2,Curve04901,retained
2,Curve04902,retained
2,Curve04903,retained
2,Curve04904,retained
2,Curve04905,retained
2,Curve04906,retained
2,Curve04907,retained
2,Curve04908,retained
2,Curve04909,retained
2,Curve04910,retained
2,Curve04911,retained
2,Curve04912,retained
2,Curve04913,retained
2,Curve04914,retained
2,Curve04915,retained
2,Curve04916,retained
2,Curve04917,retained
2,Curve04918,retained
2,Curve04919,retained
2,Curve04920,retained
2,Curve04921,retained
2,Curve04922,retained
2,Curve04923,retained
2,Curve04924,retained
2,Curve04925,retained
2,Curve04926,retained
2,Curve04927,retained
2,Curve04928,retained
2,Curve04929,retained
2,Curve04930,retained
2,Curve04931,retained
2,Curve04932,retained
2,Curve04933,retained
2,Curve04934,retained
2,Curve04935,retained
2,Curve04936,retained
2,Curve04937,retained
2,Curve04938,retained
2,Curve04939,retained
2,Curve04940,retained
2,Curve04941,retained
2,Curve04942,retained
2,Curve04943,retained
2,Curve04944,retained
2,Curve04945,retained
2,Curve04946,retained
2,Curve04947,retained
2,Curve04948,retained
2,Curve04949,retained
2,Curve04950,retained
2,Curve04951,retained
2,Curve04952,retained
2,Curve04953,retained
2,Curve04954,retained
2,Curve04955,retained
2,Curve04956,retained
2,Curve04957,retained
2,Curve04958,retained
2,Curve04959,retained
2,Curve04960,retained
2,Curve04961,retained
2,Curve04962,retained
2,Curve04963,retained
2,Curve04964,retained
2,Curve04965,retained
2,Curve04966,retained
2,Curve04967,retained
2,Curve04968,retained
2,Curve04969,retained
2,Curve04970,retained
2,Curve04971,retained
2,Curve04972,retained
2,Curve04973,retained
2,Curve04974,retained
2,Curve04975,retained
2,Curve04976,retained
2,Curve04977,retained
2,Curve04978,retained
2,Curve04979,retained
2,Curve04980,retained
2,Curve04981,retained
2,Curve04982,retained
2,Curve04983,retained
2,Curve04984,retained
2,Curve04985,retained
2,Curve04986,retained
2,Curve04987,retained
2,Curve04988,retained
2,Curve04989,retained
2,Curve04990,retained
2,Curve04991,retained
2,Curve04992,retained
2,Curve04993,retained
2,Curve04994,retained
2,Curve04995,retained
2,Curve04996,retained
2,Curve04997,retained
2,Curve04998,retained
2,Curve04999,retained
2,Curve05000,retained
2,Curve05001,retained
2,Curve05002,retained
2,Curve05003,retained
2,Curve05004,retained
2,Curve05005,retained
2,Curve05006,retained
2,Curve05007,retained
2,Curve05008,retained
2,Curve05009,retained
2,Curve05010,retained
2,Curve05011,retained
2,Curve05012,retained
2,Curve05013,retained
2,Curve05014,retained
2,Curve05015,retained
2,Curve05016,retained
2,Curve05017,retained
2,Curve05018,retained
2,Curve05019,retained
2,Curve05020,retained
2,Curve05021,retained
2,Curve05022,retained
2,Curve05023,retained
2,Curve05024,retained
2,Curve05025,retained
2,Curve05026,retained
2,Curve05027,retained
2,Curve05028,retained
2,Curve05029,retained
2,Curve05030,retained
2,Curve05031,retained
2,Curve05032,retained
2,Curve05033,retained
2,Curve05034,retained
2,Curve05035,retained
2,Curve05036,retained
2,Curve05037,retained
2,Curve05038,retained
2,Curve05039,retained
2,Curve05040,retained
2,Curve05041,retained
2,Curve05042,retained
2,Curve05043,retained
2,Curve05044,retained
2,Curve05045,retained
2,Curve05046,retained
2,Curve05047,retained
2,Curve05048,retained
2,Curve05049,retained
2,Curve05050,retained
2,Curve05051,retained
2,Curve05052,retained
2,Curve05053,retained
2,Curve05054,retained
2,Curve05055,retained
2,Curve05056,retained
2,Curve05057,retained
2,Curve05058,retained
2,Curve05059,retained
2,Curve05060,retained
2,Curve05061,retained
2,Curve05062,retained
2,Curve05063,retained
2,Curve05064,retained
2,Curve05065,retained
2,Curve05066,retained
2,Curve05067,retained
2,Curve05068,retained
2,Curve05069,retained
2,Curve05070,retained
2,Curve05071,retained
2,Curve05072,retained
2,Curve05073,retained
2,Curve05074,retained
2,Curve05075,retained
2,Curve05076,retained
2,Curve05077,retained
2,Curve05078,retained
2,Curve05079,retained
2,Curve05080,retained
2,Curve05081,retained
2,Curve05082,retained
2,Curve05083,retained
2,Curve05084,retained
2,Curve05085,retained
2,Curve05086,retained
2,Curve05087,retained
2,Curve05088,retained
2,Curve05089,retained
2,Curve05090,retained
2,Curve05091,retained
2,Curve05092,retained
2,Curve05093,retained
2,Curve05094,retained
2,Curve05095,retained
2,Curve05096,retained
2,Curve05097,retained
2,Curve05098,retained
2,Curve05099,retained
2,Curve05100,retained
2,Curve05101,retained
2,Curve05102,retained
2,Curve05103,retained
2,Curve05104,retained
2,Curve05105,retained
2,Curve05106,retained
2,Curve05107,retained
2,Curve05108,retained
2,Curve05109,retained
2,Curve05110,retained
2,Curve05111,retained
2,Curve05112,retained
2,Curve05113,retained
2,Curve05114,retained
2,Curve05115,retained
2,Curve05116,retained
2,Curve05117,retained
2,Curve05118,retained
2,Curve05119,retained
2,Curve05120,retained
2,Curve05121,retained
2,Curve05122,retained
2,Curve05123,retained
2,Curve05124,retained
2,Curve05125,retained
2,Curve05126,retained
2,Curve05127,retained
2,Curve05128,retained
2,Curve05129,retained
2,Curve05130,retained
2,Curve05131,retained
2,Curve05132,retained
2,Curve05133,retained
2,Curve05134,retained
2,Curve05135,retained
2,Curve05136,retained
2,Curve05137,retained
2,Curve05138,retained
2,Curve05139,retained
2,Curve05140,retained
2,Curve05141,retained
2,Curve05142,retained
2,Curve05143,retained
2,Curve05144,retained
2,Curve05145,retained
2,Curve05146,retained
2,Curve05147,retained
2,Curve05148,retained
2,Curve05149,retained
2,Curve05150,retained
2,Curve05151,retained
2,Curve05152,retained
2,Curve05153,retained
2,Curve05154,retained
2,Curve05155,retained
2,Curve05156,retained
2,Curve05157,retained
2,Curve05158,retained
2,Curve05159,retained
2,Curve05160,retained
2,Curve05161,retained
2,Curve05162,retained
2,Curve05163,retained
2,Curve05164,retained
2,Curve05165,retained
2,Curve05166,retained
2,Curve05167,retained
2,Curve05168,retained
2,Curve05169,retained
2,Curve05170,retained
2,Curve05171,retained
2,Curve05172,retained
2,Curve05173,retained
2,Curve05174,retained
2,Curve05175,retained
2,Curve05176,retained
2,Curve05177,retained
2,Curve05178,retained
2,Curve05179,retained
2,Curve05180,retained
2,Curve05181,retained
2,Curve05182,retained
2,Curve05183,retained
2,Curve05184,retained
2,Curve05185,retained
2,Curve05186,retained
2,Curve05187,retained
2,Curve05188,retained
2,Curve05189,retained
2,Curve05190,retained
2,Curve05191,retained
2,Curve05192,retained
2,Curve05193,retained
2,Curve05194,retained
2,Curve05195,retained
2,Curve05196,retained
2,Curve05197,retained
2,Curve05198,retained
2,Curve05199,retained
2,Curve05200,retained
2,Curve05201,retained
2,Curve05202,retained
2,Curve05203,retained
2,Curve05204,retained
2,Curve05205,retained
2,Curve05206,retained
2,Curve05207,retained
2,Curve05208,retained
2,Curve05209,retained
2,Curve05210,retained
2,Curve05211,retained
2,Curve05212,retained
2,Curve05213,retained
2,Curve05214,retained
2,Curve05215,retained
2,Curve05216,retained
2,Curve05217,retained
2,Curve05218,retained
2,Curve05219,retained
2,Curve05220,retained
2,Curve05221,retained
2,Curve05222,retained
2,Curve05223,retained
2,Curve05224,retained
2,Curve05225,retained
2,Curve05226,retained
2,Curve05227,retained
2,Curve05228,retained
2,Curve05229,retained
2,Curve05230,retained
2,Curve05231,retained
2,Curve05232,retained
2,Curve05233,retained
2,Curve05234,retained
2,Curve05235,retained
2,Curve05236,retained
2,Curve05237,retained
2,Curve05238,retained
2,Curve05239,retained
2,Curve05240,retained
2,Curve05241,retained
2,Curve05242,retained
2,Curve05243,retained
2,Curve05244,retained
2,Curve05245,retained
2,Curve05246,retained
2,Curve05247,retained
2,Curve05248,retained
2,Curve05249,retained
2,Curve05250,retained
2,Curve05251,retained
2,Curve05252,retained
2,Curve05253,retained
2,Curve05254,retained
2,Curve05255,retained
2,Curve05256,retained
2,Curve05257,retained
2,Curve05258,retained
2,Curve05259,retained
2,Curve05260,retained
2,Curve05261,retained
2,Curve05262,retained
2,Curve05263,retained
2,Curve05264,retained
2,Curve05265,retained
2,Curve05266,retained
2,Curve05267,retained
2,Curve05268,retained
3,Curve05269,retained
3,Curve05270,retained
3,Curve05271,retained
3,Curve05272,retained
3,Curve05273,retained
3,Curve05274,retained
3,Curve05275,retained
3,Curve05276,retained
3,Curve05277,retained
3,Curve05278,retained
3,Curve05279,retained
3,Curve05280,retained
3,Curve05281,retained
3,Curve05282,retained
3,Curve05283,retained
3,Curve05284,retained
3,Curve05285,retained
3,Curve05286,retained
3,Curve05287,retained
3,Curve05288,retained
3,Curve05289,retained
3,Curve05290,retained
3,Curve05291,retained
3,Curve05292,retained
3,Curve05293,retained
3,Curve05294,retained
3,Curve05295,retained
3,Curve05296,retained
3,Curve05297,retained
3,Curve05298,retained
3,Curve05299,retained
3,Curve05300,retained
3,Curve05301,retained
3,Curve05302,retained
3,Curve05303,retained
3,Curve05304,retained
3,Curve05305,retained
3,Curve05306,retained
3,Curve05307,retained
3,Curve05308,retained
3,Curve05309,retained
3,Curve05310,retained
3,Curve05311,retained
3,Curve05312,retained
3,Curve05313,retained
3,Curve05314,retained
3,Curve05315,retained
3,Curve05316,retained
3,Curve05317,retained
3,Curve05318,retained
3,Curve05319,retained
3,Curve05320,retained
3,Curve05321,retained
3,Curve05322,retained
3,Curve05323,retained
3,Curve05324,retained
3,Curve05325,retained
3,Curve05326,retained
3,Curve05327,retained
3,Curve05328,retained
3,Curve05329,retained
3,Curve05330,retained
3,Curve05331,retained
3,Curve05332,retained
3,Curve05333,retained
3,Curve05334,retained
3,Curve05335,retained
3,Curve05336,retained
3,Curve05337,retained
3,Curve05338,retained
3,Curve05339,retained
3,Curve05340,retained
3,Curve05341,retained
3,Curve05342,retained
3,Curve05343,retained
3,Curve05344,retained
3,Curve05345,retained
3,Curve05346,retained
3,Curve05347,retained
3,Curve05348,retained
3,Curve05349,retained
3,Curve05350,retained
3,Curve05351,retained
3,Curve05352,retained
3,Curve05353,retained
3,Curve05354,retained
3,Curve05355,retained
3,Curve05356,retained
3,Curve05357,retained
3,Curve05358,retained
3,Curve05359,retained
3,Curve05360,retained
3,Curve05361,retained
3,Curve05362,retained
3,Curve05363,retained
3,Curve05364,retained
3,Curve05365,retained
3,Curve05366,retained
3,Curve05367,retained
3,Curve05368,retained
3,Curve05369,retained
3,Curve05370,retained
3,Curve05371,retained
3,Curve05372,retained
3,Curve05373,retained
3,Curve05374,retained
3,Curve05375,retained
3,Curve05376,retained
3,Curve05377,retained
3,Curve05378,retained
3,Curve05379,retained
3,Curve05380,retained
3,Curve05381,retained
3,Curve05382,retained
3,Curve05383,retained
3,Curve05384,retained
3,Curve05385,retained
3,Curve05386,retained
3,Curve05387,retained
3,Curve05388,retained
3,Curve05389,retained
3,Curve05390,retained
3,Curve05391,retained
3,Curve05392,retained
3,Curve05393,retained
3,Curve05394,retained
3,Curve05395,retained
3,Curve05396,retained
3,Curve05397,retained
3,Curve05398,retained
3,Curve05399,retained
3,Curve05400,retained
3,Curve05401,retained
3,Curve05402,retained
3,Curve05403,retained
3,Curve05404,retained
3,Curve05405,retained
3,Curve05406,retained
3,Curve05407,retained
3,Curve05408,retained
3,Curve05409,retained
3,Curve05410,retained
3,Curve05411,retained
3,Curve05412,retained
3,Curve05413,retained
3,Curve05414,retained
3,Curve05415,retained
3,Curve05416,retained
3,Curve05417,retained
3,Curve05418,retained
3,Curve05419,retained
3,Curve05420,retained
3,Curve05421,retained
3,Curve05422,retained
3,Curve05423,retained
3,Curve05424,retained
3,Curve05425,retained
3,Curve05426,retained
3,Curve05427,retained
3,Curve05428,retained
3,Curve05429,retained
3,Curve05430,retained
3,Curve05431,retained
3,Curve05432,retained
3,Curve05433,retained
3,Curve05434,retained
3,Curve05435,retained
3,Curve05436,retained
3,Curve05437,retained
3,Curve05438,retained
3,Curve05439,retained
3,Curve05440,retained
3,Curve05441,retained
3,Curve05442,retained
3,Curve05443,retained
3,Curve05444,retained
3,Curve05445,retained
3,Curve05446,retained
3,Curve05447,retained
3,Curve05448,retained
3,Curve05449,retained
3,Curve05450,retained
3,Curve05451,retained
3,Curve05452,retained
3,Curve05453,retained
3,Curve05454,retained
3,Curve05455,retained
3,Curve05456,retained
3,Curve05457,retained
3,Curve05458,retained
3,Curve05459,retained
3,Curve05460,retained
3,Curve05461,retained
3,Curve05462,retained
3,Curve05463,retained
3,Curve05464,retained
3,Curve05465,retained
3,Curve05466,retained
3,Curve05467,retained
3,Curve05468,retained
3,Curve05469,retained
3,Curve05470,retained
3,Curve05471,retained
3,Curve05472,retained
3,Curve05473,retained
3,Curve05474,retained
3,Curve05475,retained
3,Curve05476,retained
3,Curve05477,retained
3,Curve05478,retained
3,Curve05479,retained
3,Curve05480,retained
3,Curve05481,retained
3,Curve05482,retained
3,Curve05483,retained
3,Curve05484,retained
3,Curve05485,retained
3,Curve05486,retained
3,Curve05487,retained
3,Curve05488,retained
3,Curve05489,retained
3,Curve05490,retained
3,Curve05491,retained
3,Curve05492,retained
3,Curve05493,retained
3,Curve05494,retained
3,Curve05495,retained
3,Curve05496,retained
3,Curve05497,retained
3,Curve05498,retained
3,Curve05499,retained
3,Curve05500,retained
3,Curve05501,retained
3,Curve05502,retained
3,Curve05503,retained
3,Curve05504,retained
3,Curve05505,retained
3,Curve05506,retained
3,Curve05507,retained
3,Curve05508,retained
3,Curve05509,retained
3,Curve05510,retained
3,Curve05511,retained
3,Curve05512,retained
3,Curve05513,retained
3,Curve05514,retained
3,Curve05515,retained
3,Curve05516,retained
3,Curve05517,retained
3,Curve05518,retained
3,Curve05519,retained
3,Curve05520,retained
3,Curve05521,retained
3,Curve05522,retained
3,Curve05523,retained
3,Curve05524,retained
3,Curve05525,retained
3,Curve05526,retained
3,Curve05527,retained
3,Curve05528,retained
3,Curve05529,retained
3,Curve05530,retained
3,Curve05531,retained
3,Curve05532,retained
3,Curve05533,retained
3,Curve05534,retained
3,Curve05535,retained
3,Curve05536,retained
3,Curve05537,retained
3,Curve05538,retained
3,Curve05539,retained
3,Curve05540,retained
3,Curve05541,retained
3,Curve05542,retained
3,Curve05543,retained
3,Curve05544,retained
3,Curve05545,retained
3,Curve05546,retained
3,Curve05547,retained
3,Curve05548,retained
3,Curve05549,retained
3,Curve05550,retained
3,Curve05551,retained
3,Curve05552,retained
3,Curve05553,retained
3,Curve05554,retained
3,Curve05555,retained
3,Curve05556,retained
3,Curve05557,retained
3,Curve05558,retained
3,Curve05559,retained
3,Curve05560,retained
3,Curve05561,retained
3,Curve05562,retained
3,Curve05563,retained
3,Curve05564,retained
3,Curve05565,retained
3,Curve05566,retained
3,Curve05567,retained
3,Curve05568,retained
3,Curve05569,retained
3,Curve05570,retained
3,Curve05571,retained
3,Curve05572,retained
3,Curve05573,retained
3,Curve05574,retained
3,Curve05575,retained
3,Curve05576,retained
3,Curve05577,retained
3,Curve05578,retained
3,Curve05579,retained
3,Curve05580,retained
3,Curve05581,retained
3,Curve05582,retained
3,Curve05583,retained
3,Curve05584,retained
3,Curve05585,retained
3,Curve05586,retained
3,Curve05587,retained
3,Curve05588,retained
3,Curve05589,retained
3,Curve05590,retained
3,Curve05591,retained
3,Curve05592,retained
3,Curve05593,retained
3,Curve05594,retained
3,Curve05595,retained
3,Curve05596,retained
3,Curve05597,retained
3,Curve05598,retained
3,Curve05599,retained
3,Curve05600,retained
3,Curve05601,retained
3,Curve05602,retained
3,Curve05603,retained
3,Curve05604,retained
3,Curve05605,retained
3,Curve05606,retained
3,Curve05607,retained
3,Curve05608,retained
3,Curve05609,retained
3,Curve05610,retained
3,Curve05611,retained
3,Curve05612,retained
3,Curve05613,retained
3,Curve05614,retained
3,Curve05615,retained
3,Curve05616,retained
3,Curve05617,retained
3,Curve05618,retained
3,Curve05619,retained
3,Curve05620,retained
3,Curve05621,retained
3,Curve05622,retained
3,Curve05623,retained
3,Curve05624,retained
3,Curve05625,retained
3,Curve05626,retained
3,Curve05627,retained
3,Curve05628,retained
3,Curve05629,retained
3,Curve05630,retained
3,Curve05631,retained
3,Curve05632,retained
3,Curve05633,retained
3,Curve05634,retained
3,Curve05635,retained
3,Curve05636,retained
3,Curve05637,retained
3,Curve05638,retained
3,Curve05639,retained
3,Curve05640,retained
3,Curve05641,retained
3,Curve05642,retained
3,Curve05643,retained
3,Curve05644,retained
3,Curve05645,retained
3,Curve05646,retained
3,Curve05647,retained
3,Curve05648,retained
3,Curve05649,retained
3,Curve05650,retained
3,Curve05651,retained
3,Curve05652,retained
3,Curve05653,retained
3,Curve05654,retained
3,Curve05655,retained
3,Curve05656,retained
3,Curve05657,retained
3,Curve05658,retained
3,Curve05659,retained
3,Curve05660,retained
3,Curve05661,retained
3,Curve05662,retained
3,Curve05663,retained
3,Curve05664,retained
3,Curve05665,retained
3,Curve05666,retained
3,Curve05667,retained
3,Curve05668,retained
3,Curve05669,retained
3,Curve05670,retained
3,Curve05671,retained
3,Curve05672,retained
3,Curve05673,retained
3,Curve05674,retained
3,Curve05675,retained
3,Curve05676,retained
3,Curve05677,retained
3,Curve05678,retained
3,Curve05679,retained
3,Curve05680,retained
3,Curve05681,retained
3,Curve05682,retained
3,Curve05683,retained
3,Curve05684,retained
3,Curve05685,retained
3,Curve05686,retained
3,Curve05687,retained
3,Curve05688,retained
3,Curve05689,retained
3,Curve05690,retained
3,Curve05691,retained
3,Curve05692,retained
3,Curve05693,retained
3,Curve05694,retained
3,Curve05695,retained
3,Curve05696,retained
3,Curve05697,retained
3,Curve05698,retained
3,Curve05699,retained
3,Curve05700,retained
3,Curve05701,retained
3,Curve05702,retained
3,Curve05703,retained
3,Curve05704,retained
3,Curve05705,retained
3,Curve05706,retained
3,Curve05707,retained
3,Curve05708,retained
3,Curve05709,retained
3,Curve05710,retained
3,Curve05711,retained
3,Curve05712,retained
3,Curve05713,retained
3,Curve05714,retained
3,Curve05715,retained
3,Curve05716,retained
3,Curve05717,retained
3,Curve05718,retained
3,Curve05719,retained
3,Curve05720,retained
3,Curve05721,retained
3,Curve05722,retained
3,Curve05723,retained
3,Curve05724,retained
3,Curve05725,retained
3,Curve05726,retained
3,Curve05727,retained
3,Curve05728,retained
3,Curve05729,retained
3,Curve05730,retained
3,Curve05731,retained
3,Curve05732,retained
3,Curve05733,retained
3,Curve05734,retained
3,Curve05735,retained
3,Curve05736,retained
3,Curve05737,retained
3,Curve05738,retained
3,Curve05739,retained
3,Curve05740,retained
3,Curve05741,retained
3,Curve05742,retained
3,Curve05743,retained
3,Curve05744,retained
3,Curve05745,retained
3,Curve05746,retained
3,Curve05747,retained
3,Curve05748,retained
3,Curve05749,retained
3,Curve05750,retained
3,Curve05751,retained
3,Curve05752,retained
3,Curve05753,retained
3,Curve05754,retained
3,Curve05755,retained
3,Curve05756,retained
3,Curve05757,retained
3,Curve05758,retained
3,Curve05759,retained
3,Curve05760,retained
3,Curve05761,retained
3,Curve05762,retained
3,Curve05763,retained
3,Curve05764,retained
3,Curve05765,retained
3,Curve05766,retained
3,Curve05767,retained
3,Curve05768,retained
3,Curve05769,retained
3,Curve05770,retained
3,Curve05771,retained
3,Curve05772,retained
3,Curve05773,retained
3,Curve05774,retained
3,Curve05775,retained
3,Curve05776,retained
3,Curve05777,retained
3,Curve05778,retained
3,Curve05779,retained
3,Curve05780,retained
3,Curve05781,retained
3,Curve05782,retained
3,Curve05783,retained
3,Curve05784,retained
3,Curve05785,retained
3,Curve05786,retained
3,Curve05787,retained
3,Curve05788,retained
3,Curve05789,retained
3,Curve05790,retained
3,Curve05791,retained
3,Curve05792,retained
3,Curve05793,retained
3,Curve05794,retained
3,Curve05795,retained
3,Curve05796,retained
3,Curve05797,retained
3,Curve05798,retained
3,Curve05799,retained
3,Curve05800,retained
3,Curve05801,retained
3,Curve05802,retained
3,Curve05803,retained
3,Curve05804,retained
3,Curve05805,retained
3,Curve05806,retained
3,Curve05807,retained
3,Curve05808,retained
3,Curve05809,retained
3,Curve05810,retained
3,Curve05811,retained
3,Curve05812,retained
3,Curve05813,retained
3,Curve05814,retained
3,Curve05815,retained
3,Curve05816,retained
3,Curve05817,retained
3,Curve05818,retained
3,Curve05819,retained
3,Curve05820,retained
3,Curve05821,retained
3,Curve05822,retained
3,Curve05823,retained
3,Curve05824,retained
3,Curve05825,retained
3,Curve05826,retained
3,Curve05827,retained
3,Curve05828,retained
3,Curve05829,retained
3,Curve05830,retained
3,Curve05831,retained
3,Curve05832,retained
3,Curve05833,retained
3,Curve05834,retained
3,Curve05835,retained
3,Curve05836,retained
3,Curve05837,retained
3,Curve05838,retained
3,Curve05839,retained
3,Curve05840,retained
3,Curve05841,retained
3,Curve05842,retained
3,Curve05843,retained
3,Curve05844,retained
3,Curve05845,retained
3,Curve05846,retained
3,Curve05847,retained
3,Curve05848,retained
3,Curve05849,retained
3,Curve05850,retained
3,Curve05851,retained
3,Curve05852,retained
3,Curve05853,retained
3,Curve05854,retained
3,Curve05855,retained
3,Curve05856,retained
3,Curve05857,retained
3,Curve05858,retained
3,Curve05859,retained
3,Curve05860,retained
3,Curve05861,retained
3,Curve05862,retained
3,Curve05863,retained
3,Curve05864,retained
3,Curve05865,retained
3,Curve05866,retained
3,Curve05867,retained
3,Curve05868,retained
3,Curve05869,retained
3,Curve05870,retained
3,Curve05871,retained
3,Curve05872,retained
3,Curve05873,retained
3,Curve05874,retained
3,Curve05875,retained
3,Curve05876,retained
3,Curve05877,retained
3,Curve05878,retained
3,Curve05879,retained
3,Curve05880,retained
3,Curve05881,retained
3,Curve05882,retained
3,Curve05883,retained
3,Curve05884,retained
3,Curve05885,retained
3,Curve05886,retained
3,Curve05887,retained
3,Curve05888,retained
3,Curve05889,retained
3,Curve05890,retained
3,Curve05891,retained
3,Curve05892,retained
3,Curve05893,retained
3,Curve05894,retained
3,Curve05895,retained
3,Curve05896,retained
3,Curve05897,retained
3,Curve05898,retained
3,Curve05899,retained
3,Curve05900,retained
3,Curve05901,retained
3,Curve05902,retained
3,Curve05903,retained
3,Curve05904,retained
3,Curve05905,retained
3,Curve05906,retained
3,Curve05907,retained
3,Curve05908,retained
3,Curve05909,retained
3,Curve05910,retained
3,Curve05911,retained
3,Curve05912,retained
3,Curve05913,retained
3,Curve05914,retained
3,Curve05915,retained
3,Curve05916,retained
3,Curve05917,retained
3,Curve05918,retained
3,Curve05919,retained
3,Curve05920,retained
3,Curve05921,retained
3,Curve05922,retained
3,Curve05923,retained
3,Curve05924,retained
3,Curve05925,retained
3,Curve05926,retained
3,Curve05927,retained
3,Curve05928,retained
3,Curve05929,retained
3,Curve05930,retained
3,Curve05931,retained
3,Curve05932,retained
3,Curve05933,retained
3,Curve05934,retained
3,Curve05935,retained
3,Curve05936,retained
3,Curve05937,retained
3,Curve05938,retained
3,Curve05939,retained
3,Curve05940,retained
3,Curve05941,retained
3,Curve05942,retained
3,Curve05943,retained
3,Curve05944,retained
3,Curve05945,retained
3,Curve05946,retained
3,Curve05947,retained
3,Curve05948,retained
3,Curve05949,retained
3,Curve05950,retained
3,Curve05951,retained
3,Curve05952,retained
3,Curve05953,retained
3,Curve05954,retained
3,Curve05955,retained
3,Curve05956,retained
3,Curve05957,retained
3,Curve05958,retained
3,Curve05959,retained
3,Curve05960,retained
3,Curve05961,retained
3,Curve05962,retained
3,Curve05963,retained
3,Curve05964,retained
3,Curve05965,retained
3,Curve05966,retained
3,Curve05967,retained
3,Curve05968,retained
3,Curve05969,retained
3,Curve05970,retained
3,Curve05971,retained
3,Curve05972,retained
3,Curve05973,retained
3,Curve05974,retained
3,Curve05975,retained
3,Curve05976,retained
3,Curve05977,retained
3,Curve05978,retained
3,Curve05979,retained
3,Curve05980,retained
3,Curve05981,retained
3,Curve05982,retained
3,Curve05983,retained
3,Curve05984,retained
3,Curve05985,retained
3,Curve05986,retained
3,Curve05987,retained
3,Curve05988,retained
3,Curve08629,retained
3,Curve08630,retained
3,Curve08631,retained
3,Curve08632,retained
3,Curve08633,retained
3,Curve08634,retained
3,Curve08635,retained
3,Curve08636,retained
3,Curve08637,retained
3,Curve08638,retained
3,Curve08639,retained
3,Curve08640,retained
3,Curve08641,retained
3,Curve08642,retained
3,Curve08643,retained
3,Curve08644,retained
3,Curve08645,retained
3,Curve08646,retained
3,Curve08647,retained
3,Curve08648,retained
3,Curve08649,retained
3,Curve08650,retained
3,Curve08651,retained
3,Curve08652,retained
3,Curve08653,retained
3,Curve08654,retained
3,Curve08655,retained
3,Curve08656,retained
3,Curve08657,retained
3,Curve08658,retained
3,Curve08659,retained
3,Curve08660,retained
3,Curve08661,retained
3,Curve08662,retained
3,Curve08663,retained
3,Curve08664,retained
3,Curve08665,retained
3,Curve08666,retained
3,Curve08667,retained
3,Curve08668,retained
3,Curve08669,retained
3,Curve08670,retained
3,Curve08671,retained
3,Curve08672,retained
3,Curve08673,retained
3,Curve08674,retained
3,Curve08675,retained
3,Curve08676,retained
3,Curve08677,retained
3,Curve08678,retained
3,Curve08679,retained
3,Curve08680,retained
3,Curve08681,retained
3,Curve08682,retained
3,Curve08683,retained
3,Curve08684,retained
3,Curve08685,retained
3,Curve08686,retained
3,Curve08687,retained
3,Curve08688,retained
3,Curve08689,retained
3,Curve08690,retained
3,Curve08691,retained
3,Curve08692,retained
3,Curve08693,retained
3,Curve08694,retained
3,Curve08695,retained
3,Curve08696,retained
3,Curve08697,retained
3,Curve08698,retained
3,Curve08699,retained
3,Curve08700,retained
3,Curve08701,retained
3,Curve08702,retained
3,Curve08703,retained
3,Curve08704,retained
3,Curve08705,retained
3,Curve08706,retained
3,Curve08707,retained
3,Curve08708,retained
3,Curve08709,retained
3,Curve08710,retained
3,Curve08711,retained
3,Curve08712,retained
3,Curve08713,retained
3,Curve08714,retained
3,Curve08715,retained
3,Curve08716,retained
3,Curve08717,retained
3,Curve08718,retained
3,Curve08719,retained
3,Curve08720,retained
3,Curve08721,retained
3,Curve08722,retained
3,Curve08723,retained
3,Curve08724,retained
3,Curve08725,retained
3,Curve08726,retained
3,Curve08727,retained
3,Curve08728,retained
3,Curve08729,retained
3,Curve08730,retained
3,Curve08731,retained
3,Curve08732,retained
3,Curve08733,retained
3,Curve08734,retained
3,Curve08735,retained
3,Curve08736,retained
3,Curve08737,retained
3,Curve08738,retained
3,Curve08739,retained
3,Curve08740,retained
3,Curve08741,retained
3,Curve08742,retained
3,Curve08743,retained
3,Curve08744,retained
3,Curve08745,retained
3,Curve08746,retained
3,Curve08747,retained
3,Curve08748,retained
3,Curve08749,retained
3,Curve08750,retained
3,Curve08751,retained
3,Curve08752,retained
3,Curve08753,retained
3,Curve08754,retained
3,Curve08755,retained
3,Curve08756,retained
3,Curve08757,retained
3,Curve08758,retained
3,Curve08759,retained
3,Curve08760,retained
3,Curve08761,retained
3,Curve08762,retained
3,Curve08763,retained
3,Curve08764,retained
3,Curve08765,retained
3,Curve08766,retained
3,Curve08767,retained
3,Curve08768,retained
3,Curve08769,retained
3,Curve08770,retained
3,Curve08771,retained
3,Curve08772,retained
3,Curve08773,retained
3,Curve08774,retained
3,Curve08775,retained
3,Curve08776,retained
3,Curve08777,retained
3,Curve08778,retained
3,Curve08779,retained
3,Curve08780,retained
3,Curve08781,retained
3,Curve08782,retained
3,Curve08783,retained
3,Curve08784,retained
3,Curve08785,retained
3,Curve08786,retained
3,Curve08787,retained
3,Curve08788,retained
3,Curve08789,retained
3,Curve08790,retained
3,Curve08791,retained
3,Curve08792,retained
3,Curve08793,retained
3,Curve08794,retained
3,Curve08795,retained
3,Curve08796,retained
3,Curve08797,retained
3,Curve08798,retained
3,Curve08799,retained
3,Curve08800,retained
3,Curve08801,retained
3,Curve08802,retained
3,Curve08803,retained
3,Curve08804,retained
3,Curve08805,retained
3,Curve08806,retained
3,Curve08807,retained
3,Curve08808,retained
3,Curve08809,retained
3,Curve08810,retained
3,Curve08811,retained
3,Curve08812,retained
3,Curve08813,retained
3,Curve08814,retained
3,Curve08815,retained
3,Curve08816,retained
3,Curve08817,retained
3,Curve08818,retained
3,Curve08819,retained
3,Curve08820,retained
3,Curve08821,retained
3,Curve08822,retained
3,Curve08823,retained
3,Curve08824,retained
3,Curve08825,retained
3,Curve08826,retained
3,Curve08827,retained
3,Curve08828,retained
3,Curve08829,retained
3,Curve08830,retained
3,Curve08831,retained
3,Curve08832,retained
3,Curve08833,retained
3,Curve08834,retained
3,Curve08835,retained
3,Curve08836,retained
3,Curve08837,retained
3,Curve08838,retained
3,Curve08839,retained
3,Curve08840,retained
3,Curve08841,retained
3,Curve08842,retained
3,Curve08843,retained
3,Curve08844,retained
3,Curve08845,retained
3,Curve08846,retained
3,Curve08847,retained
3,Curve08848,retained
3,Curve08849,retained
3,Curve08850,retained
3,Curve08851,retained
3,Curve08852,retained
3,Curve08853,retained
3,Curve08854,retained
3,Curve08855,retained
3,Curve08856,retained
3,Curve08857,retained
3,Curve08858,retained
3,Curve08859,retained
3,Curve08860,retained
3,Curve08861,retained
3,Curve08862,retained
3,Curve08863,retained
3,Curve08864,retained
3,Curve08865,retained
3,Curve08866,retained
3,Curve08867,retained
3,Curve08868,retained
4,Curve05989,excluded_insufficient_data
4,Curve05990,excluded_insufficient_data
4,Curve05991,excluded_insufficient_data
4,Curve05992,excluded_insufficient_data
4,Curve05993,excluded_insufficient_data
4,Curve05994,excluded_insufficient_data
4,Curve05995,retained
4,Curve05996,retained
4,Curve05997,retained
4,Curve05998,retained
4,Curve05999,retained
4,Curve06000,retained
4,Curve06001,excluded_insufficient_data
4,Curve06002,excluded_insufficient_data
4,Curve06003,excluded_insufficient_data
4,Curve06004,excluded_insufficient_data
4,Curve06005,excluded_insufficient_data
4,Curve06006,excluded_insufficient_data
4,Curve06007,retained
4,Curve06008,retained
4,Curve06009,retained
4,Curve06010,retained
4,Curve06011,retained
4,Curve06012,retained
4,Curve06013,excluded_insufficient_data
4,Curve06014,excluded_insufficient_data
4,Curve06015,excluded_insufficient_data
4,Curve06016,excluded_insufficient_data
4,Curve06017,excluded_insufficient_data
4,Curve06018,excluded_insufficient_data
4,Curve06019,retained
4,Curve06020,retained
4,Curve06021,retained
4,Curve06022,retained
4,Curve06023,retained
4,Curve06024,retained
4,Curve06025,excluded_insufficient_data
4,Curve06026,excluded_insufficient_data
4,Curve06027,excluded_insufficient_data
4,Curve06028,excluded_insufficient_data
4,Curve06029,excluded_insufficient_data
4,Curve06030,excluded_insufficient_data
4,Curve06031,retained
4,Curve06032,retained
4,Curve06033,retained
4,Curve06034,retained
4,Curve06035,retained
4,Curve06036,retained
4,Curve06037,excluded_insufficient_data
4,Curve06038,excluded_insufficient_data
4,Curve06039,excluded_insufficient_data
4,Curve06040,excluded_insufficient_data
4,Curve06041,excluded_insufficient_data
4,Curve06042,excluded_insufficient_data
4,Curve06043,retained
4,Curve06044,retained
4,Curve06045,retained
4,Curve06046,retained
4,Curve06047,retained
4,Curve06048,retained
4,Curve06049,excluded_insufficient_data
4,Curve06050,excluded_insufficient_data
4,Curve06051,excluded_insufficient_data
4,Curve06052,excluded_insufficient_data
4,Curve06053,excluded_insufficient_data
4,Curve06054,excluded_insufficient_data
4,Curve06055,retained
4,Curve06056,retained
4,Curve06057,retained
4,Curve06058,retained
4,Curve06059,retained
4,Curve06060,retained
4,Curve06061,excluded_insufficient_data
4,Curve06062,excluded_insufficient_data
4,Curve06063,excluded_insufficient_data
4,Curve06064,excluded_insufficient_data
4,Curve06065,excluded_insufficient_data
4,Curve06066,excluded_insufficient_data
4,Curve06067,retained
4,Curve06068,retained
4,Curve06069,retained
4,Curve06070,retained
4,Curve06071,retained
4,Curve06072,retained
4,Curve06073,excluded_insufficient_data
4,Curve06074,excluded_insufficient_data
4,Curve06075,excluded_insufficient_data
4,Curve06076,excluded_insufficient_data
4,Curve06077,excluded_insufficient_data
4,Curve06078,excluded_insufficient_data
4,Curve06079,retained
4,Curve06080,retained
4,Curve06081,retained
4,Curve06082,retained
4,Curve06083,retained
4,Curve06084,retained
4,Curve06085,excluded_insufficient_data
4,Curve06086,excluded_insufficient_data
4,Curve06087,excluded_insufficient_data
4,Curve06088,excluded_insufficient_data
4,Curve06089,excluded_insufficient_data
4,Curve06090,excluded_insufficient_data
4,Curve06091,retained
4,Curve06092,retained
4,Curve06093,retained
4,Curve06094,retained
4,Curve06095,retained
4,Curve06096,retained
4,Curve06097,excluded_insufficient_data
4,Curve06098,excluded_insufficient_data
4,Curve06099,excluded_insufficient_data
4,Curve06100,excluded_insufficient_data
4,Curve06101,excluded_insufficient_data
4,Curve06102,excluded_insufficient_data
4,Curve06103,retained
4,Curve06104,retained
4,Curve06105,retained
4,Curve06106,retained
4,Curve06107,retained
4,Curve06108,retained
4,Curve06109,retained
4,Curve06110,retained
4,Curve06111,retained
4,Curve06112,retained
4,Curve06113,retained
4,Curve06114,retained
4,Curve06115,retained
4,Curve06116,retained
4,Curve06117,retained
4,Curve06118,retained
4,Curve06119,retained
4,Curve06120,retained
4,Curve06121,retained
4,Curve06122,retained
4,Curve06123,retained
4,Curve06124,retained
4,Curve06125,retained
4,Curve06126,retained
4,Curve06127,retained
4,Curve06128,retained
4,Curve06129,retained
4,Curve06130,retained
4,Curve06131,retained
4,Curve06132,retained
4,Curve06133,retained
4,Curve06134,retained
4,Curve06135,retained
4,Curve06136,retained
4,Curve06137,retained
4,Curve06138,retained
4,Curve06139,retained
4,Curve06140,retained
4,Curve06141,retained
4,Curve06142,retained
4,Curve06143,retained
4,Curve06144,retained
4,Curve06145,retained
4,Curve06146,retained
4,Curve06147,retained
4,Curve06148,retained
4,Curve06149,retained
4,Curve06150,retained
4,Curve06151,retained
4,Curve06152,retained
4,Curve06153,retained
4,Curve06154,retained
4,Curve06155,retained
4,Curve06156,retained
4,Curve06157,retained
4,Curve06158,retained
4,Curve06159,retained
4,Curve06160,retained
4,Curve06161,retained
4,Curve06162,retained
4,Curve06163,retained
4,Curve06164,retained
4,Curve06165,retained
4,Curve06166,retained
4,Curve06167,retained
4,Curve06168,retained
4,Curve06169,retained
4,Curve06170,retained
4,Curve06171,retained
4,Curve06172,retained
4,Curve06173,retained
4,Curve06174,retained
4,Curve06175,retained
4,Curve06176,retained
4,Curve06177,retained
4,Curve06178,retained
4,Curve06179,retained
4,Curve06180,retained
4,Curve06181,retained
4,Curve06182,retained
4,Curve06183,retained
4,Curve06184,retained
4,Curve06185,retained
4,Curve06186,retained
4,Curve06187,retained
4,Curve06188,retained
4,Curve06189,retained
4,Curve06190,retained
4,Curve06191,retained
4,Curve06192,retained
4,Curve06193,retained
4,Curve06194,retained
4,Curve06195,retained
4,Curve06196,retained
4,Curve06197,retained
4,Curve06198,retained
4,Curve06199,retained
4,Curve06200,retained
4,Curve06201,retained
4,Curve06202,retained
4,Curve06203,retained
4,Curve06204,retained
4,Curve06205,retained
4,Curve06206,retained
4,Curve06207,retained
4,Curve06208,retained
4,Curve06209,retained
4,Curve06210,retained
4,Curve06211,retained
4,Curve06212,retained
4,Curve06213,retained
4,Curve06214,retained
4,Curve06215,retained
4,Curve06216,retained
4,Curve06217,retained
4,Curve06218,retained
4,Curve06219,retained
4,Curve06220,retained
4,Curve06221,retained
4,Curve06222,retained
4,Curve06223,retained
4,Curve06224,retained
4,Curve06225,retained
4,Curve06226,retained
4,Curve06227,retained
4,Curve06228,retained
4,Curve06229,retained
4,Curve06230,retained
4,Curve06231,retained
4,Curve06232,retained
4,Curve06233,retained
4,Curve06234,retained
4,Curve06235,retained
4,Curve06236,retained
4,Curve06237,retained
4,Curve06238,retained
4,Curve06239,retained
4,Curve06240,retained
4,Curve06241,retained
4,Curve06242,retained
4,Curve06243,retained
4,Curve06244,retained
4,Curve06245,retained
4,Curve06246,retained
4,Curve06247,retained
4,Curve06248,retained
4,Curve06249,retained
4,Curve06250,retained
4,Curve06251,retained
4,Curve06252,retained
4,Curve06253,retained
4,Curve06254,retained
4,Curve06255,retained
4,Curve06256,retained
4,Curve06257,retained
4,Curve06258,retained
4,Curve06259,retained
4,Curve06260,retained
4,Curve06261,retained
4,Curve06262,retained
4,Curve06263,retained
4,Curve06264,retained
4,Curve06265,retained
4,Curve06266,retained
4,Curve06267,retained
4,Curve06268,retained
4,Curve06269,retained
4,Curve06270,retained
4,Curve06271,retained
4,Curve06272,retained
4,Curve06273,retained
4,Curve06274,retained
4,Curve06275,retained
4,Curve06276,retained
4,Curve06277,retained
4,Curve06278,retained
4,Curve06279,retained
4,Curve06280,retained
4,Curve06281,retained
4,Curve06282,retained
4,Curve06283,retained
4,Curve06284,retained
4,Curve06285,retained
4,Curve06286,retained
4,Curve06287,retained
4,Curve06288,retained
4,Curve06289,retained
4,Curve06290,retained
4,Curve06291,retained
4,Curve06292,retained
4,Curve06293,retained
4,Curve06294,retained
4,Curve06295,retained
4,Curve06296,retained
4,Curve06297,retained
4,Curve06298,retained
4,Curve06299,retained
4,Curve06300,retained
4,Curve06301,retained
4,Curve06302,retained
4,Curve06303,retained
4,Curve06304,retained
4,Curve06305,retained
4,Curve06306,retained
4,Curve06307,retained
4,Curve06308,retained
4,Curve06309,retained
4,Curve06310,retained
4,Curve06311,retained
4,Curve06312,retained
4,Curve06313,retained
4,Curve06314,retained
4,Curve06315,retained
4,Curve06316,retained
4,Curve06317,retained
4,Curve06318,retained
4,Curve06319,retained
4,Curve06320,retained
4,Curve06321,retained
4,Curve06322,retained
4,Curve06323,retained
4,Curve06324,retained
4,Curve06325,retained
4,Curve06326,retained
4,Curve06327,retained
4,Curve06328,retained
4,Curve06329,retained
4,Curve06330,retained
4,Curve06331,retained
4,Curve06332,retained
4,Curve06333,retained
4,Curve06334,retained
4,Curve06335,retained
4,Curve06336,retained
4,Curve06337,retained
4,Curve06338,retained
4,Curve06339,retained
4,Curve06340,retained
4,Curve06341,retained
4,Curve06342,retained
4,Curve06343,retained
4,Curve06344,retained
4,Curve06345,retained
4,Curve06346,retained
4,Curve06347,retained
4,Curve06348,retained
4,Curve06349,retained
4,Curve06350,retained
4,Curve06351,retained
4,Curve06352,retained
4,Curve06353,retained
4,Curve06354,retained
4,Curve06355,retained
4,Curve06356,retained
4,Curve06357,retained
4,Curve06358,retained
4,Curve06359,retained
4,Curve06360,retained
4,Curve06361,retained
4,Curve06362,retained
4,Curve06363,retained
4,Curve06364,retained
4,Curve06365,retained
4,Curve06366,retained
4,Curve06367,retained
4,Curve06368,retained
4,Curve06369,retained
4,Curve06370,retained
4,Curve06371,retained
4,Curve06372,retained
4,Curve06373,retained
4,Curve06374,retained
4,Curve06375,retained
4,Curve06376,retained
4,Curve06377,retained
4,Curve06378,retained
4,Curve06379,retained
4,Curve06380,retained
4,Curve06381,retained
4,Curve06382,retained
4,Curve06383,retained
4,Curve06384,retained
4,Curve06385,retained
4,Curve06386,retained
4,Curve06387,retained
4,Curve06388,retained
4,Curve06389,retained
4,Curve06390,retained
4,Curve06391,retained
4,Curve06392,retained
4,Curve06393,retained
4,Curve06394,retained
4,Curve06395,retained
4,Curve06396,retained
4,Curve06397,retained
4,Curve06398,retained
4,Curve06399,retained
4,Curve06400,retained
4,Curve06401,retained
4,Curve06402,retained
4,Curve06403,retained
4,Curve06404,retained
4,Curve06405,retained
4,Curve06406,retained
4,Curve06407,retained
4,Curve06408,retained
4,Curve06409,retained
4,Curve06410,retained
4,Curve06411,retained
4,Curve06412,retained
4,Curve06413,retained
4,Curve06414,retained
4,Curve06415,retained
4,Curve06416,retained
4,Curve06417,retained
4,Curve06418,retained
4,Curve06419,retained
4,Curve06420,retained
4,Curve06421,retained
4,Curve06422,retained
4,Curve06423,retained
4,Curve06424,retained
4,Curve06425,retained
4,Curve06426,retained
4,Curve06427,retained
4,Curve06428,retained
4,Curve06429,retained
4,Curve06430,retained
4,Curve06431,retained
4,Curve06432,retained
4,Curve06433,retained
4,Curve06434,retained
4,Curve06435,retained
4,Curve06436,retained
4,Curve06437,retained
4,Curve06438,retained
4,Curve06439,retained
4,Curve06440,retained
4,Curve06441,retained
4,Curve06442,retained
4,Curve06443,retained
4,Curve06444,retained
4,Curve06445,retained
4,Curve06446,retained
4,Curve06447,retained
4,Curve06448,retained
4,Curve06449,retained
4,Curve06450,retained
4,Curve06451,retained
4,Curve06452,retained
4,Curve06453,retained
4,Curve06454,retained
4,Curve06455,retained
4,Curve06456,retained
4,Curve06457,retained
4,Curve06458,retained
4,Curve06459,retained
4,Curve06460,retained
4,Curve06461,retained
4,Curve06462,retained
4,Curve06463,retained
4,Curve06464,retained
4,Curve06465,retained
4,Curve06466,retained
4,Curve06467,retained
4,Curve06468,retained
4,Curve06469,retained
4,Curve06470,retained
4,Curve06471,retained
4,Curve06472,retained
4,Curve06473,retained
4,Curve06474,retained
4,Curve06475,retained
4,Curve06476,retained
4,Curve06477,retained
4,Curve06478,retained
4,Curve06479,retained
4,Curve06480,retained
4,Curve06481,retained
4,Curve06482,retained
4,Curve06483,retained
4,Curve06484,retained
4,Curve06485,retained
4,Curve06486,retained
4,Curve06487,retained
4,Curve06488,retained
4,Curve06489,retained
4,Curve06490,retained
4,Curve06491,retained
4,Curve06492,retained
4,Curve06493,retained
4,Curve06494,retained
4,Curve06495,retained
4,Curve06496,retained
4,Curve06497,retained
4,Curve06498,retained
4,Curve06499,retained
4,Curve06500,retained
4,Curve06501,retained
4,Curve06502,retained
4,Curve06503,retained
4,Curve06504,retained
4,Curve06505,retained
4,Curve06506,retained
4,Curve06507,retained
4,Curve06508,retained
4,Curve06509,retained
4,Curve06510,retained
4,Curve06511,retained
4,Curve06512,retained
4,Curve06513,retained
4,Curve06514,retained
4,Curve06515,retained
4,Curve06516,retained
4,Curve06517,retained
4,Curve06518,retained
4,Curve06519,retained
4,Curve06520,retained
4,Curve06521,retained
4,Curve06522,retained
4,Curve06523,retained
4,Curve06524,retained
4,Curve06525,retained
4,Curve06526,retained
4,Curve06527,retained
4,Curve06528,retained
4,Curve06529,retained
4,Curve06530,retained
4,Curve06531,retained
4,Curve06532,retained
4,Curve06533,retained
4,Curve06534,retained
4,Curve06535,retained
4,Curve06536,retained
4,Curve06537,retained
4,Curve06538,retained
4,Curve06539,retained
4,Curve06540,retained
4,Curve06541,retained
4,Curve06542,retained
4,Curve06543,retained
4,Curve06544,retained
4,Curve06545,retained
4,Curve06546,retained
4,Curve06547,retained
4,Curve06548,retained
4,Curve06549,retained
4,Curve06550,retained
4,Curve06551,retained
4,Curve06552,retained
4,Curve06553,retained
4,Curve06554,retained
4,Curve06555,retained
4,Curve06556,retained
4,Curve06557,retained
4,Curve06558,retained
4,Curve06559,retained
4,Curve06560,retained
4,Curve06561,retained
4,Curve06562,retained
4,Curve06563,retained
4,Curve06564,retained
4,Curve06565,retained
4,Curve06566,retained
4,Curve06567,retained
4,Curve06568,retained
4,Curve06569,retained
4,Curve06570,retained
4,Curve06571,retained
4,Curve06572,retained
4,Curve06573,retained
4,Curve06574,retained
4,Curve06575,retained
4,Curve06576,retained
4,Curve06577,retained
4,Curve06578,retained
4,Curve06579,retained
4,Curve06580,retained
4,Curve06581,retained
4,Curve06582,retained
4,Curve06583,retained
4,Curve06584,retained
4,Curve06585,retained
4,Curve06586,retained
4,Curve06587,retained
4,Curve06588,retained
4,Curve06589,retained
4,Curve06590,retained
4,Curve06591,retained
4,Curve06592,retained
4,Curve06593,retained
4,Curve06594,retained
4,Curve06595,retained
4,Curve06596,retained
4,Curve06597,retained
4,Curve06598,retained
4,Curve06599,retained
4,Curve06600,retained
4,Curve06601,retained
4,Curve06602,retained
4,Curve06603,retained
4,Curve06604,retained
4,Curve06605,retained
4,Curve06606,retained
4,Curve06607,retained
4,Curve06608,retained
4,Curve06609,retained
4,Curve06610,retained
4,Curve06611,retained
4,Curve06612,retained
4,Curve06613,retained
4,Curve06614,retained
4,Curve06615,retained
4,Curve06616,retained
4,Curve06617,retained
4,Curve06618,retained
4,Curve06619,retained
4,Curve06620,retained
4,Curve06621,retained
4,Curve06622,retained
4,Curve06623,retained
4,Curve06624,retained
4,Curve06625,retained
4,Curve06626,retained
4,Curve06627,retained
4,Curve06628,retained
4,Curve06629,retained
4,Curve06630,retained
4,Curve06631,retained
4,Curve06632,retained
4,Curve06633,retained
4,Curve06634,retained
4,Curve06635,retained
4,Curve06636,retained
4,Curve06637,retained
4,Curve06638,retained
4,Curve06639,retained
4,Curve06640,retained
4,Curve06641,retained
4,Curve06642,retained
4,Curve06643,retained
4,Curve06644,retained
4,Curve06645,retained
4,Curve06646,retained
4,Curve06647,retained
4,Curve06648,retained
4,Curve06649,retained
4,Curve06650,retained
4,Curve06651,retained
4,Curve06652,retained
4,Curve06653,retained
4,Curve06654,retained
4,Curve06655,retained
4,Curve06656,retained
4,Curve06657,retained
4,Curve06658,retained
4,Curve06659,retained
4,Curve06660,retained
4,Curve06661,retained
4,Curve06662,retained
4,Curve06663,retained
4,Curve06664,retained
4,Curve06665,retained
4,Curve06666,retained
4,Curve06667,retained
4,Curve06668,retained
4,Curve06669,retained
4,Curve06670,retained
4,Curve06671,retained
4,Curve06672,retained
4,Curve06673,retained
4,Curve06674,retained
4,Curve06675,retained
4,Curve06676,retained
4,Curve06677,retained
4,Curve06678,retained
4,Curve06679,retained
4,Curve06680,retained
4,Curve06681,retained
4,Curve06682,retained
4,Curve06683,retained
4,Curve06684,retained
4,Curve06685,retained
4,Curve06686,retained
4,Curve06687,retained
4,Curve06688,retained
4,Curve06689,retained
4,Curve06690,retained
4,Curve06691,retained
4,Curve06692,retained
4,Curve06693,retained
4,Curve06694,retained
4,Curve06695,retained
4,Curve06696,retained
4,Curve06697,retained
4,Curve06698,retained
4,Curve06699,retained
4,Curve06700,retained
4,Curve06701,retained
4,Curve06702,retained
4,Curve06703,retained
4,Curve06704,retained
4,Curve06705,retained
4,Curve06706,retained
4,Curve06707,retained
4,Curve06708,retained
4,Curve06709,retained
4,Curve06710,retained
4,Curve06711,retained
4,Curve06712,retained
4,Curve06713,retained
4,Curve06714,retained
4,Curve06715,retained
4,Curve06716,retained
4,Curve06717,retained
4,Curve06718,retained
4,Curve06719,retained
4,Curve06720,retained
4,Curve06721,retained
4,Curve06722,retained
4,Curve06723,retained
4,Curve06724,retained
4,Curve06725,retained
4,Curve06726,retained
4,Curve06727,retained
4,Curve06728,retained
4,Curve06729,retained
4,Curve06730,retained
4,Curve06731,retained
4,Curve06732,retained
4,Curve06733,retained
4,Curve06734,retained
4,Curve06735,retained
4,Curve06736,retained
4,Curve06737,retained
4,Curve06738,retained
4,Curve06739,retained
4,Curve06740,retained
4,Curve06741,retained
4,Curve06742,retained
4,Curve06743,retained
4,Curve06744,retained
4,Curve06745,retained
4,Curve06746,retained
4,Curve06747,retained
4,Curve06748,retained
4,Curve06749,retained
4,Curve06750,retained
4,Curve06751,retained
4,Curve06752,retained
4,Curve06753,retained
4,Curve06754,retained
4,Curve06755,retained
4,Curve06756,retained
4,Curve06757,retained
4,Curve06758,retained
4,Curve06759,retained
4,Curve06760,retained
4,Curve06761,retained
4,Curve06762,retained
4,Curve06763,retained
4,Curve06764,retained
4,Curve06765,retained
4,Curve06766,retained
4,Curve06767,retained
4,Curve06768,retained
4,Curve06769,retained
4,Curve06770,retained
4,Curve06771,retained
4,Curve06772,retained
4,Curve06773,retained
4,Curve06774,retained
4,Curve06775,retained
4,Curve06776,retained
4,Curve06777,retained
4,Curve06778,retained
4,Curve06779,retained
4,Curve06780,retained
4,Curve06781,retained
4,Curve06782,retained
4,Curve06783,retained
4,Curve06784,retained
4,Curve06785,retained
4,Curve06786,retained
4,Curve06787,retained
4,Curve06788,retained
4,Curve06789,retained
4,Curve06790,retained
4,Curve06791,retained
4,Curve06792,retained
4,Curve06793,retained
4,Curve06794,retained
4,Curve06795,retained
4,Curve06796,retained
4,Curve06797,retained
4,Curve06798,retained
4,Curve06799,retained
4,Curve06800,retained
4,Curve06801,retained
4,Curve06802,retained
4,Curve06803,retained
4,Curve06804,retained
4,Curve06805,retained
4,Curve06806,retained
4,Curve06807,retained
4,Curve06808,retained
4,Curve06809,retained
4,Curve06810,retained
4,Curve06811,retained
4,Curve06812,retained
4,Curve06813,retained
4,Curve06814,retained
4,Curve06815,retained
4,Curve06816,retained
4,Curve06817,retained
4,Curve06818,retained
4,Curve06819,retained
4,Curve06820,retained
4,Curve06821,retained
4,Curve06822,retained
4,Curve06823,retained
4,Curve06824,retained
4,Curve06825,retained
4,Curve06826,retained
4,Curve06827,retained
4,Curve06828,retained
4,Curve06829,retained
4,Curve06830,retained
4,Curve06831,retained
4,Curve06832,retained
4,Curve06833,retained
4,Curve06834,retained
4,Curve06835,retained
4,Curve06836,retained
4,Curve06837,retained
4,Curve06838,retained
4,Curve06839,retained
4,Curve06840,retained
4,Curve06841,retained
4,Curve06842,retained
4,Curve06843,retained
4,Curve06844,retained
4,Curve06845,retained
4,Curve06846,retained
4,Curve06847,retained
4,Curve06848,retained
4,Curve06849,retained
4,Curve06850,retained
4,Curve06851,retained
4,Curve06852,retained
4,Curve06853,retained
4,Curve06854,retained
4,Curve06855,retained
4,Curve06856,retained
4,Curve06857,retained
4,Curve06858,retained
4,Curve06859,retained
4,Curve06860,retained
4,Curve06861,retained
4,Curve06862,retained
4,Curve06863,retained
4,Curve06864,retained
4,Curve06865,retained
4,Curve06866,retained
4,Curve06867,retained
4,Curve06868,retained
4,Curve06869,retained
4,Curve06870,retained
4,Curve06871,retained
4,Curve06872,retained
4,Curve06873,retained
4,Curve06874,retained
4,Curve06875,retained
4,Curve06876,retained
4,Curve06877,retained
4,Curve06878,retained
4,Curve06879,retained
4,Curve06880,retained
4,Curve06881,retained
4,Curve06882,retained
4,Curve06883,retained
4,Curve06884,retained
4,Curve06885,retained
4,Curve06886,retained
4,Curve06887,retained
4,Curve06888,retained
4,Curve06889,retained
4,Curve06890,retained
4,Curve06891,retained
4,Curve06892,retained
4,Curve06893,retained
4,Curve06894,retained
4,Curve06895,retained
4,Curve06896,retained
4,Curve06897,retained
4,Curve06898,retained
4,Curve06899,retained
4,Curve06900,retained
4,Curve06901,retained
4,Curve06902,retained
4,Curve06903,retained
4,Curve06904,retained
4,Curve06905,retained
4,Curve06906,retained
4,Curve06907,retained
4,Curve06908,retained
4,Curve06909,retained
4,Curve06910,retained
4,Curve06911,retained
4,Curve06912,retained
4,Curve06913,retained
4,Curve06914,retained
4,Curve06915,retained
4,Curve06916,retained
4,Curve06917,retained
4,Curve06918,retained
4,Curve06919,retained
4,Curve06920,retained
4,Curve06921,retained
4,Curve06922,retained
4,Curve06923,retained
4,Curve06924,retained
4,Curve06925,retained
4,Curve06926,retained
4,Curve06927,retained
4,Curve06928,retained
4,Curve06929,retained
4,Curve06930,retained
4,Curve06931,retained
4,Curve06932,retained
4,Curve06933,retained
4,Curve06934,retained
4,Curve06935,retained
4,Curve06936,retained
4,Curve06937,retained
4,Curve06938,retained
4,Curve06939,retained
4,Curve06940,retained
4,Curve06941,retained
4,Curve06942,retained
4,Curve06943,retained
4,Curve06944,retained
4,Curve06945,retained
4,Curve06946,retained
4,Curve06947,retained
4,Curve06948,retained
4,Curve06949,retained
4,Curve06950,retained
4,Curve06951,retained
4,Curve06952,retained
4,Curve06953,retained
4,Curve06954,retained
4,Curve06955,retained
4,Curve06956,retained
4,Curve06957,retained
4,Curve06958,retained
4,Curve06959,retained
4,Curve06960,retained
4,Curve06961,retained
4,Curve06962,retained
4,Curve06963,retained
4,Curve06964,retained
4,Curve06965,retained
4,Curve06966,retained
4,Curve06967,retained
4,Curve06968,retained
4,Curve06969,retained
4,Curve06970,retained
4,Curve06971,retained
4,Curve06972,retained
4,Curve06973,retained
4,Curve06974,retained
4,Curve06975,retained
4,Curve06976,retained
4,Curve06977,retained
4,Curve06978,retained
4,Curve06979,retained
4,Curve06980,retained
4,Curve06981,retained
4,Curve06982,retained
4,Curve06983,retained
4,Curve06984,retained
4,Curve06985,retained
4,Curve06986,retained
4,Curve06987,retained
4,Curve06988,retained
4,Curve06989,retained
4,Curve06990,retained
4,Curve06991,retained
4,Curve06992,retained
4,Curve06993,retained
4,Curve06994,retained
4,Curve06995,retained
4,Curve06996,retained
4,Curve06997,retained
4,Curve06998,retained
4,Curve06999,retained
4,Curve07000,retained
4,Curve07001,retained
4,Curve07002,retained
4,Curve07003,retained
4,Curve07004,retained
4,Curve07005,retained
4,Curve07006,retained
4,Curve07007,retained
4,Curve07008,retained
4,Curve07009,retained
4,Curve07010,retained
4,Curve07011,retained
4,Curve07012,retained
4,Curve07013,retained
4,Curve07014,retained
4,Curve07015,retained
4,Curve07016,retained
4,Curve07017,retained
4,Curve07018,retained
4,Curve07019,retained
4,Curve07020,retained
4,Curve07021,retained
4,Curve07022,retained
4,Curve07023,retained
4,Curve07024,retained
4,Curve07025,retained
4,Curve07026,retained
4,Curve07027,retained
4,Curve07028,retained
4,Curve07029,retained
4,Curve07030,retained
4,Curve07031,retained
4,Curve07032,retained
4,Curve07033,retained
4,Curve07034,retained
4,Curve07035,retained
4,Curve07036,retained
4,Curve07037,retained
4,Curve07038,retained
4,Curve07039,retained
4,Curve07040,retained
4,Curve07041,retained
4,Curve07042,retained
4,Curve07043,retained
4,Curve07044,retained
4,Curve07045,retained
4,Curve07046,retained
4,Curve07047,retained
4,Curve07048,retained
4,Curve07049,retained
4,Curve07050,retained
4,Curve07051,retained
4,Curve07052,retained
4,Curve07053,retained
4,Curve07054,retained
4,Curve07055,retained
4,Curve07056,retained
4,Curve07057,retained
4,Curve07058,retained
4,Curve07059,retained
4,Curve07060,retained
4,Curve07061,retained
4,Curve07062,retained
4,Curve07063,retained
4,Curve07064,retained
4,Curve07065,retained
4,Curve07066,retained
4,Curve07067,retained
4,Curve07068,retained
4,Curve07069,retained
4,Curve07070,retained
4,Curve07071,retained
4,Curve07072,retained
4,Curve07073,retained
4,Curve07074,retained
4,Curve07075,retained
4,Curve07076,retained
4,Curve07077,retained
4,Curve07078,retained
4,Curve07079,retained
4,Curve07080,retained
4,Curve07081,retained
4,Curve07082,retained
4,Curve07083,retained
4,Curve07084,retained
4,Curve07085,retained
4,Curve07086,retained
4,Curve07087,retained
4,Curve07088,retained
4,Curve07089,retained
4,Curve07090,retained
4,Curve07091,retained
4,Curve07092,retained
4,Curve07093,retained
4,Curve07094,retained
4,Curve07095,retained
4,Curve07096,retained
4,Curve07097,retained
4,Curve07098,retained
4,Curve07099,retained
4,Curve07100,retained
4,Curve07101,retained
4,Curve07102,retained
4,Curve07103,retained
4,Curve07104,retained
4,Curve07105,retained
4,Curve07106,retained
4,Curve07107,retained
4,Curve07108,retained
4,Curve07109,retained
4,Curve07110,retained
4,Curve07111,retained
4,Curve07112,retained
4,Curve07113,retained
4,Curve07114,retained
4,Curve07115,retained
4,Curve07116,retained
4,Curve07117,retained
4,Curve07118,retained
4,Curve07119,retained
4,Curve07120,retained
4,Curve07121,retained
4,Curve07122,retained
4,Curve07123,retained
4,Curve07124,retained
4,Curve07125,retained
4,Curve07126,retained
4,Curve07127,retained
4,Curve07128,retained
4,Curve07129,retained
4,Curve07130,retained
4,Curve07131,retained
4,Curve07132,retained
4,Curve07133,retained
4,Curve07134,retained
4,Curve07135,retained
4,Curve07136,retained
4,Curve07137,retained
4,Curve07138,retained
4,Curve07139,retained
4,Curve07140,retained
4,Curve07141,retained
4,Curve07142,retained
4,Curve07143,retained
4,Curve07144,retained
4,Curve07145,retained
4,Curve07146,retained
4,Curve07147,retained
4,Curve07148,retained
4,Curve07149,retained
4,Curve07150,retained
4,Curve07151,retained
4,Curve07152,retained
4,Curve07153,retained
4,Curve07154,retained
4,Curve07155,retained
4,Curve07156,retained
4,Curve07157,retained
4,Curve07158,retained
4,Curve07159,retained
4,Curve07160,retained
4,Curve07161,retained
4,Curve07162,retained
4,Curve07163,retained
4,Curve07164,retained
4,Curve07165,retained
4,Curve07166,retained
4,Curve07167,retained
4,Curve07168,retained
4,Curve07169,retained
4,Curve07170,retained
4,Curve07171,retained
4,Curve07172,retained
4,Curve07173,retained
4,Curve07174,retained
4,Curve07175,retained
4,Curve07176,retained
4,Curve07177,retained
4,Curve07178,retained
4,Curve07179,retained
4,Curve07180,retained
4,Curve07181,retained
4,Curve07182,retained
4,Curve07183,retained
4,Curve07184,retained
4,Curve07185,retained
4,Curve07186,retained
4,Curve07187,retained
4,Curve07188,retained
4,Curve07189,retained
4,Curve07190,retained
4,Curve07191,retained
4,Curve07192,retained
4,Curve07193,retained
4,Curve07194,retained
4,Curve07195,retained
4,Curve07196,retained
4,Curve07197,retained
4,Curve07198,retained
4,Curve07199,retained
4,Curve07200,retained
4,Curve07201,retained
4,Curve07202,retained
4,Curve07203,retained
4,Curve07204,retained
4,Curve07205,retained
4,Curve07206,retained
4,Curve07207,retained
4,Curve07208,retained
4,Curve07209,retained
4,Curve07210,retained
4,Curve07211,retained
4,Curve07212,retained
4,Curve07213,retained
4,Curve07214,retained
4,Curve07215,retained
4,Curve07216,retained
4,Curve07217,retained
4,Curve07218,retained
4,Curve07219,retained
4,Curve07220,retained
4,Curve07221,retained
4,Curve07222,retained
4,Curve07223,retained
4,Curve07224,retained
4,Curve07225,retained
4,Curve07226,retained
4,Curve07227,retained
4,Curve07228,retained
4,Curve07229,retained
4,Curve07230,retained
4,Curve07231,retained
4,Curve07232,retained
4,Curve07233,retained
4,Curve07234,retained
4,Curve07235,retained
4,Curve07236,retained
4,Curve07237,retained
4,Curve07238,retained
4,Curve07239,retained
4,Curve07240,retained
4,Curve07241,retained
4,Curve07242,retained
4,Curve07243,retained
4,Curve07244,retained
4,Curve07245,retained
4,Curve07246,retained
4,Curve07247,retained
4,Curve07248,retained
4,Curve07249,retained
4,Curve07250,retained
4,Curve07251,retained
4,Curve07252,retained
4,Curve07253,retained
4,Curve07254,retained
4,Curve07255,retained
4,Curve07256,retained
4,Curve07257,retained
4,Curve07258,retained
4,Curve07259,retained
4,Curve07260,retained
4,Curve07261,retained
4,Curve07262,retained
4,Curve07263,retained
4,Curve07264,retained
4,Curve07265,retained
4,Curve07266,retained
4,Curve07267,retained
4,Curve07268,retained
4,Curve07269,retained
4,Curve07270,retained
4,Curve07271,retained
4,Curve07272,retained
4,Curve07273,retained
4,Curve07274,retained
4,Curve07275,retained
4,Curve07276,retained
4,Curve07277,retained
4,Curve07278,retained
4,Curve07279,retained
4,Curve07280,retained
4,Curve07281,retained
4,Curve07282,retained
4,Curve07283,retained
4,Curve07284,retained
4,Curve07285,retained
4,Curve07286,retained
4,Curve07287,retained
4,Curve07288,retained
4,Curve07289,retained
4,Curve07290,retained
4,Curve07291,retained
4,Curve07292,retained
4,Curve07293,retained
4,Curve07294,retained
4,Curve07295,retained
4,Curve07296,retained
4,Curve07297,retained
4,Curve07298,retained
4,Curve07299,retained
4,Curve07300,retained
4,Curve07301,retained
4,Curve07302,retained
4,Curve07303,retained
4,Curve07304,retained
4,Curve07305,retained
4,Curve07306,retained
4,Curve07307,retained
4,Curve07308,retained
4,Curve07309,retained
4,Curve07310,retained
4,Curve07311,retained
4,Curve07312,retained
4,Curve07313,retained
4,Curve07314,retained
4,Curve07315,retained
4,Curve07316,retained
4,Curve07317,retained
4,Curve07318,retained
4,Curve07319,retained
4,Curve07320,retained
4,Curve07321,retained
4,Curve07322,retained
4,Curve07323,retained
4,Curve07324,retained
4,Curve07325,retained
4,Curve07326,retained
4,Curve07327,retained
4,Curve07328,retained
4,Curve07329,retained
4,Curve07330,retained
4,Curve07331,retained
4,Curve07332,retained
4,Curve07333,retained
4,Curve07334,retained
4,Curve07335,retained
4,Curve07336,retained
4,Curve07337,retained
4,Curve07338,retained
4,Curve07339,retained
4,Curve07340,retained
4,Curve07341,retained
4,Curve07342,retained
4,Curve07343,retained
4,Curve07344,retained
4,Curve07345,retained
4,Curve07346,retained
4,Curve07347,retained
4,Curve07348,retained
4,Curve07349,retained
4,Curve07350,retained
4,Curve07351,retained
4,Curve07352,retained
4,Curve07353,retained
4,Curve07354,retained
4,Curve07355,retained
4,Curve07356,retained
4,Curve07357,retained
4,Curve07358,retained
4,Curve07359,retained
4,Curve07360,retained
4,Curve07361,retained
4,Curve07362,retained
4,Curve07363,retained
4,Curve07364,retained
4,Curve07365,retained
4,Curve07366,retained
4,Curve07367,retained
4,Curve07368,retained
4,Curve07369,retained
4,Curve07370,retained
4,Curve07371,retained
4,Curve07372,retained
4,Curve07373,retained
4,Curve07374,retained
4,Curve07375,retained
4,Curve07376,retained
4,Curve07377,retained
4,Curve07378,retained
4,Curve07379,retained
4,Curve07380,retained
4,Curve07381,retained
4,Curve07382,retained
4,Curve07383,retained
4,Curve07384,retained
4,Curve07385,retained
4,Curve07386,retained
4,Curve07387,retained
4,Curve07388,retained
4,Curve07389,retained
4,Curve07390,retained
4,Curve07391,retained
4,Curve07392,retained
4,Curve07393,retained
4,Curve07394,retained
4,Curve07395,retained
4,Curve07396,retained
4,Curve07397,retained
4,Curve07398,retained
4,Curve07399,retained
4,Curve07400,retained
4,Curve07401,retained
4,Curve07402,retained
4,Curve07403,retained
4,Curve07404,retained
4,Curve07405,retained
4,Curve07406,retained
4,Curve07407,retained
4,Curve07408,retained
4,Curve07409,retained
4,Curve07410,retained
4,Curve07411,retained
4,Curve07412,retained
4,Curve07413,retained
4,Curve07414,retained
4,Curve07415,retained
4,Curve07416,retained
4,Curve07417,retained
4,Curve07418,retained
4,Curve07419,retained
4,Curve07420,retained
4,Curve07421,retained
4,Curve07422,retained
4,Curve07423,retained
4,Curve07424,retained
4,Curve07425,retained
4,Curve07426,retained
4,Curve07427,retained
4,Curve07428,retained
4,Curve07429,retained
4,Curve07430,retained
4,Curve07431,retained
4,Curve07432,retained
4,Curve07433,retained
4,Curve07434,retained
4,Curve07435,retained
4,Curve07436,retained
4,Curve07437,retained
4,Curve07438,retained
4,Curve07439,retained
4,Curve07440,retained
4,Curve07441,retained
4,Curve07442,retained
4,Curve07443,retained
4,Curve07444,retained
4,Curve07445,retained
4,Curve07446,retained
4,Curve07447,retained
4,Curve07448,retained
4,Curve07449,retained
4,Curve07450,retained
4,Curve07451,retained
4,Curve07452,retained
4,Curve07453,retained
4,Curve07454,retained
4,Curve07455,retained
4,Curve07456,retained
4,Curve07457,retained
4,Curve07458,retained
4,Curve07459,retained
4,Curve07460,retained
4,Curve07461,retained
4,Curve07462,retained
4,Curve07463,retained
4,Curve07464,retained
4,Curve07465,retained
4,Curve07466,retained
4,Curve07467,retained
4,Curve07468,retained
4,Curve07469,retained
4,Curve07470,retained
4,Curve07471,retained
4,Curve07472,retained
4,Curve07473,retained
4,Curve07474,retained
4,Curve07475,retained
4,Curve07476,retained
4,Curve07477,retained
4,Curve07478,retained
4,Curve07479,retained
4,Curve07480,retained
4,Curve07481,retained
4,Curve07482,retained
4,Curve07483,retained
4,Curve07484,retained
4,Curve07485,retained
4,Curve07486,retained
4,Curve07487,retained
4,Curve07488,retained
4,Curve07489,retained
4,Curve07490,retained
4,Curve07491,retained
4,Curve07492,retained
4,Curve07493,retained
4,Curve07494,retained
4,Curve07495,retained
4,Curve07496,retained
4,Curve07497,retained
4,Curve07498,retained
4,Curve07499,retained
4,Curve07500,retained
4,Curve07501,retained
4,Curve07502,retained
4,Curve07503,retained
4,Curve07504,retained
4,Curve07505,retained
4,Curve07506,retained
4,Curve07507,retained
4,Curve07508,retained
4,Curve07509,retained
4,Curve07510,retained
4,Curve07511,retained
4,Curve07512,retained
4,Curve07513,retained
4,Curve07514,retained
4,Curve07515,retained
4,Curve07516,retained
4,Curve07517,retained
4,Curve07518,retained
4,Curve07519,retained
4,Curve07520,retained
4,Curve07521,retained
4,Curve07522,retained
4,Curve07523,retained
4,Curve07524,retained
4,Curve07525,retained
4,Curve07526,retained
4,Curve07527,retained
4,Curve07528,retained
4,Curve07529,retained
4,Curve07530,retained
4,Curve07531,retained
4,Curve07532,retained
4,Curve07533,retained
4,Curve07534,retained
4,Curve07535,retained
4,Curve07536,retained
4,Curve07537,retained
4,Curve07538,retained
4,Curve07539,retained
4,Curve07540,retained
4,Curve07541,retained
4,Curve07542,retained
4,Curve07543,retained
4,Curve07544,retained
4,Curve07545,retained
4,Curve07546,retained
4,Curve07547,retained
4,Curve07548,retained
4,Curve07549,retained
4,Curve07550,retained
4,Curve07551,retained
4,Curve07552,retained
4,Curve07553,retained
4,Curve07554,retained
4,Curve07555,retained
4,Curve07556,retained
4,Curve07557,retained
4,Curve07558,retained
4,Curve07559,retained
4,Curve07560,retained
4,Curve07561,retained
4,Curve07562,retained
4,Curve07563,retained
4,Curve07564,retained
4,Curve07565,retained
4,Curve07566,retained
4,Curve07567,retained
4,Curve07568,retained
4,Curve07569,retained
4,Curve07570,retained
4,Curve07571,retained
4,Curve07572,retained
4,Curve07573,retained
4,Curve07574,retained
4,Curve07575,retained
4,Curve07576,retained
4,Curve07577,retained
4,Curve07578,retained
4,Curve07579,retained
4,Curve07580,retained
4,Curve07581,retained
4,Curve07582,retained
4,Curve07583,retained
4,Curve07584,retained
4,Curve07585,retained
4,Curve07586,retained
4,Curve07587,retained
4,Curve07588,retained
4,Curve07589,retained
4,Curve07590,retained
4,Curve07591,retained
4,Curve07592,retained
4,Curve07593,retained
4,Curve07594,retained
4,Curve07595,retained
4,Curve07596,retained
4,Curve07597,retained
4,Curve07598,retained
4,Curve07599,retained
4,Curve07600,retained
4,Curve07601,retained
4,Curve07602,retained
4,Curve07603,retained
4,Curve07604,retained
4,Curve07605,retained
4,Curve07606,retained
4,Curve07607,retained
4,Curve07608,retained
4,Curve07609,retained
4,Curve07610,retained
4,Curve07611,retained
4,Curve07612,retained
4,Curve07613,retained
4,Curve07614,retained
4,Curve07615,retained
4,Curve07616,retained
4,Curve07617,retained
4,Curve07618,retained
4,Curve07619,retained
4,Curve07620,retained
4,Curve07621,retained
4,Curve07622,retained
4,Curve07623,retained
4,Curve07624,retained
4,Curve07625,retained
4,Curve07626,retained
4,Curve07627,retained
4,Curve07628,retained
4,Curve07629,retained
4,Curve07630,retained
4,Curve07631,retained
4,Curve07632,retained
4,Curve07633,retained
4,Curve07634,retained
4,Curve07635,retained
4,Curve07636,retained
4,Curve07637,retained
4,Curve07638,retained
4,Curve07639,retained
4,Curve07640,retained
4,Curve07641,retained
4,Curve07642,retained
4,Curve07643,retained
4,Curve07644,retained
4,Curve07645,retained
4,Curve07646,retained
4,Curve07647,retained
4,Curve07648,retained
4,Curve07649,retained
4,Curve07650,retained
4,Curve07651,retained
4,Curve07652,retained
4,Curve07653,retained
4,Curve07654,retained
4,Curve07655,retained
4,Curve07656,retained
4,Curve07657,retained
4,Curve07658,retained
4,Curve07659,retained
4,Curve07660,retained
4,Curve07661,retained
4,Curve07662,retained
4,Curve07663,retained
4,Curve07664,retained
4,Curve07665,retained
4,Curve07666,retained
4,Curve07667,retained
4,Curve07668,retained
4,Curve07669,retained
4,Curve07670,retained
4,Curve07671,retained
4,Curve07672,retained
4,Curve07673,retained
4,Curve07674,retained
4,Curve07675,retained
4,Curve07676,retained
4,Curve07677,retained
4,Curve07678,retained
4,Curve07679,retained
4,Curve07680,retained
4,Curve07681,retained
4,Curve07682,retained
4,Curve07683,retained
4,Curve07684,retained
4,Curve07685,retained
4,Curve07686,retained
4,Curve07687,retained
4,Curve07688,retained
4,Curve07689,retained
4,Curve07690,retained
4,Curve07691,retained
4,Curve07692,retained
4,Curve07693,retained
4,Curve07694,retained
4,Curve07695,retained
4,Curve07696,retained
4,Curve07697,retained
4,Curve07698,retained
4,Curve07699,retained
4,Curve07700,retained
4,Curve07701,retained
4,Curve07702,retained
4,Curve07703,retained
4,Curve07704,retained
4,Curve07705,retained
4,Curve07706,retained
4,Curve07707,retained
4,Curve07708,retained
4,Curve07709,retained
4,Curve07710,retained
4,Curve07711,retained
4,Curve07712,retained
4,Curve07713,retained
4,Curve07714,retained
4,Curve07715,retained
4,Curve07716,retained
4,Curve07717,retained
4,Curve07718,retained
4,Curve07719,retained
4,Curve07720,retained
4,Curve07721,retained
4,Curve07722,retained
4,Curve07723,retained
4,Curve07724,retained
4,Curve07725,retained
4,Curve07726,retained
4,Curve07727,retained
4,Curve07728,retained
4,Curve07729,retained
4,Curve07730,retained
4,Curve07731,retained
4,Curve07732,retained
4,Curve07733,retained
4,Curve07734,retained
4,Curve07735,retained
4,Curve07736,retained
4,Curve07737,retained
4,Curve07738,retained
4,Curve07739,retained
4,Curve07740,retained
4,Curve07741,retained
4,Curve07742,retained
4,Curve07743,retained
4,Curve07744,retained
4,Curve07745,retained
4,Curve07746,retained
4,Curve07747,retained
4,Curve07748,retained
4,Curve07749,retained
4,Curve07750,retained
4,Curve07751,retained
4,Curve07752,retained
4,Curve07753,retained
4,Curve07754,retained
4,Curve07755,retained
4,Curve07756,retained
4,Curve07757,retained
4,Curve07758,retained
4,Curve07759,retained
4,Curve07760,retained
4,Curve07761,retained
4,Curve07762,retained
4,Curve07763,retained
4,Curve07764,retained
4,Curve07765,retained
4,Curve07766,retained
4,Curve07767,retained
4,Curve07768,retained
4,Curve07769,retained
4,Curve07770,retained
4,Curve07771,retained
4,Curve07772,retained
4,Curve07773,retained
4,Curve07774,retained
4,Curve07775,retained
4,Curve07776,retained
4,Curve07777,retained
4,Curve07778,retained
4,Curve07779,retained
4,Curve07780,retained
4,Curve07781,retained
4,Curve07782,retained
4,Curve07783,retained
4,Curve07784,retained
4,Curve07785,retained
4,Curve07786,retained
4,Curve07787,retained
4,Curve07788,retained
4,Curve07789,retained
4,Curve07790,retained
4,Curve07791,retained
4,Curve07792,retained
4,Curve07793,retained
4,Curve07794,retained
4,Curve07795,retained
4,Curve07796,retained
4,Curve07797,retained
4,Curve07798,retained
4,Curve07799,retained
4,Curve07800,retained
4,Curve07801,retained
4,Curve07802,retained
4,Curve07803,retained
4,Curve07804,retained
4,Curve07805,retained
4,Curve07806,retained
4,Curve07807,retained
4,Curve07808,retained
4,Curve07809,retained
4,Curve07810,retained
4,Curve07811,retained
4,Curve07812,retained
4,Curve07813,retained
4,Curve07814,retained
4,Curve07815,retained
4,Curve07816,retained
4,Curve07817,retained
4,Curve07818,retained
4,Curve07819,retained
4,Curve07820,retained
4,Curve07821,retained
4,Curve07822,retained
4,Curve07823,retained
4,Curve07824,retained
4,Curve07825,retained
4,Curve07826,retained
4,Curve07827,retained
4,Curve07828,retained
4,Curve07829,retained
4,Curve07830,retained
4,Curve07831,retained
4,Curve07832,retained
4,Curve07833,retained
4,Curve07834,retained
4,Curve07835,retained
4,Curve07836,retained
4,Curve07837,retained
4,Curve07838,retained
4,Curve07839,retained
4,Curve07840,retained
4,Curve07841,retained
4,Curve07842,retained
4,Curve07843,retained
4,Curve07844,retained
4,Curve07845,retained
4,Curve07846,retained
4,Curve07847,retained
4,Curve07848,retained
4,Curve07849,retained
4,Curve07850,retained
4,Curve07851,retained
4,Curve07852,retained
4,Curve07853,retained
4,Curve07854,retained
4,Curve07855,retained
4,Curve07856,retained
4,Curve07857,retained
4,Curve07858,retained
4,Curve07859,retained
4,Curve07860,retained
4,Curve07861,retained
4,Curve07862,retained
4,Curve07863,retained
4,Curve07864,retained
4,Curve07865,retained
4,Curve07866,retained
4,Curve07867,retained
4,Curve07868,retained
4,Curve07869,retained
4,Curve07870,retained
4,Curve07871,retained
4,Curve07872,retained
4,Curve07873,retained
4,Curve07874,retained
4,Curve07875,retained
4,Curve07876,retained
4,Curve07877,retained
4,Curve07878,retained
4,Curve07879,retained
4,Curve07880,retained
4,Curve07881,retained
4,Curve07882,retained
4,Curve07883,retained
4,Curve07884,retained
4,Curve07885,retained
4,Curve07886,retained
4,Curve07887,retained
4,Curve07888,retained
4,Curve07889,retained
4,Curve07890,retained
4,Curve07891,retained
4,Curve07892,retained
4,Curve07893,retained
4,Curve07894,retained
4,Curve07895,retained
4,Curve07896,retained
4,Curve07897,retained
4,Curve07898,retained
4,Curve07899,retained
4,Curve07900,retained
4,Curve07901,retained
4,Curve07902,retained
4,Curve07903,retained
4,Curve07904,retained
4,Curve07905,retained
4,Curve07906,retained
4,Curve07907,retained
4,Curve07908,retained
4,Curve07909,retained
4,Curve07910,retained
4,Curve07911,retained
4,Curve07912,retained
4,Curve07913,retained
4,Curve07914,retained
4,Curve07915,retained
4,Curve07916,retained
4,Curve07917,retained
4,Curve07918,retained
4,Curve07919,retained
4,Curve07920,retained
4,Curve07921,retained
4,Curve07922,retained
4,Curve07923,retained
4,Curve07924,retained
4,Curve07925,retained
4,Curve07926,retained
4,Curve07927,retained
4,Curve07928,retained
4,Curve07929,retained
4,Curve07930,retained
4,Curve07931,retained
4,Curve07932,retained
4,Curve07933,retained
4,Curve07934,retained
4,Curve07935,retained
4,Curve07936,retained
4,Curve07937,retained
4,Curve07938,retained
4,Curve07939,retained
4,Curve07940,retained
4,Curve07941,retained
4,Curve07942,retained
4,Curve07943,retained
4,Curve07944,retained
4,Curve07945,retained
4,Curve07946,retained
4,Curve07947,retained
4,Curve07948,retained
4,Curve07949,retained
4,Curve07950,retained
4,Curve07951,retained
4,Curve07952,retained
4,Curve07953,retained
4,Curve07954,retained
4,Curve07955,retained
4,Curve07956,retained
4,Curve07957,retained
4,Curve07958,retained
4,Curve07959,retained
4,Curve07960,retained
4,Curve07961,retained
4,Curve07962,retained
4,Curve07963,retained
4,Curve07964,retained
4,Curve07965,retained
4,Curve07966,retained
4,Curve07967,retained
4,Curve07968,retained
4,Curve07969,retained
4,Curve07970,retained
4,Curve07971,retained
4,Curve07972,retained
4,Curve07973,retained
4,Curve07974,retained
4,Curve07975,retained
4,Curve07976,retained
4,Curve07977,retained
4,Curve07978,retained
4,Curve07979,retained
4,Curve07980,retained
4,Curve07981,retained
4,Curve07982,retained
4,Curve07983,retained
4,Curve07984,retained
4,Curve07985,retained
4,Curve07986,retained
4,Curve07987,retained
4,Curve07988,retained
4,Curve07989,retained
4,Curve07990,retained
4,Curve07991,retained
4,Curve07992,retained
4,Curve07993,retained
4,Curve07994,retained
4,Curve07995,retained
4,Curve07996,retained
4,Curve07997,retained
4,Curve07998,retained
4,Curve07999,retained
4,Curve08000,retained
4,Curve08001,retained
4,Curve08002,retained
4,Curve08003,retained
4,Curve08004,retained
4,Curve08005,retained
4,Curve08006,retained
4,Curve08007,retained
4,Curve08008,retained
4,Curve08009,retained
4,Curve08010,retained
4,Curve08011,retained
4,Curve08012,retained
4,Curve08013,retained
4,Curve08014,retained
4,Curve08015,retained
4,Curve08016,retained
4,Curve08017,retained
4,Curve08018,retained
4,Curve08019,retained
4,Curve08020,retained
4,Curve08021,retained
4,Curve08022,retained
4,Curve08023,retained
4,Curve08024,retained
4,Curve08025,retained
4,Curve08026,retained
4,Curve08027,retained
4,Curve08028,retained
4,Curve08029,retained
4,Curve08030,retained
4,Curve08031,retained
4,Curve08032,retained
4,Curve08033,retained
4,Curve08034,retained
4,Curve08035,retained
4,Curve08036,retained
4,Curve08037,retained
4,Curve08038,retained
4,Curve08039,retained
4,Curve08040,retained
4,Curve08041,retained
4,Curve08042,retained
4,Curve08043,retained
4,Curve08044,retained
4,Curve08045,retained
4,Curve08046,retained
4,Curve08047,retained
4,Curve08048,retained
4,Curve08049,retained
4,Curve08050,retained
4,Curve08051,retained
4,Curve08052,retained
4,Curve08053,retained
4,Curve08054,retained
4,Curve08055,retained
4,Curve08056,retained
4,Curve08057,retained
4,Curve08058,retained
4,Curve08059,retained
4,Curve08060,retained
4,Curve08061,retained
4,Curve08062,retained
4,Curve08063,retained
4,Curve08064,retained
4,Curve08065,retained
4,Curve08066,retained
4,Curve08067,retained
4,Curve08068,retained
4,Curve08069,retained
4,Curve08070,retained
4,Curve08071,retained
4,Curve08072,retained
4,Curve08073,retained
4,Curve08074,retained
4,Curve08075,retained
4,Curve08076,retained
4,Curve08077,retained
4,Curve08078,retained
4,Curve08079,retained
4,Curve08080,retained
4,Curve08081,retained
4,Curve08082,retained
4,Curve08083,retained
4,Curve08084,retained
4,Curve08085,retained
4,Curve08086,retained
4,Curve08087,retained
4,Curve08088,retained
4,Curve08089,retained
4,Curve08090,retained
4,Curve08091,retained
4,Curve08092,retained
4,Curve08093,retained
4,Curve08094,retained
4,Curve08095,retained
4,Curve08096,retained
4,Curve08097,retained
4,Curve08098,retained
4,Curve08099,retained
4,Curve08100,retained
4,Curve08101,retained
4,Curve08102,retained
4,Curve08103,retained
4,Curve08104,retained
4,Curve08105,retained
4,Curve08106,retained
4,Curve08107,retained
4,Curve08108,retained
4,Curve08109,retained
4,Curve08110,retained
4,Curve08111,retained
4,Curve08112,retained
4,Curve08113,retained
4,Curve08114,retained
4,Curve08115,retained
4,Curve08116,retained
4,Curve08117,retained
4,Curve08118,retained
4,Curve08119,retained
4,Curve08120,retained
4,Curve08121,retained
4,Curve08122,retained
4,Curve08123,retained
4,Curve08124,retained
4,Curve08125,retained
4,Curve08126,retained
4,Curve08127,retained
4,Curve08128,retained
4,Curve08129,retained
4,Curve08130,retained
4,Curve08131,retained
4,Curve08132,retained
4,Curve08133,retained
4,Curve08134,retained
4,Curve08135,retained
4,Curve08136,retained
4,Curve08137,retained
4,Curve08138,retained
4,Curve08139,retained
4,Curve08140,retained
4,Curve08141,retained
4,Curve08142,retained
4,Curve08143,retained
4,Curve08144,retained
4,Curve08145,retained
4,Curve08146,retained
4,Curve08147,retained
4,Curve08148,retained
4,Curve08149,retained
4,Curve08150,retained
4,Curve08151,retained
4,Curve08152,retained
4,Curve08153,retained
4,Curve08154,retained
4,Curve08155,retained
4,Curve08156,retained
4,Curve08157,retained
4,Curve08158,retained
4,Curve08159,retained
4,Curve08160,retained
4,Curve08161,retained
4,Curve08162,retained
4,Curve08163,retained
4,Curve08164,retained
4,Curve08165,retained
4,Curve08166,retained
4,Curve08167,retained
4,Curve08168,retained
4,Curve08169,retained
4,Curve08170,retained
4,Curve08171,retained
4,Curve08172,retained
4,Curve08173,retained
4,Curve08174,retained
4,Curve08175,retained
4,Curve08176,retained
4,Curve08177,retained
4,Curve08178,retained
4,Curve08179,retained
4,Curve08180,retained
4,Curve08181,retained
4,Curve08182,retained
4,Curve08183,retained
4,Curve08184,retained
4,Curve08185,retained
4,Curve08186,retained
4,Curve08187,retained
4,Curve08188,retained
4,Curve08189,retained
4,Curve08190,retained
4,Curve08191,retained
4,Curve08192,retained
4,Curve08193,retained
4,Curve08194,retained
4,Curve08195,retained
4,Curve08196,retained
4,Curve08197,retained
4,Curve08198,retained
4,Curve08199,retained
4,Curve08200,retained
4,Curve08201,retained
4,Curve08202,retained
4,Curve08203,retained
4,Curve08204,retained
4,Curve08205,retained
4,Curve08206,retained
4,Curve08207,retained
4,Curve08208,retained
4,Curve08209,retained
4,Curve08210,retained
4,Curve08211,retained
4,Curve08212,retained
4,Curve08213,retained
4,Curve08214,retained
4,Curve08215,retained
4,Curve08216,retained
4,Curve08217,retained
4,Curve08218,retained
4,Curve08219,retained
4,Curve08220,retained
4,Curve08221,retained
4,Curve08222,retained
4,Curve08223,retained
4,Curve08224,retained
4,Curve08225,retained
4,Curve08226,retained
4,Curve08227,retained
4,Curve08228,retained
4,Curve08229,retained
4,Curve08230,retained
4,Curve08231,retained
4,Curve08232,retained
4,Curve08233,retained
4,Curve08234,retained
4,Curve08235,retained
4,Curve08236,retained
4,Curve08237,retained
4,Curve08238,retained
4,Curve08239,retained
4,Curve08240,retained
4,Curve08241,retained
4,Curve08242,retained
4,Curve08243,retained
4,Curve08244,retained
4,Curve08245,retained
4,Curve08246,retained
4,Curve08247,retained
4,Curve08248,retained
4,Curve08249,retained
4,Curve08250,retained
4,Curve08251,retained
4,Curve08252,retained
4,Curve08253,retained
4,Curve08254,retained
4,Curve08255,retained
4,Curve08256,retained
4,Curve08257,retained
4,Curve08258,retained
4,Curve08259,retained
4,Curve08260,retained
4,Curve08261,retained
4,Curve08262,retained
4,Curve08263,retained
4,Curve08264,retained
4,Curve08265,retained
4,Curve08266,retained
4,Curve08267,retained
4,Curve08268,retained
4,Curve08269,retained
4,Curve08270,retained
4,Curve08271,retained
4,Curve08272,retained
4,Curve08273,retained
4,Curve08274,retained
4,Curve08275,retained
4,Curve08276,retained
4,Curve08277,retained
4,Curve08278,retained
4,Curve08279,retained
4,Curve08280,retained
4,Curve08281,retained
4,Curve08282,retained
4,Curve08283,retained
4,Curve08284,retained
4,Curve08285,retained
4,Curve08286,retained
4,Curve08287,retained
4,Curve08288,retained
4,Curve08289,retained
4,Curve08290,retained
4,Curve08291,retained
4,Curve08292,retained
4,Curve08293,retained
4,Curve08294,retained
4,Curve08295,retained
4,Curve08296,retained
4,Curve08297,retained
4,Curve08298,retained
4,Curve08299,retained
4,Curve08300,retained
4,Curve08301,retained
4,Curve08302,retained
4,Curve08303,retained
4,Curve08304,retained
4,Curve08305,retained
4,Curve08306,retained
4,Curve08307,retained
4,Curve08308,retained
4,Curve08309,retained
4,Curve08310,retained
4,Curve08311,retained
4,Curve08312,retained
4,Curve08313,retained
4,Curve08314,retained
4,Curve08315,retained
4,Curve08316,retained
4,Curve08317,retained
4,Curve08318,retained
4,Curve08319,retained
4,Curve08320,retained
4,Curve08321,retained
4,Curve08322,retained
4,Curve08323,retained
4,Curve08324,retained
4,Curve08325,retained
4,Curve08326,retained
4,Curve08327,retained
4,Curve08328,retained
4,Curve08329,retained
4,Curve08330,retained
4,Curve08331,retained
4,Curve08332,retained
4,Curve08333,retained
4,Curve08334,retained
4,Curve08335,retained
4,Curve08336,retained
4,Curve08337,retained
4,Curve08338,retained
4,Curve08339,retained
4,Curve08340,retained
4,Curve08341,retained
4,Curve08342,retained
4,Curve08343,retained
4,Curve08344,retained
4,Curve08345,retained
4,Curve08346,retained
4,Curve08347,retained
4,Curve08348,retained
4,Curve08349,retained
4,Curve08350,retained
4,Curve08351,retained
4,Curve08352,retained
4,Curve08353,retained
4,Curve08354,retained
4,Curve08355,retained
4,Curve08356,retained
4,Curve08357,retained
4,Curve08358,retained
4,Curve08359,retained
4,Curve08360,retained
4,Curve08361,retained
4,Curve08362,retained
4,Curve08363,retained
4,Curve08364,retained
4,Curve08365,retained
4,Curve08366,retained
4,Curve08367,retained
4,Curve08368,retained
4,Curve08369,retained
4,Curve08370,retained
4,Curve08371,retained
4,Curve08372,retained
4,Curve08373,retained
4,Curve08374,retained
4,Curve08375,retained
4,Curve08376,retained
4,Curve08377,retained
4,Curve08378,retained
4,Curve08379,retained
4,Curve08380,retained
4,Curve08381,retained
4,Curve08382,retained
4,Curve08383,retained
4,Curve08384,retained
4,Curve08385,retained
4,Curve08386,retained
4,Curve08387,retained
4,Curve08388,retained
4,Curve08389,retained
4,Curve08390,retained
4,Curve08391,retained
4,Curve08392,retained
4,Curve08393,retained
4,Curve08394,retained
4,Curve08395,retained
4,Curve08396,retained
4,Curve08397,retained
4,Curve08398,retained
4,Curve08399,retained
4,Curve08400,retained
4,Curve08401,retained
4,Curve08402,retained
4,Curve08403,retained
4,Curve08404,retained
4,Curve08405,retained
4,Curve08406,retained
4,Curve08407,retained
4,Curve08408,retained
4,Curve08409,retained
4,Curve08410,retained
4,Curve08411,retained
4,Curve08412,retained
4,Curve08413,retained
4,Curve08414,retained
4,Curve08415,retained
4,Curve08416,retained
4,Curve08417,retained
4,Curve08418,retained
4,Curve08419,retained
4,Curve08420,retained
4,Curve08421,retained
4,Curve08422,retained
4,Curve08423,retained
4,Curve08424,retained
4,Curve08425,retained
4,Curve08426,retained
4,Curve08427,retained
4,Curve08428,retained
4,Curve08429,retained
4,Curve08430,retained
4,Curve08431,retained
4,Curve08432,retained
4,Curve08433,retained
4,Curve08434,retained
4,Curve08435,retained
4,Curve08436,retained
4,Curve08437,retained
4,Curve08438,retained
4,Curve08439,retained
4,Curve08440,retained
4,Curve08441,retained
4,Curve08442,retained
4,Curve08443,retained
4,Curve08444,retained
4,Curve08445,retained
4,Curve08446,retained
4,Curve08447,retained
4,Curve08448,retained
4,Curve08449,retained
4,Curve08450,retained
4,Curve08451,retained
4,Curve08452,retained
4,Curve08453,retained
4,Curve08454,retained
4,Curve08455,retained
4,Curve08456,retained
4,Curve08457,retained
4,Curve08458,retained
4,Curve08459,retained
4,Curve08460,retained
4,Curve08461,retained
4,Curve08462,retained
4,Curve08463,retained
4,Curve08464,retained
4,Curve08465,retained
4,Curve08466,retained
4,Curve08467,retained
4,Curve08468,retained
4,Curve08469,retained
4,Curve08470,retained
4,Curve08471,retained
4,Curve08472,retained
4,Curve08473,retained
4,Curve08474,retained
4,Curve08475,retained
4,Curve08476,retained
4,Curve08477,retained
4,Curve08478,retained
4,Curve08479,retained
4,Curve08480,retained
4,Curve08481,retained
4,Curve08482,retained
4,Curve08483,retained
4,Curve08484,retained
4,Curve08485,retained
4,Curve08486,retained
4,Curve08487,retained
4,Curve08488,retained
4,Curve08489,retained
4,Curve08490,retained
4,Curve08491,retained
4,Curve08492,retained
4,Curve08493,retained
4,Curve08494,retained
4,Curve08495,retained
4,Curve08496,retained
4,Curve08497,excluded_insufficient_data
4,Curve08498,excluded_insufficient_data
4,Curve08499,excluded_insufficient_data
4,Curve08500,excluded_insufficient_data
4,Curve08501,excluded_insufficient_data
4,Curve08502,excluded_insufficient_data
4,Curve08503,retained
4,Curve08504,retained
4,Curve08505,retained
4,Curve08506,retained
4,Curve08507,retained
4,Curve08508,retained
4,Curve08509,retained
4,Curve08510,retained
4,Curve08511,retained
4,Curve08512,retained
4,Curve08513,retained
4,Curve08514,retained
4,Curve08515,retained
4,Curve08516,retained
4,Curve08517,retained
4,Curve08518,retained
4,Curve08519,retained
4,Curve08520,retained
4,Curve08521,retained
4,Curve08522,retained
4,Curve08523,retained
4,Curve08524,retained
4,Curve08525,retained
4,Curve08526,retained
4,Curve08527,retained
4,Curve08528,retained
4,Curve08529,retained
4,Curve08530,retained
4,Curve08531,retained
4,Curve08532,retained
4,Curve08533,retained
4,Curve08534,retained
4,Curve08535,retained
4,Curve08536,retained
4,Curve08537,retained
4,Curve08538,retained
4,Curve08539,retained
4,Curve08540,retained
4,Curve08541,retained
4,Curve08542,retained
4,Curve08543,retained
4,Curve08544,retained
4,Curve08545,retained
4,Curve08546,retained
4,Curve08547,retained
4,Curve08548,retained
4,Curve08549,retained
4,Curve08550,retained
4,Curve08551,retained
4,Curve08552,retained
4,Curve08553,retained
4,Curve08554,retained
4,Curve08555,retained
4,Curve08556,retained
4,Curve08557,retained
4,Curve08558,retained
4,Curve08559,retained
4,Curve08560,retained
4,Curve08561,retained
4,Curve08562,retained
4,Curve08563,retained
4,Curve08564,retained
4,Curve08565,retained
4,Curve08566,retained
4,Curve08567,retained
4,Curve08568,retained
4,Curve08569,retained
4,Curve08570,retained
4,Curve08571,retained
4,Curve08572,retained
4,Curve08573,retained
4,Curve08574,retained
4,Curve08575,retained
4,Curve08576,retained
4,Curve08577,retained
4,Curve08578,retained
4,Curve08579,retained
4,Curve08580,retained
4,Curve08581,retained
4,Curve08582,retained
4,Curve08583,retained
4,Curve08584,retained
4,Curve08585,retained
4,Curve08586,retained
4,Curve08587,retained
4,Curve08588,retained
4,Curve08589,retained
4,Curve08590,retained
4,Curve08591,retained
4,Curve08592,retained
4,Curve08593,retained
4,Curve08594,retained
4,Curve08595,retained
4,Curve08596,retained
4,Curve08597,retained
4,Curve08598,retained
4,Curve08599,retained
4,Curve08600,retained
4,Curve08601,retained
4,Curve08602,retained
4,Curve08603,retained
4,Curve08604,retained
4,Curve08605,retained
4,Curve08606,retained
4,Curve08607,retained
4,Curve08608,retained
4,Curve08609,retained
4,Curve08610,retained
4,Curve08611,retained
4,Curve08612,retained
4,Curve08613,retained
4,Curve08614,retained
4,Curve08615,retained
4,Curve08616,retained
4,Curve08617,retained
4,Curve08618,retained
4,Curve08619,retained
4,Curve08620,retained
4,Curve08621,retained
4,Curve08622,retained
4,Curve08623,retained
4,Curve08624,retained
4,Curve08625,retained
4,Curve08626,retained
4,Curve08627,retained
4,Curve08628,retained
5,Curve08869,retained
5,Curve08870,retained
5,Curve08871,retained
5,Curve08872,retained
5,Curve08873,retained
5,Curve08874,retained
5,Curve08875,retained
5,Curve08876,retained
5,Curve08877,retained
5,Curve08878,retained
5,Curve08879,retained
5,Curve08880,retained
5,Curve08881,retained
5,Curve08882,retained
5,Curve08883,retained
5,Curve08884,retained
5,Curve08885,retained
5,Curve08886,retained
5,Curve08887,retained
5,Curve08888,retained
5,Curve08889,retained
5,Curve08890,retained
5,Curve08891,retained
5,Curve08892,retained
5,Curve08893,retained
5,Curve08894,retained
5,Curve08895,retained
5,Curve08896,retained
5,Curve08897,retained
5,Curve08898,retained
5,Curve08899,retained
5,Curve08900,retained
5,Curve08901,retained
5,Curve08902,retained
5,Curve08903,retained
5,Curve08904,retained
5,Curve08905,retained
5,Curve08906,retained
5,Curve08907,retained
5,Curve08908,retained
5,Curve08909,retained
5,Curve08910,retained
5,Curve08911,retained
5,Curve08912,retained
5,Curve08913,retained
5,Curve08914,retained
5,Curve08915,retained
5,Curve08916,retained
5,Curve08917,retained
5,Curve08918,retained
5,Curve08919,retained
5,Curve08920,retained
5,Curve08921,retained
5,Curve08922,retained
5,Curve08923,retained
5,Curve08924,retained
5,Curve08925,retained
5,Curve08926,retained
5,Curve08927,retained
5,Curve08928,retained
5,Curve08929,retained
5,Curve08930,retained
5,Curve08931,retained
5,Curve08932,retained
5,Curve08933,retained
5,Curve08934,retained
5,Curve08935,retained
5,Curve08936,retained
5,Curve08937,retained
5,Curve08938,retained
5,Curve08939,retained
5,Curve08940,retained
5,Curve08941,retained
5,Curve08942,retained
5,Curve08943,retained
5,Curve08944,retained
5,Curve08945,retained
5,Curve08946,retained
5,Curve08947,retained
5,Curve08948,retained
5,Curve08949,retained
5,Curve08950,retained
5,Curve08951,retained
5,Curve08952,retained
5,Curve08953,retained
5,Curve08954,retained
5,Curve08955,retained
5,Curve08956,retained
5,Curve08957,retained
5,Curve08958,retained
5,Curve08959,retained
5,Curve08960,retained
5,Curve08961,retained
5,Curve08962,retained
5,Curve08963,retained
5,Curve08964,retained
5,Curve08965,retained
5,Curve08966,retained
5,Curve08967,retained
5,Curve08968,retained
5,Curve08969,retained
5,Curve08970,retained
5,Curve08971,retained
5,Curve08972,retained
5,Curve08973,retained
5,Curve08974,retained
5,Curve08975,retained
5,Curve08976,retained
5,Curve08977,retained
5,Curve08978,retained
5,Curve08979,retained
5,Curve08980,retained
5,Curve08981,retained
5,Curve08982,retained
5,Curve08983,retained
5,Curve08984,retained
5,Curve08985,retained
5,Curve08986,retained
5,Curve08987,retained
5,Curve08988,retained
5,Curve08989,retained
5,Curve08990,retained
5,Curve08991,retained
5,Curve08992,retained
5,Curve08993,retained
5,Curve08994,retained
5,Curve08995,retained
5,Curve08996,retained
5,Curve08997,retained
5,Curve08998,retained
5,Curve08999,retained
5,Curve09000,retained
5,Curve09001,retained
5,Curve09002,retained
5,Curve09003,retained
5,Curve09004,retained
5,Curve09005,retained
5,Curve09006,retained
5,Curve09007,retained
5,Curve09008,retained
5,Curve09009,retained
5,Curve09010,retained
5,Curve09011,retained
5,Curve09012,retained
5,Curve09013,retained
5,Curve09014,retained
5,Curve09015,retained
5,Curve09016,retained
5,Curve09017,retained
5,Curve09018,retained
5,Curve09019,retained
5,Curve09020,retained
5,Curve09021,retained
5,Curve09022,retained
5,Curve09023,retained
5,Curve09024,retained
5,Curve09025,retained
5,Curve09026,retained
5,Curve09027,retained
5,Curve09028,retained
5,Curve09029,retained
5,Curve09030,retained
5,Curve09031,retained
5,Curve09032,retained
5,Curve09033,retained
5,Curve09034,retained
5,Curve09035,retained
5,Curve09036,retained
5,Curve09037,retained
5,Curve09038,retained
5,Curve09039,retained
5,Curve09040,retained
5,Curve09041,retained
5,Curve09042,retained
5,Curve09043,retained
5,Curve09044,retained
5,Curve09045,retained
5,Curve09046,retained
5,Curve09047,retained
5,Curve09048,retained
5,Curve09049,retained
5,Curve09050,retained
5,Curve09051,retained
5,Curve09052,retained
5,Curve09053,retained
5,Curve09054,retained
5,Curve09055,retained
5,Curve09056,retained
5,Curve09057,retained
5,Curve09058,retained
5,Curve09059,retained
5,Curve09060,retained
5,Curve09061,retained
5,Curve09062,retained
5,Curve09063,retained
5,Curve09064,retained
5,Curve09065,retained
5,Curve09066,retained
5,Curve09067,retained
5,Curve09068,retained
5,Curve09069,retained
5,Curve09070,retained
5,Curve09071,retained
5,Curve09072,retained
5,Curve09073,retained
5,Curve09074,retained
5,Curve09075,retained
5,Curve09076,retained
5,Curve09077,retained
5,Curve09078,retained
5,Curve09079,retained
5,Curve09080,retained
5,Curve09081,retained
5,Curve09082,retained
5,Curve09083,retained
5,Curve09084,retained
5,Curve09085,retained
5,Curve09086,retained
5,Curve09087,retained
5,Curve09088,retained
5,Curve09089,retained
5,Curve09090,retained
5,Curve09091,retained
5,Curve09092,retained
5,Curve09093,retained
5,Curve09094,retained
5,Curve09095,retained
5,Curve09096,retained
5,Curve09097,retained
5,Curve09098,retained
5,Curve09099,retained
5,Curve09100,retained
5,Curve09101,retained
5,Curve09102,retained
5,Curve09103,retained
5,Curve09104,retained
5,Curve09105,retained
5,Curve09106,retained
5,Curve09107,retained
5,Curve09108,retained
5,Curve09109,retained
5,Curve09110,excluded_insufficient_data
5,Curve09111,retained
5,Curve09112,excluded_insufficient_data
5,Curve09113,retained
5,Curve09114,excluded_insufficient_data
5,Curve09115,retained
5,Curve09116,excluded_insufficient_data
5,Curve09117,retained
5,Curve09118,excluded_insufficient_data
5,Curve09119,retained
5,Curve09120,excluded_insufficient_data
5,Curve09121,retained
5,Curve09122,retained
5,Curve09123,retained
5,Curve09124,retained
5,Curve09125,retained
5,Curve09126,retained
5,Curve09127,retained
5,Curve09128,retained
5,Curve09129,retained
5,Curve09130,retained
5,Curve09131,retained
5,Curve09132,retained
5,Curve09133,retained
5,Curve09134,retained
5,Curve09135,retained
5,Curve09136,retained
5,Curve09137,retained
5,Curve09138,retained
5,Curve09139,retained
5,Curve09140,retained
5,Curve09141,retained
5,Curve09142,retained
5,Curve09143,retained
5,Curve09144,retained
5,Curve09145,retained
5,Curve09146,retained
5,Curve09147,retained
5,Curve09148,retained
5,Curve09149,retained
5,Curve09150,retained
5,Curve09151,retained
5,Curve09152,retained
5,Curve09153,retained
5,Curve09154,retained
5,Curve09155,retained
5,Curve09156,retained
5,Curve09157,retained
5,Curve09158,retained
5,Curve09159,retained
5,Curve09160,retained
5,Curve09161,retained
5,Curve09162,retained
5,Curve09163,retained
5,Curve09164,excluded_insufficient_data
5,Curve09165,retained
5,Curve09166,retained
5,Curve09167,retained
5,Curve09168,retained
5,Curve09169,excluded_insufficient_data
5,Curve09170,excluded_insufficient_data
5,Curve09171,excluded_insufficient_data
5,Curve09172,excluded_insufficient_data
5,Curve09173,excluded_insufficient_data
5,Curve09174,retained
5,Curve09175,excluded_insufficient_data
5,Curve09176,excluded_insufficient_data
5,Curve09177,excluded_insufficient_data
5,Curve09178,excluded_insufficient_data
5,Curve09179,excluded_insufficient_data
5,Curve09180,excluded_insufficient_data
5,Curve09181,retained
5,Curve09182,retained
5,Curve09183,retained
5,Curve09184,retained
5,Curve09185,retained
5,Curve09186,retained
5,Curve09187,retained
5,Curve09188,retained
5,Curve09189,retained
5,Curve09190,retained
5,Curve09191,retained
5,Curve09192,retained
5,Curve09193,retained
5,Curve09194,retained
5,Curve09195,retained
5,Curve09196,retained
5,Curve09197,retained
5,Curve09198,retained
5,Curve09199,retained
5,Curve09200,retained
5,Curve09201,retained
5,Curve09202,retained
5,Curve09203,retained
5,Curve09204,retained
5,Curve09205,retained
5,Curve09206,retained
5,Curve09207,retained
5,Curve09208,retained
5,Curve09209,retained
5,Curve09210,retained
5,Curve09211,retained
5,Curve09212,retained
5,Curve09213,retained
5,Curve09214,retained
5,Curve09215,retained
5,Curve09216,retained
5,Curve09217,excluded_insufficient_data
5,Curve09218,excluded_insufficient_data
5,Curve09219,excluded_insufficient_data
5,Curve09220,excluded_insufficient_data
5,Curve09221,excluded_insufficient_data
5,Curve09222,excluded_insufficient_data
5,Curve09223,excluded_insufficient_data
5,Curve09224,excluded_insufficient_data
5,Curve09225,excluded_insufficient_data
5,Curve09226,excluded_insufficient_data
5,Curve09227,excluded_insufficient_data
5,Curve09228,excluded_insufficient_data
5,Curve09229,retained
5,Curve09230,retained
5,Curve09231,retained
5,Curve09232,retained
5,Curve09233,retained
5,Curve09234,retained
5,Curve09235,retained
5,Curve09236,retained
5,Curve09237,retained
5,Curve09238,retained
5,Curve09239,retained
5,Curve09240,retained
5,Curve09241,retained
5,Curve09242,retained
5,Curve09243,retained
5,Curve09244,retained
5,Curve09245,retained
5,Curve09246,retained
5,Curve09247,retained
5,Curve09248,retained
5,Curve09249,retained
5,Curve09250,retained
5,Curve09251,retained
5,Curve09252,retained
5,Curve09253,retained
5,Curve09254,retained
5,Curve09255,retained
5,Curve09256,retained
5,Curve09257,retained
5,Curve09258,retained
5,Curve09259,retained
5,Curve09260,retained
5,Curve09261,retained
5,Curve09262,retained
5,Curve09263,retained
5,Curve09264,retained
5,Curve09265,retained
5,Curve09266,retained
5,Curve09267,retained
5,Curve09268,retained
5,Curve09269,retained
5,Curve09270,retained
5,Curve09271,retained
5,Curve09272,retained
5,Curve09273,retained
5,Curve09274,retained
5,Curve09275,retained
5,Curve09276,retained
5,Curve09277,retained
5,Curve09278,retained
5,Curve09279,retained
5,Curve09280,retained
5,Curve09281,retained
5,Curve09282,retained
5,Curve09283,retained
5,Curve09284,retained
5,Curve09285,retained
5,Curve09286,retained
5,Curve09287,retained
5,Curve09288,retained
5,Curve09289,retained
5,Curve09290,retained
5,Curve09291,retained
5,Curve09292,retained
5,Curve09293,retained
5,Curve09294,retained
5,Curve09295,retained
5,Curve09296,retained
5,Curve09297,retained
5,Curve09298,retained
5,Curve09299,retained
5,Curve09300,retained
5,Curve09301,retained
5,Curve09302,retained
5,Curve09303,retained
5,Curve09304,retained
5,Curve09305,retained
5,Curve09306,retained
5,Curve09307,retained
5,Curve09308,retained
5,Curve09309,retained
5,Curve09310,retained
5,Curve09311,retained
5,Curve09312,retained
5,Curve09313,retained
5,Curve09314,retained
5,Curve09315,retained
5,Curve09316,retained
5,Curve09317,retained
5,Curve09318,retained
5,Curve09319,retained
5,Curve09320,retained
5,Curve09321,retained
5,Curve09322,retained
5,Curve09323,retained
5,Curve09324,retained
5,Curve09325,retained
5,Curve09326,retained
5,Curve09327,retained
5,Curve09328,retained
5,Curve09329,retained
5,Curve09330,retained
5,Curve09331,retained
5,Curve09332,retained
5,Curve09333,retained
5,Curve09334,retained
5,Curve09335,retained
5,Curve09336,retained
5,Curve09337,retained
5,Curve09338,retained
5,Curve09339,retained
5,Curve09340,retained
5,Curve09341,retained
5,Curve09342,retained
5,Curve09343,retained
5,Curve09344,retained
5,Curve09345,retained
5,Curve09346,retained
5,Curve09347,retained
5,Curve09348,retained
5,Curve09349,retained
5,Curve09350,retained
5,Curve09351,retained
5,Curve09352,retained
5,Curve09353,retained
5,Curve09354,retained
5,Curve09355,retained
5,Curve09356,retained
5,Curve09357,retained
5,Curve09358,retained
5,Curve09359,retained
5,Curve09360,retained
5,Curve09361,retained
5,Curve09362,retained
5,Curve09363,retained
5,Curve09364,retained
5,Curve09365,retained
5,Curve09366,retained
5,Curve09367,retained
5,Curve09368,retained
5,Curve09369,retained
5,Curve09370,retained
5,Curve09371,retained
5,Curve09372,retained
5,Curve09373,retained
5,Curve09374,retained
5,Curve09375,retained
5,Curve09376,retained
5,Curve09377,retained
5,Curve09378,retained
5,Curve09379,retained
5,Curve09380,retained
5,Curve09381,retained
5,Curve09382,retained
5,Curve09383,retained
5,Curve09384,retained
5,Curve09385,retained
5,Curve09386,retained
5,Curve09387,retained
5,Curve09388,retained
5,Curve09389,retained
5,Curve09390,retained
5,Curve09391,retained
5,Curve09392,retained
5,Curve09393,retained
5,Curve09394,retained
5,Curve09395,retained
5,Curve09396,retained
5,Curve09397,retained
5,Curve09398,retained
5,Curve09399,retained
5,Curve09400,retained
5,Curve09401,retained
5,Curve09402,retained
5,Curve09403,retained
5,Curve09404,retained
5,Curve09405,retained
5,Curve09406,retained
5,Curve09407,retained
5,Curve09408,retained
5,Curve09409,retained
5,Curve09410,retained
5,Curve09411,retained
5,Curve09412,retained
5,Curve09413,retained
5,Curve09414,retained
5,Curve09415,retained
5,Curve09416,retained
5,Curve09417,retained
5,Curve09418,retained
5,Curve09419,retained
5,Curve09420,retained
5,Curve09421,retained
5,Curve09422,retained
5,Curve09423,retained
5,Curve09424,retained
5,Curve09425,retained
5,Curve09426,retained
5,Curve09427,retained
5,Curve09428,retained
5,Curve09429,retained
5,Curve09430,retained
5,Curve09431,retained
5,Curve09432,retained
5,Curve09433,retained
5,Curve09434,retained
5,Curve09435,retained
5,Curve09436,retained
5,Curve09437,retained
5,Curve09438,retained
5,Curve09439,retained
5,Curve09440,retained
5,Curve09441,retained
5,Curve09442,retained
5,Curve09443,retained
5,Curve09444,retained
5,Curve09445,retained
5,Curve09446,retained
5,Curve09447,retained
5,Curve09448,retained
5,Curve09449,retained
5,Curve09450,retained
5,Curve09451,retained
5,Curve09452,retained
5,Curve09453,retained
5,Curve09454,retained
5,Curve09455,retained
5,Curve09456,retained
5,Curve09457,retained
5,Curve09458,retained
5,Curve09459,retained
5,Curve09460,retained
5,Curve09461,retained
5,Curve09462,retained
5,Curve09463,retained
5,Curve09464,retained
5,Curve09465,retained
5,Curve09466,retained
5,Curve09467,retained
5,Curve09468,retained
5,Curve09469,retained
5,Curve09470,retained
5,Curve09471,retained
5,Curve09472,retained
5,Curve09473,retained
5,Curve09474,retained
5,Curve09475,retained
5,Curve09476,retained
5,Curve09477,retained
5,Curve09478,retained
5,Curve09479,retained
5,Curve09480,retained
5,Curve09481,retained
5,Curve09482,retained
5,Curve09483,retained
5,Curve09484,retained
5,Curve09485,retained
5,Curve09486,retained
5,Curve09487,retained
5,Curve09488,retained
5,Curve09489,retained
5,Curve09490,retained
5,Curve09491,retained
5,Curve09492,retained
5,Curve09493,retained
5,Curve09494,retained
5,Curve09495,retained
5,Curve09496,retained
5,Curve09497,retained
5,Curve09498,retained
5,Curve09499,retained
5,Curve09500,retained
5,Curve09501,retained
5,Curve09502,retained
5,Curve09503,retained
5,Curve09504,retained
5,Curve09505,retained
5,Curve09506,retained
5,Curve09507,retained
5,Curve09508,retained
5,Curve09509,retained
5,Curve09510,retained
5,Curve09511,retained
5,Curve09512,retained
5,Curve09513,retained
5,Curve09514,retained
5,Curve09515,retained
5,Curve09516,retained
5,Curve09517,retained
5,Curve09518,retained
5,Curve09519,retained
5,Curve09520,retained
5,Curve09521,retained
5,Curve09522,retained
5,Curve09523,retained
5,Curve09524,retained
5,Curve09525,retained
5,Curve09526,retained
5,Curve09527,retained
5,Curve09528,retained
5,Curve09529,retained
5,Curve09530,retained
5,Curve09531,retained
5,Curve09532,retained
5,Curve09533,retained
5,Curve09534,retained
5,Curve09535,retained
5,Curve09536,retained
5,Curve09537,retained
5,Curve09538,retained
5,Curve09539,retained
5,Curve09540,retained
5,Curve09541,retained
5,Curve09542,retained
5,Curve09543,retained
5,Curve09544,retained
5,Curve09545,retained
5,Curve09546,retained
5,Curve09547,retained
5,Curve09548,retained
5,Curve09549,retained
5,Curve09550,retained
5,Curve09551,retained
5,Curve09552,retained
5,Curve09553,retained
5,Curve09554,retained
5,Curve09555,retained
5,Curve09556,retained
5,Curve09557,retained
5,Curve09558,retained
5,Curve09559,retained
5,Curve09560,retained
5,Curve09561,retained
5,Curve09562,retained
5,Curve09563,retained
5,Curve09564,retained
5,Curve09565,retained
5,Curve09566,retained
5,Curve09567,retained
5,Curve09568,retained
5,Curve09569,retained
5,Curve09570,retained
5,Curve09571,retained
5,Curve09572,retained
5,Curve09573,retained
5,Curve09574,retained
5,Curve09575,retained
5,Curve09576,retained
5,Curve09577,retained
5,Curve09578,retained
5,Curve09579,retained
5,Curve09580,retained
5,Curve09581,retained
5,Curve09582,retained
5,Curve09583,retained
5,Curve09584,retained
5,Curve09585,retained
5,Curve09586,retained
5,Curve09587,retained
5,Curve09588,retained
5,Curve09589,retained
5,Curve09590,retained
5,Curve09591,retained
5,Curve09592,retained
5,Curve09593,retained
5,Curve09594,retained
5,Curve09595,retained
5,Curve09596,retained
5,Curve09597,retained
5,Curve09598,retained
5,Curve09599,retained
5,Curve09600,retained
5,Curve09601,retained
5,Curve09602,retained
5,Curve09603,retained
5,Curve09604,retained
5,Curve09605,retained
5,Curve09606,retained
5,Curve09607,retained
5,Curve09608,retained
5,Curve09609,retained
5,Curve09610,retained
5,Curve09611,retained
5,Curve09612,retained
5,Curve09613,retained
5,Curve09614,retained
5,Curve09615,retained
5,Curve09616,retained
5,Curve09617,retained
5,Curve09618,retained
5,Curve09619,retained
5,Curve09620,retained
5,Curve09621,retained
5,Curve09622,retained
5,Curve09623,retained
5,Curve09624,retained
5,Curve09625,retained
5,Curve09626,retained
5,Curve09627,retained
5,Curve09628,retained
5,Curve09629,retained
5,Curve09630,retained
5,Curve09631,retained
5,Curve09632,retained
5,Curve09633,retained
5,Curve09634,retained
5,Curve09635,retained
5,Curve09636,retained
5,Curve09637,retained
5,Curve09638,retained
5,Curve09639,retained
5,Curve09640,retained
5,Curve09641,retained
5,Curve09642,retained
5,Curve09643,retained
5,Curve09644,retained
5,Curve09645,retained
5,Curve09646,retained
5,Curve09647,retained
5,Curve09648,retained
5,Curve09649,retained
5,Curve09650,retained
5,Curve09651,retained
5,Curve09652,retained
5,Curve09653,retained
5,Curve09654,retained
5,Curve09655,retained
5,Curve09656,retained
5,Curve09657,retained
5,Curve09658,retained
5,Curve09659,retained
5,Curve09660,retained
5,Curve09661,retained
5,Curve09662,retained
5,Curve09663,retained
5,Curve09664,retained
5,Curve09665,retained
5,Curve09666,retained
5,Curve09667,retained
5,Curve09668,retained
5,Curve09669,retained
5,Curve09670,retained
5,Curve09671,retained
5,Curve09672,retained
5,Curve09673,retained
5,Curve09674,retained
5,Curve09675,retained
5,Curve09676,retained
5,Curve09677,retained
5,Curve09678,retained
5,Curve09679,retained
5,Curve09680,retained
5,Curve09681,retained
5,Curve09682,retained
5,Curve09683,retained
5,Curve09684,retained
5,Curve09685,retained
5,Curve09686,retained
5,Curve09687,retained
5,Curve09688,retained
5,Curve09689,retained
5,Curve09690,retained
5,Curve09691,retained
5,Curve09692,retained
5,Curve09693,retained
5,Curve09694,retained
5,Curve09695,retained
5,Curve09696,retained
5,Curve09697,retained
5,Curve09698,retained
5,Curve09699,retained
5,Curve09700,retained
5,Curve09701,retained
5,Curve09702,retained
5,Curve09703,retained
5,Curve09704,retained
5,Curve09705,retained
5,Curve09706,retained
5,Curve09707,retained
5,Curve09708,retained
5,Curve09709,excluded_insufficient_data
5,Curve09710,excluded_insufficient_data
5,Curve09711,excluded_insufficient_data
5,Curve09712,excluded_insufficient_data
5,Curve09713,excluded_insufficient_data
5,Curve09714,excluded_insufficient_data
5,Curve09715,excluded_insufficient_data
5,Curve09716,excluded_insufficient_data
5,Curve09717,excluded_insufficient_data
5,Curve09718,excluded_insufficient_data
5,Curve09719,excluded_insufficient_data
5,Curve09720,excluded_insufficient_data
5,Curve09721,retained
5,Curve09722,retained
5,Curve09723,retained
5,Curve09724,retained
5,Curve09725,retained
5,Curve09726,retained
5,Curve09727,retained
5,Curve09728,retained
5,Curve09729,retained
5,Curve09730,retained
5,Curve09731,retained
5,Curve09732,retained
5,Curve09733,retained
5,Curve09734,retained
5,Curve09735,retained
5,Curve09736,retained
5,Curve09737,retained
5,Curve09738,retained
5,Curve09739,retained
5,Curve09740,retained
5,Curve09741,retained
5,Curve09742,retained
5,Curve09743,retained
5,Curve09744,retained
5,Curve09745,retained
5,Curve09746,retained
5,Curve09747,retained
5,Curve09748,retained
5,Curve09749,retained
5,Curve09750,retained
5,Curve09751,retained
5,Curve09752,retained
5,Curve09753,retained
5,Curve09754,retained
5,Curve09755,retained
5,Curve09756,retained
5,Curve09757,excluded_insufficient_data
5,Curve09758,excluded_insufficient_data
5,Curve09759,excluded_insufficient_data
5,Curve09760,excluded_insufficient_data
5,Curve09761,excluded_insufficient_data
5,Curve09762,excluded_insufficient_data
5,Curve09763,excluded_insufficient_data
5,Curve09764,excluded_insufficient_data
5,Curve09765,excluded_insufficient_data
5,Curve09766,excluded_insufficient_data
5,Curve09767,excluded_insufficient_data
5,Curve09768,excluded_insufficient_data
5,Curve09769,retained
5,Curve09770,retained
5,Curve09771,retained
5,Curve09772,retained
5,Curve09773,retained
5,Curve09774,retained
5,Curve09775,retained
5,Curve09776,retained
5,Curve09777,retained
5,Curve09778,retained
5,Curve09779,retained
5,Curve09780,retained
5,Curve09781,retained
5,Curve09782,retained
5,Curve09783,retained
5,Curve09784,retained
5,Curve09785,retained
5,Curve09786,retained
5,Curve09787,retained
5,Curve09788,retained
5,Curve09789,retained
5,Curve09790,retained
5,Curve09791,retained
5,Curve09792,retained
5,Curve09793,retained
5,Curve09794,retained
5,Curve09795,retained
5,Curve09796,retained
5,Curve09797,retained
5,Curve09798,retained
5,Curve09799,retained
5,Curve09800,retained
5,Curve09801,retained
5,Curve09802,retained
5,Curve09803,retained
5,Curve09804,retained
5,Curve09805,retained
5,Curve09806,retained
5,Curve09807,retained
5,Curve09808,retained
5,Curve09809,retained
5,Curve09810,retained
5,Curve09811,retained
5,Curve09812,retained
5,Curve09813,retained
5,Curve09814,retained
5,Curve09815,retained
5,Curve09816,retained
5,Curve09817,retained
5,Curve09818,retained
5,Curve09819,retained
5,Curve09820,retained
5,Curve09821,retained
5,Curve09822,retained
5,Curve09823,retained
5,Curve09824,retained
5,Curve09825,retained
5,Curve09826,retained
5,Curve09827,retained
5,Curve09828,retained
5,Curve09829,retained
5,Curve09830,retained
5,Curve09831,retained
5,Curve09832,retained
5,Curve09833,retained
5,Curve09834,retained
5,Curve09835,retained
5,Curve09836,retained
5,Curve09837,retained
5,Curve09838,retained
5,Curve09839,retained
5,Curve09840,retained
5,Curve09841,retained
5,Curve09842,retained
5,Curve09843,retained
5,Curve09844,retained
5,Curve09845,retained
5,Curve09846,retained
5,Curve09847,retained
5,Curve09848,retained
5,Curve09849,retained
5,Curve09850,retained
5,Curve09851,retained
5,Curve09852,retained
5,Curve09853,retained
5,Curve09854,retained
5,Curve09855,retained
5,Curve09856,retained
5,Curve09857,retained
5,Curve09858,retained
5,Curve09859,retained
5,Curve09860,retained
5,Curve09861,retained
5,Curve09862,retained
5,Curve09863,retained
5,Curve09864,retained
5,Curve09865,retained
5,Curve09866,retained
5,Curve09867,retained
5,Curve09868,retained
5,Curve09869,retained
5,Curve09870,retained
5,Curve09871,retained
5,Curve09872,retained
5,Curve09873,retained
5,Curve09874,retained
5,Curve09875,retained
5,Curve09876,retained
5,Curve09877,retained
5,Curve09878,retained
5,Curve09879,retained
5,Curve09880,retained
5,Curve09881,retained
5,Curve09882,retained
5,Curve09883,retained
5,Curve09884,retained
5,Curve09885,retained
5,Curve09886,retained
5,Curve09887,retained
5,Curve09888,retained
5,Curve09889,retained
5,Curve09890,retained
5,Curve09891,retained
5,Curve09892,retained
5,Curve09893,retained
5,Curve09894,retained
5,Curve09895,retained
5,Curve09896,retained
5,Curve09897,retained
5,Curve09898,retained
5,Curve09899,retained
5,Curve09900,retained
5,Curve09901,retained
5,Curve09902,retained
5,Curve09903,retained
5,Curve09904,retained
5,Curve09905,retained
5,Curve09906,retained
5,Curve09907,retained
5,Curve09908,retained
5,Curve09909,retained
5,Curve09910,retained
5,Curve09911,retained
5,Curve09912,retained
5,Curve09913,retained
5,Curve09914,retained
5,Curve09915,retained
5,Curve09916,retained
5,Curve09917,retained
5,Curve09918,retained
5,Curve09919,retained
5,Curve09920,retained
5,Curve09921,retained
5,Curve09922,retained
5,Curve09923,retained
5,Curve09924,retained
5,Curve09925,retained
5,Curve09926,retained
5,Curve09927,retained
5,Curve09928,retained
5,Curve09929,retained
5,Curve09930,retained
5,Curve09931,retained
5,Curve09932,retained
5,Curve09933,retained
5,Curve09934,retained
5,Curve09935,retained
5,Curve09936,retained
5,Curve09937,retained
5,Curve09938,retained
5,Curve09939,retained
5,Curve09940,retained
5,Curve09941,retained
5,Curve09942,retained
5,Curve09943,retained
5,Curve09944,retained
5,Curve09945,retained
5,Curve09946,retained
5,Curve09947,retained
5,Curve09948,retained
5,Curve09949,retained
5,Curve09950,retained
5,Curve09951,retained
5,Curve09952,retained
5,Curve09953,retained
5,Curve09954,retained
5,Curve09955,retained
5,Curve09956,retained
5,Curve09957,retained
5,Curve09958,retained
5,Curve09959,retained
5,Curve09960,retained
5,Curve09961,retained
5,Curve09962,retained
5,Curve09963,retained
5,Curve09964,retained
5,Curve09965,retained
5,Curve09966,retained
5,Curve09967,retained
5,Curve09968,retained
5,Curve09969,retained
5,Curve09970,retained
5,Curve09971,retained
5,Curve09972,retained
5,Curve09973,retained
5,Curve09974,retained
5,Curve09975,retained
5,Curve09976,retained
5,Curve09977,retained
5,Curve09978,retained
5,Curve09979,retained
5,Curve09980,retained
5,Curve09981,retained
5,Curve09982,retained
5,Curve09983,retained
5,Curve09984,retained
5,Curve09985,retained
5,Curve09986,retained
5,Curve09987,retained
5,Curve09988,retained
5,Curve09989,retained
5,Curve09990,retained
5,Curve09991,retained
5,Curve09992,retained
5,Curve09993,retained
5,Curve09994,retained
5,Curve09995,retained
5,Curve09996,retained
5,Curve09997,retained
5,Curve09998,retained
5,Curve09999,retained
5,Curve10000,retained
5,Curve10001,retained
5,Curve10002,retained
5,Curve10003,retained
5,Curve10004,retained
5,Curve10005,retained
5,Curve10006,retained
5,Curve10007,retained
5,Curve10008,retained
5,Curve10009,retained
5,Curve10010,retained
5,Curve10011,retained
5,Curve10012,retained
5,Curve10013,retained
5,Curve10014,retained
5,Curve10015,retained
5,Curve10016,retained
5,Curve10017,retained
5,Curve10018,retained
5,Curve10019,retained
5,Curve10020,retained
5,Curve10021,retained
5,Curve10022,retained
5,Curve10023,retained
5,Curve10024,retained
5,Curve10025,retained
5,Curve10026,retained
5,Curve10027,retained
5,Curve10028,retained
5,Curve10029,retained
5,Curve10030,retained
5,Curve10031,retained
5,Curve10032,retained
5,Curve10033,retained
5,Curve10034,retained
5,Curve10035,retained
5,Curve10036,retained
5,Curve10037,retained
5,Curve10038,retained
5,Curve10039,retained
5,Curve10040,retained
5,Curve10041,retained
5,Curve10042,retained
5,Curve10043,retained
5,Curve10044,retained
5,Curve10045,retained
5,Curve10046,retained
5,Curve10047,retained
5,Curve10048,retained
5,Curve10049,retained
5,Curve10050,retained
5,Curve10051,retained
5,Curve10052,retained
5,Curve10053,retained
5,Curve10054,retained
5,Curve10055,retained
5,Curve10056,retained
5,Curve10057,retained
5,Curve10058,retained
5,Curve10059,retained
5,Curve10060,retained
5,Curve10061,retained
5,Curve10062,retained
5,Curve10063,retained
5,Curve10064,retained
5,Curve10065,retained
5,Curve10066,retained
5,Curve10067,retained
5,Curve10068,retained
5,Curve10069,retained
5,Curve10070,retained
5,Curve10071,retained
5,Curve10072,retained
5,Curve10073,retained
5,Curve10074,retained
5,Curve10075,retained
5,Curve10076,retained
5,Curve10077,retained
5,Curve10078,retained
5,Curve10079,retained
5,Curve10080,retained
5,Curve10081,retained
5,Curve10082,retained
5,Curve10083,retained
5,Curve10084,retained
5,Curve10085,retained
5,Curve10086,retained
5,Curve10087,retained
5,Curve10088,retained
5,Curve10089,retained
5,Curve10090,retained
5,Curve10091,retained
5,Curve10092,retained
5,Curve10093,retained
5,Curve10094,retained
5,Curve10095,retained
5,Curve10096,retained
5,Curve10097,retained
5,Curve10098,retained
5,Curve10099,retained
5,Curve10100,retained
5,Curve10101,retained
5,Curve10102,retained
5,Curve10103,retained
5,Curve10104,retained
5,Curve10105,retained
5,Curve10106,retained
5,Curve10107,retained
5,Curve10108,retained
5,Curve10109,retained
5,Curve10110,retained
5,Curve10111,retained
5,Curve10112,retained
5,Curve10113,retained
5,Curve10114,retained
5,Curve10115,retained
5,Curve10116,retained
5,Curve10117,retained
5,Curve10118,retained
5,Curve10119,retained
5,Curve10120,retained
5,Curve10121,retained
5,Curve10122,retained
5,Curve10123,retained
5,Curve10124,retained
5,Curve10125,retained
5,Curve10126,retained
5,Curve10127,retained
5,Curve10128,retained
5,Curve10129,retained
5,Curve10130,retained
5,Curve10131,retained
5,Curve10132,retained
5,Curve10133,retained
5,Curve10134,retained
5,Curve10135,retained
5,Curve10136,retained
5,Curve10137,retained
5,Curve10138,retained
5,Curve10139,retained
5,Curve10140,retained
5,Curve10141,retained
5,Curve10142,retained
5,Curve10143,retained
5,Curve10144,retained
5,Curve10145,retained
5,Curve10146,retained
5,Curve10147,retained
5,Curve10148,retained
5,Curve10149,retained
5,Curve10150,retained
5,Curve10151,retained
5,Curve10152,retained
5,Curve10153,retained
5,Curve10154,retained
5,Curve10155,retained
5,Curve10156,retained
5,Curve10157,retained
5,Curve10158,retained
5,Curve10159,retained
5,Curve10160,retained
5,Curve10161,retained
5,Curve10162,retained
5,Curve10163,retained
5,Curve10164,retained
5,Curve10165,retained
5,Curve10166,retained
5,Curve10167,retained
5,Curve10168,retained
5,Curve10169,retained
5,Curve10170,retained
5,Curve10171,retained
5,Curve10172,retained
5,Curve10173,retained
5,Curve10174,retained
5,Curve10175,retained
5,Curve10176,retained
5,Curve10177,retained
5,Curve10178,retained
5,Curve10179,retained
5,Curve10180,retained
5,Curve10181,retained
5,Curve10182,retained
5,Curve10183,retained
5,Curve10184,retained
5,Curve10185,retained
5,Curve10186,retained
5,Curve10187,retained
5,Curve10188,retained
5,Curve10189,retained
5,Curve10190,retained
5,Curve10191,retained
5,Curve10192,retained
5,Curve10193,retained
5,Curve10194,retained
5,Curve10195,retained
5,Curve10196,retained
5,Curve10197,excluded_insufficient_data
5,Curve10198,excluded_insufficient_data
5,Curve10199,excluded_insufficient_data
5,Curve10200,excluded_insufficient_data
5,Curve10201,retained
5,Curve10202,retained
5,Curve10203,retained
5,Curve10204,retained
5,Curve10205,retained
5,Curve10206,retained
5,Curve10207,retained
5,Curve10208,retained
5,Curve10209,excluded_insufficient_data
5,Curve10210,excluded_insufficient_data
5,Curve10211,excluded_insufficient_data
5,Curve10212,excluded_insufficient_data
5,Curve10213,retained
5,Curve10214,retained
5,Curve10215,retained
5,Curve10216,retained
5,Curve10217,retained
5,Curve10218,retained
5,Curve10219,retained
5,Curve10220,retained
5,Curve10221,excluded_insufficient_data
5,Curve10222,excluded_insufficient_data
5,Curve10223,excluded_insufficient_data
5,Curve10224,excluded_insufficient_data
5,Curve10225,retained
5,Curve10226,retained
5,Curve10227,retained
5,Curve10228,retained
5,Curve10229,retained
5,Curve10230,retained
5,Curve10231,retained
5,Curve10232,retained
5,Curve10233,excluded_insufficient_data
5,Curve10234,excluded_insufficient_data
5,Curve10235,excluded_insufficient_data
5,Curve10236,excluded_insufficient_data
5,Curve10237,retained
5,Curve10238,retained
5,Curve10239,retained
5,Curve10240,retained
5,Curve10241,retained
5,Curve10242,retained
5,Curve10243,retained
5,Curve10244,retained
5,Curve10245,excluded_insufficient_data
5,Curve10246,excluded_insufficient_data
5,Curve10247,excluded_insufficient_data
5,Curve10248,excluded_insufficient_data
5,Curve10249,retained
5,Curve10250,retained
5,Curve10251,retained
5,Curve10252,retained
5,Curve10253,retained
5,Curve10254,retained
5,Curve10255,retained
5,Curve10256,retained
5,Curve10257,excluded_insufficient_data
5,Curve10258,excluded_insufficient_data
5,Curve10259,excluded_insufficient_data
5,Curve10260,excluded_insufficient_data
5,Curve10261,retained
5,Curve10262,retained
5,Curve10263,retained
5,Curve10264,retained
5,Curve10265,retained
5,Curve10266,retained
5,Curve10267,retained
5,Curve10268,retained
5,Curve10269,excluded_insufficient_data
5,Curve10270,excluded_insufficient_data
5,Curve10271,excluded_insufficient_data
5,Curve10272,excluded_insufficient_data
5,Curve10273,retained
5,Curve10274,retained
5,Curve10275,retained
5,Curve10276,retained
5,Curve10277,retained
5,Curve10278,retained
5,Curve10279,retained
5,Curve10280,retained
5,Curve10281,excluded_insufficient_data
5,Curve10282,excluded_insufficient_data
5,Curve10283,excluded_insufficient_data
5,Curve10284,excluded_insufficient_data
5,Curve10285,retained
5,Curve10286,retained
5,Curve10287,retained
5,Curve10288,retained
5,Curve10289,retained
5,Curve10290,retained
5,Curve10291,retained
5,Curve10292,retained
5,Curve10293,excluded_insufficient_data
5,Curve10294,excluded_insufficient_data
5,Curve10295,excluded_insufficient_data
5,Curve10296,excluded_insufficient_data
5,Curve10297,retained
5,Curve10298,retained
5,Curve10299,retained
5,Curve10300,retained
5,Curve10301,retained
5,Curve10302,retained
5,Curve10303,retained
5,Curve10304,retained
5,Curve10305,excluded_insufficient_data
5,Curve10306,excluded_insufficient_data
5,Curve10307,excluded_insufficient_data
5,Curve10308,excluded_insufficient_data
5,Curve10309,retained
5,Curve10310,retained
5,Curve10311,retained
5,Curve10312,retained
5,Curve10313,retained
5,Curve10314,retained
5,Curve10315,retained
5,Curve10316,retained
5,Curve10317,retained
5,Curve10318,retained
5,Curve10319,retained
5,Curve10320,retained
5,Curve10321,retained
5,Curve10322,retained
5,Curve10323,retained
5,Curve10324,retained
5,Curve10325,retained
5,Curve10326,retained
5,Curve10327,retained
5,Curve10328,retained
5,Curve10329,retained
5,Curve10330,retained
5,Curve10331,retained
5,Curve10332,retained
5,Curve10333,retained
5,Curve10334,retained
5,Curve10335,retained
5,Curve10336,retained
5,Curve10337,retained
5,Curve10338,retained
5,Curve10339,retained
5,Curve10340,retained
5,Curve10341,retained
5,Curve10342,retained
5,Curve10343,retained
5,Curve10344,retained
5,Curve10345,retained
5,Curve10346,retained
5,Curve10347,retained
5,Curve10348,retained
5,Curve10349,retained
5,Curve10350,retained
5,Curve10351,retained
5,Curve10352,retained
5,Curve10353,retained
5,Curve10354,retained
5,Curve10355,retained
5,Curve10356,retained
5,Curve10357,retained
5,Curve10358,retained
5,Curve10359,retained
5,Curve10360,retained
5,Curve10361,retained
5,Curve10362,retained
5,Curve10363,retained
5,Curve10364,retained
5,Curve10365,retained
5,Curve10366,retained
5,Curve10367,retained
5,Curve10368,retained
5,Curve10369,retained
5,Curve10370,retained
5,Curve10371,retained
5,Curve10372,retained
5,Curve10373,retained
5,Curve10374,retained
5,Curve10375,retained
5,Curve10376,retained
5,Curve10377,retained
5,Curve10378,retained
5,Curve10379,retained
5,Curve10380,retained
5,Curve10381,retained
5,Curve10382,retained
5,Curve10383,retained
5,Curve10384,retained
5,Curve10385,retained
5,Curve10386,retained
5,Curve10387,retained
5,Curve10388,retained
5,Curve10389,retained
5,Curve10390,retained
5,Curve10391,retained
5,Curve10392,retained
5,Curve10393,retained
5,Curve10394,retained
5,Curve10395,retained
5,Curve10396,retained
5,Curve10397,retained
5,Curve10398,retained
5,Curve10399,retained
5,Curve10400,retained
5,Curve10401,retained
5,Curve10402,retained
5,Curve10403,retained
5,Curve10404,retained
5,Curve10405,retained
5,Curve10406,retained
5,Curve10407,retained
5,Curve10408,retained
5,Curve10409,retained
5,Curve10410,retained
5,Curve10411,retained
5,Curve10412,retained
5,Curve10413,retained
5,Curve10414,retained
5,Curve10415,retained
5,Curve10416,retained
5,Curve10417,retained
5,Curve10418,retained
5,Curve10419,retained
5,Curve10420,retained
5,Curve10421,retained
5,Curve10422,retained
5,Curve10423,retained
5,Curve10424,retained
5,Curve10425,retained
5,Curve10426,retained
5,Curve10427,retained
5,Curve10428,retained
5,Curve10429,retained
5,Curve10430,retained
5,Curve10431,retained
5,Curve10432,retained
5,Curve10433,retained
5,Curve10434,retained
5,Curve10435,retained
5,Curve10436,retained
5,Curve10437,retained
5,Curve10438,retained
5,Curve10439,retained
5,Curve10440,retained
5,Curve10441,retained
5,Curve10442,retained
5,Curve10443,retained
5,Curve10444,retained
5,Curve10445,retained
5,Curve10446,retained
5,Curve10447,retained
5,Curve10448,retained
5,Curve10449,retained
5,Curve10450,retained
5,Curve10451,retained
5,Curve10452,retained
5,Curve10453,retained
5,Curve10454,retained
5,Curve10455,retained
5,Curve10456,retained
5,Curve10457,retained
5,Curve10458,retained
5,Curve10459,retained
5,Curve10460,retained
5,Curve10461,retained
5,Curve10462,retained
5,Curve10463,retained
5,Curve10464,retained
5,Curve10465,retained
5,Curve10466,retained
5,Curve10467,retained
5,Curve10468,retained
5,Curve10469,retained
5,Curve10470,retained
5,Curve10471,retained
5,Curve10472,retained
5,Curve10473,retained
5,Curve10474,retained
5,Curve10475,retained
5,Curve10476,retained
5,Curve10477,retained
5,Curve10478,retained
5,Curve10479,retained
5,Curve10480,retained
5,Curve10481,retained
5,Curve10482,retained
5,Curve10483,retained
5,Curve10484,retained
5,Curve10485,retained
5,Curve10486,retained
5,Curve10487,retained
5,Curve10488,retained
5,Curve10489,retained
5,Curve10490,retained
5,Curve10491,retained
5,Curve10492,retained
5,Curve10493,retained
5,Curve10494,retained
5,Curve10495,retained
5,Curve10496,retained
5,Curve10497,retained
5,Curve10498,retained
5,Curve10499,retained
5,Curve10500,retained
5,Curve10501,retained
5,Curve10502,retained
5,Curve10503,retained
5,Curve10504,retained
5,Curve10505,retained
5,Curve10506,retained
5,Curve10507,retained
5,Curve10508,retained
5,Curve10509,retained
5,Curve10510,retained
5,Curve10511,retained
5,Curve10512,retained
5,Curve10513,retained
5,Curve10514,retained
5,Curve10515,retained
5,Curve10516,retained
5,Curve10517,retained
5,Curve10518,retained
5,Curve10519,retained
5,Curve10520,retained
5,Curve10521,retained
5,Curve10522,retained
5,Curve10523,retained
5,Curve10524,retained
5,Curve10525,retained
5,Curve10526,retained
5,Curve10527,retained
5,Curve10528,retained
5,Curve10529,retained
5,Curve10530,retained
5,Curve10531,retained
5,Curve10532,retained
5,Curve10533,retained
5,Curve10534,retained
5,Curve10535,retained
5,Curve10536,retained
5,Curve10537,retained
5,Curve10538,retained
5,Curve10539,retained
5,Curve10540,retained
5,Curve10541,retained
5,Curve10542,retained
5,Curve10543,retained
5,Curve10544,retained
5,Curve10545,retained
5,Curve10546,retained
5,Curve10547,retained
5,Curve10548,retained
5,Curve10549,retained
5,Curve10550,retained
5,Curve10551,retained
5,Curve10552,retained
5,Curve10553,retained
5,Curve10554,retained
5,Curve10555,retained
5,Curve10556,retained
5,Curve10557,retained
5,Curve10558,retained
5,Curve10559,retained
5,Curve10560,retained
5,Curve10561,retained
5,Curve10562,retained
5,Curve10563,retained
5,Curve10564,retained
5,Curve10565,retained
5,Curve10566,retained
5,Curve10567,retained
5,Curve10568,retained
5,Curve10569,retained
5,Curve10570,retained
5,Curve10571,retained
5,Curve10572,retained
5,Curve10573,retained
5,Curve10574,retained
5,Curve10575,retained
5,Curve10576,retained
5,Curve10577,retained
5,Curve10578,retained
5,Curve10579,retained
5,Curve10580,retained
5,Curve10581,retained
5,Curve10582,retained
5,Curve10583,retained
5,Curve10584,retained
5,Curve10585,retained
5,Curve10586,retained
5,Curve10587,retained
5,Curve10588,retained
5,Curve10589,retained
5,Curve10590,retained
5,Curve10591,retained
5,Curve10592,retained
5,Curve10593,retained
5,Curve10594,retained
5,Curve10595,retained
5,Curve10596,retained
5,Curve10597,retained
5,Curve10598,excluded_insufficient_data
5,Curve10599,retained
5,Curve10600,retained
5,Curve10601,retained
5,Curve10602,retained
5,Curve10603,excluded_insufficient_data
5,Curve10604,retained
5,Curve10605,excluded_insufficient_data
5,Curve10606,excluded_insufficient_data
5,Curve10607,excluded_insufficient_data
5,Curve10608,retained
5,Curve10609,retained
5,Curve10610,retained
5,Curve10611,retained
5,Curve10612,retained
5,Curve10613,retained
5,Curve10614,retained
5,Curve10615,retained
5,Curve10616,retained
5,Curve10617,retained
5,Curve10618,retained
5,Curve10619,retained
5,Curve10620,retained
5,Curve10621,retained
5,Curve10622,retained
5,Curve10623,retained
5,Curve10624,retained
5,Curve10625,retained
5,Curve10626,retained
5,Curve10627,retained
5,Curve10628,retained
5,Curve10629,retained
5,Curve10630,retained
5,Curve10631,retained
5,Curve10632,retained
5,Curve10633,retained
5,Curve10634,retained
5,Curve10635,retained
5,Curve10636,retained
5,Curve10637,retained
5,Curve10638,retained
5,Curve10639,retained
5,Curve10640,retained
5,Curve10641,retained
5,Curve10642,retained
5,Curve10643,retained
5,Curve10644,retained
5,Curve10645,retained
5,Curve10646,retained
5,Curve10647,retained
5,Curve10648,retained
5,Curve10649,retained
5,Curve10650,retained
5,Curve10651,retained
5,Curve10652,retained
5,Curve10653,retained
5,Curve10654,retained
5,Curve10655,retained
5,Curve10656,retained
5,Curve10657,retained
5,Curve10658,retained
5,Curve10659,retained
5,Curve10660,retained
5,Curve10661,retained
5,Curve10662,retained
5,Curve10663,retained
5,Curve10664,retained
5,Curve10665,retained
5,Curve10666,retained
5,Curve10667,retained
5,Curve10668,retained
5,Curve10669,retained
5,Curve10670,retained
5,Curve10671,retained
5,Curve10672,retained
5,Curve10673,retained
5,Curve10674,retained
5,Curve10675,retained
5,Curve10676,retained
5,Curve10677,excluded_insufficient_data
5,Curve10678,excluded_insufficient_data
5,Curve10679,excluded_insufficient_data
5,Curve10680,excluded_insufficient_data
5,Curve10681,retained
5,Curve10682,retained
5,Curve10683,retained
5,Curve10684,retained
5,Curve10685,retained
5,Curve10686,retained
5,Curve10687,retained
5,Curve10688,retained
5,Curve10689,excluded_insufficient_data
5,Curve10690,excluded_insufficient_data
5,Curve10691,excluded_insufficient_data
5,Curve10692,excluded_insufficient_data
5,Curve10693,retained
5,Curve10694,retained
5,Curve10695,retained
5,Curve10696,retained
5,Curve10697,retained
5,Curve10698,retained
5,Curve10699,retained
5,Curve10700,retained
5,Curve10701,excluded_insufficient_data
5,Curve10702,excluded_insufficient_data
5,Curve10703,excluded_insufficient_data
5,Curve10704,excluded_insufficient_data
5,Curve10705,retained
5,Curve10706,retained
5,Curve10707,retained
5,Curve10708,retained
5,Curve10709,retained
5,Curve10710,retained
5,Curve10711,retained
5,Curve10712,retained
5,Curve10713,excluded_insufficient_data
5,Curve10714,excluded_insufficient_data
5,Curve10715,excluded_insufficient_data
5,Curve10716,excluded_insufficient_data
5,Curve10717,retained
5,Curve10718,retained
5,Curve10719,retained
5,Curve10720,retained
5,Curve10721,retained
5,Curve10722,retained
5,Curve10723,retained
5,Curve10724,retained
5,Curve10725,excluded_insufficient_data
5,Curve10726,excluded_insufficient_data
5,Curve10727,excluded_insufficient_data
5,Curve10728,excluded_insufficient_data
5,Curve10729,retained
5,Curve10730,retained
5,Curve10731,retained
5,Curve10732,retained
5,Curve10733,retained
5,Curve10734,retained
5,Curve10735,retained
5,Curve10736,retained
5,Curve10737,excluded_insufficient_data
5,Curve10738,excluded_insufficient_data
5,Curve10739,excluded_insufficient_data
5,Curve10740,excluded_insufficient_data
5,Curve10741,retained
5,Curve10742,retained
5,Curve10743,retained
5,Curve10744,retained
5,Curve10745,retained
5,Curve10746,retained
5,Curve10747,retained
5,Curve10748,retained
5,Curve10749,excluded_insufficient_data
5,Curve10750,excluded_insufficient_data
5,Curve10751,excluded_insufficient_data
5,Curve10752,excluded_insufficient_data
5,Curve10753,retained
5,Curve10754,retained
5,Curve10755,retained
5,Curve10756,retained
5,Curve10757,retained
5,Curve10758,retained
5,Curve10759,retained
5,Curve10760,retained
5,Curve10761,excluded_insufficient_data
5,Curve10762,excluded_insufficient_data
5,Curve10763,excluded_insufficient_data
5,Curve10764,excluded_insufficient_data
5,Curve10765,retained
5,Curve10766,retained
5,Curve10767,retained
5,Curve10768,retained
5,Curve10769,retained
5,Curve10770,retained
5,Curve10771,retained
5,Curve10772,retained
5,Curve10773,excluded_insufficient_data
5,Curve10774,excluded_insufficient_data
5,Curve10775,excluded_insufficient_data
5,Curve10776,excluded_insufficient_data
5,Curve10777,retained
5,Curve10778,retained
5,Curve10779,retained
5,Curve10780,retained
5,Curve10781,retained
5,Curve10782,retained
5,Curve10783,retained
5,Curve10784,retained
5,Curve10785,excluded_insufficient_data
5,Curve10786,excluded_insufficient_data
5,Curve10787,excluded_insufficient_data
5,Curve10788,excluded_insufficient_data
5,Curve10789,retained
5,Curve10790,retained
5,Curve10791,retained
5,Curve10792,excluded_insufficient_data
5,Curve10793,retained
5,Curve10794,retained
5,Curve10795,retained
5,Curve10796,retained
5,Curve10797,retained
5,Curve10798,excluded_insufficient_data
5,Curve10799,retained
5,Curve10800,retained
5,Curve10801,retained
5,Curve10802,excluded_insufficient_data
5,Curve10803,retained
5,Curve10804,retained
5,Curve10805,retained
5,Curve10806,retained
5,Curve10807,retained
5,Curve10808,retained
5,Curve10809,retained
5,Curve10810,retained
5,Curve10811,retained
5,Curve10812,retained
5,Curve10813,retained
5,Curve10814,retained
5,Curve10815,retained
5,Curve10816,retained
5,Curve10817,retained
5,Curve10818,retained
5,Curve10819,retained
5,Curve10820,retained
5,Curve10821,retained
5,Curve10822,retained
5,Curve10823,retained
5,Curve10824,retained
5,Curve10825,retained
5,Curve10826,retained
5,Curve10827,retained
5,Curve10828,retained
5,Curve10829,retained
5,Curve10830,retained
5,Curve10831,retained
5,Curve10832,retained
5,Curve10833,retained
5,Curve10834,retained
5,Curve10835,retained
5,Curve10836,retained
5,Curve10837,retained
5,Curve10838,retained
5,Curve10839,retained
5,Curve10840,retained
5,Curve10841,retained
5,Curve10842,retained
5,Curve10843,retained
5,Curve10844,retained
5,Curve10845,retained
5,Curve10846,retained
5,Curve10847,retained
5,Curve10848,retained
5,Curve10849,retained
5,Curve10850,retained
5,Curve10851,retained
5,Curve10852,retained
5,Curve10853,retained
5,Curve10854,retained
5,Curve10855,retained
5,Curve10856,retained
5,Curve10857,retained
5,Curve10858,retained
5,Curve10859,retained
5,Curve10860,retained
5,Curve10861,retained
5,Curve10862,retained
5,Curve10863,retained
5,Curve10864,retained
5,Curve10865,retained
5,Curve10866,retained
5,Curve10867,retained
5,Curve10868,retained
5,Curve10869,retained
5,Curve10870,retained
5,Curve10871,retained
5,Curve10872,retained
5,Curve10873,retained
5,Curve10874,retained
5,Curve10875,retained
5,Curve10876,retained
5,Curve10877,retained
5,Curve10878,retained
5,Curve10879,retained
5,Curve10880,retained
5,Curve10881,retained
5,Curve10882,retained
5,Curve10883,retained
5,Curve10884,retained
5,Curve10885,retained
5,Curve10886,retained
5,Curve10887,retained
5,Curve10888,retained
5,Curve10889,retained
5,Curve10890,retained
5,Curve10891,retained
5,Curve10892,retained
5,Curve10893,retained
5,Curve10894,retained
5,Curve10895,retained
5,Curve10896,retained
5,Curve10897,retained
5,Curve10898,retained
5,Curve10899,retained
5,Curve10900,retained
5,Curve10901,retained
5,Curve10902,retained
5,Curve10903,retained
5,Curve10904,retained
5,Curve10905,retained
5,Curve10906,retained
5,Curve10907,retained
5,Curve10908,retained
5,Curve10909,retained
5,Curve10910,retained
5,Curve10911,retained
5,Curve10912,retained
5,Curve10913,retained
5,Curve10914,retained
5,Curve10915,retained
5,Curve10916,retained
5,Curve10917,retained
5,Curve10918,retained
5,Curve10919,retained
5,Curve10920,retained
5,Curve10921,retained
5,Curve10922,retained
5,Curve10923,retained
5,Curve10924,retained
5,Curve10925,retained
5,Curve10926,retained
5,Curve10927,retained
5,Curve10928,retained
5,Curve10929,retained
5,Curve10930,retained
5,Curve10931,retained
5,Curve10932,retained
5,Curve10933,retained
5,Curve10934,retained
5,Curve10935,retained
5,Curve10936,retained
5,Curve10937,retained
5,Curve10938,retained
5,Curve10939,retained
5,Curve10940,retained
5,Curve10941,retained
5,Curve10942,retained
5,Curve10943,retained
5,Curve10944,retained
5,Curve10945,retained
5,Curve10946,retained
5,Curve10947,retained
5,Curve10948,retained
5,Curve10949,retained
5,Curve10950,retained
5,Curve10951,retained
5,Curve10952,retained
5,Curve10953,retained
5,Curve10954,retained
5,Curve10955,retained
5,Curve10956,retained
5,Curve10957,retained
5,Curve10958,retained
5,Curve10959,retained
5,Curve10960,retained
5,Curve10961,retained
5,Curve10962,retained
5,Curve10963,retained
5,Curve10964,retained
5,Curve10965,retained
5,Curve10966,retained
5,Curve10967,retained
5,Curve10968,retained
5,Curve10969,retained
5,Curve10970,retained
5,Curve10971,retained
5,Curve10972,retained
5,Curve10973,retained
5,Curve10974,retained
5,Curve10975,retained
5,Curve10976,retained
5,Curve10977,retained
5,Curve10978,retained
5,Curve10979,retained
5,Curve10980,retained
5,Curve10981,retained
5,Curve10982,retained
5,Curve10983,retained
5,Curve10984,retained
5,Curve10985,retained
5,Curve10986,retained
5,Curve10987,retained
5,Curve10988,retained
5,Curve10989,retained
5,Curve10990,retained
5,Curve10991,retained
5,Curve10992,retained
5,Curve10993,retained
5,Curve10994,retained
5,Curve10995,retained
5,Curve10996,retained
5,Curve10997,retained
5,Curve10998,retained
5,Curve10999,retained
5,Curve11000,retained
5,Curve11001,retained
5,Curve11002,retained
5,Curve11003,retained
5,Curve11004,retained
5,Curve11005,retained
5,Curve11006,retained
5,Curve11007,retained
5,Curve11008,retained
5,Curve11009,retained
5,Curve11010,retained
5,Curve11011,retained
5,Curve11012,retained
5,Curve11013,retained
5,Curve11014,retained
5,Curve11015,retained
5,Curve11016,retained
5,Curve11017,retained
5,Curve11018,retained
5,Curve11019,retained
5,Curve11020,retained
5,Curve11021,retained
5,Curve11022,retained
5,Curve11023,retained
5,Curve11024,retained
5,Curve11025,retained
5,Curve11026,retained
5,Curve11027,retained
5,Curve11028,retained
5,Curve11029,retained
5,Curve11030,retained
5,Curve11031,retained
5,Curve11032,retained
5,Curve11033,retained
5,Curve11034,retained
5,Curve11035,retained
5,Curve11036,retained
5,Curve11037,retained
5,Curve11038,retained
5,Curve11039,retained
5,Curve11040,retained
5,Curve11041,retained
5,Curve11042,retained
5,Curve11043,retained
5,Curve11044,retained
5,Curve11045,retained
5,Curve11046,retained
5,Curve11047,retained
5,Curve11048,retained
5,Curve11049,retained
5,Curve11050,retained
5,Curve11051,retained
5,Curve11052,retained
5,Curve11053,retained
5,Curve11054,retained
5,Curve11055,retained
5,Curve11056,retained
5,Curve11057,retained
5,Curve11058,retained
5,Curve11059,retained
5,Curve11060,retained
5,Curve11061,retained
5,Curve11062,retained
5,Curve11063,retained
5,Curve11064,retained
5,Curve11065,retained
5,Curve11066,retained
5,Curve11067,retained
5,Curve11068,retained
5,Curve11069,retained
5,Curve11070,retained
5,Curve11071,retained
5,Curve11072,retained
5,Curve11073,retained
5,Curve11074,retained
5,Curve11075,retained
5,Curve11076,retained
5,Curve11077,retained
5,Curve11078,retained
5,Curve11079,retained
5,Curve11080,retained
5,Curve11081,retained
5,Curve11082,retained
5,Curve11083,retained
5,Curve11084,retained
5,Curve11085,retained
5,Curve11086,retained
5,Curve11087,retained
5,Curve11088,retained
5,Curve11089,retained
5,Curve11090,retained
5,Curve11091,retained
5,Curve11092,retained
5,Curve11093,retained
5,Curve11094,retained
5,Curve11095,retained
5,Curve11096,retained
5,Curve11097,retained
5,Curve11098,retained
5,Curve11099,retained
5,Curve11100,retained
5,Curve11101,retained
5,Curve11102,retained
5,Curve11103,retained
5,Curve11104,retained
5,Curve11105,retained
5,Curve11106,retained
5,Curve11107,retained
5,Curve11108,retained
5,Curve11109,retained
5,Curve11110,retained
5,Curve11111,retained
5,Curve11112,retained
5,Curve11113,retained
5,Curve11114,retained
5,Curve11115,retained
5,Curve11116,retained
5,Curve11117,retained
5,Curve11118,retained
5,Curve11119,retained
5,Curve11120,retained
5,Curve11121,retained
5,Curve11122,retained
5,Curve11123,retained
5,Curve11124,retained
5,Curve11125,retained
5,Curve11126,retained
5,Curve11127,retained
5,Curve11128,retained
5,Curve11129,retained
5,Curve11130,retained
5,Curve11131,retained
5,Curve11132,retained
5,Curve11133,retained
5,Curve11134,retained
5,Curve11135,retained
5,Curve11136,retained
5,Curve11137,retained
5,Curve11138,retained
5,Curve11139,retained
5,Curve11140,retained
5,Curve11141,retained
5,Curve11142,retained
5,Curve11143,retained
5,Curve11144,retained
5,Curve11145,retained
5,Curve11146,retained
5,Curve11147,retained
5,Curve11148,retained
5,Curve11149,retained
5,Curve11150,retained
5,Curve11151,retained
5,Curve11152,retained
5,Curve11153,retained
5,Curve11154,retained
5,Curve11155,retained
5,Curve11156,retained
5,Curve11157,retained
5,Curve11158,retained
5,Curve11159,retained
5,Curve11160,retained
5,Curve11161,retained
5,Curve11162,retained
5,Curve11163,retained
5,Curve11164,retained
5,Curve11165,retained
5,Curve11166,retained
5,Curve11167,retained
5,Curve11168,retained
5,Curve11169,retained
5,Curve11170,retained
5,Curve11171,retained
5,Curve11172,retained
5,Curve11173,retained
5,Curve11174,retained
5,Curve11175,retained
5,Curve11176,retained
5,Curve11177,retained
5,Curve11178,retained
5,Curve11179,retained
5,Curve11180,retained
5,Curve11181,retained
5,Curve11182,retained
5,Curve11183,retained
5,Curve11184,retained
5,Curve11185,retained
5,Curve11186,retained
5,Curve11187,retained
5,Curve11188,retained
5,Curve11189,retained
5,Curve11190,retained
5,Curve11191,retained
5,Curve11192,retained
5,Curve11193,retained
5,Curve11194,retained
5,Curve11195,retained
5,Curve11196,retained
5,Curve11197,retained
5,Curve11198,retained
5,Curve11199,retained
5,Curve11200,retained
5,Curve11201,retained
5,Curve11202,retained
5,Curve11203,retained
5,Curve11204,retained
5,Curve11205,retained
5,Curve11206,retained
5,Curve11207,retained
5,Curve11208,retained
5,Curve11209,retained
5,Curve11210,retained
5,Curve11211,retained
5,Curve11212,retained
5,Curve11213,retained
5,Curve11214,retained
5,Curve11215,retained
5,Curve11216,retained
5,Curve11217,retained
5,Curve11218,retained
5,Curve11219,retained
5,Curve11220,retained
5,Curve11221,retained
5,Curve11222,retained
5,Curve11223,retained
5,Curve11224,retained
5,Curve11225,retained
5,Curve11226,retained
5,Curve11227,retained
5,Curve11228,retained
5,Curve11229,retained
5,Curve11230,retained
5,Curve11231,retained
5,Curve11232,retained
5,Curve11233,retained
5,Curve11234,retained
5,Curve11235,retained
5,Curve11236,retained
5,Curve11237,retained
5,Curve11238,retained
5,Curve11239,retained
5,Curve11240,retained
5,Curve11241,retained
5,Curve11242,retained
5,Curve11243,retained
5,Curve11244,retained
5,Curve11245,retained
5,Curve11246,retained
5,Curve11247,retained
5,Curve11248,retained
5,Curve11249,retained
5,Curve11250,retained
5,Curve11251,retained
5,Curve11252,retained
5,Curve11253,retained
5,Curve11254,retained
5,Curve11255,retained
5,Curve11256,retained
5,Curve11257,retained
5,Curve11258,retained
5,Curve11259,retained
5,Curve11260,retained
5,Curve11261,retained
5,Curve11262,retained
5,Curve11263,retained
5,Curve11264,retained
5,Curve11265,retained
5,Curve11266,retained
5,Curve11267,retained
5,Curve11268,retained
5,Curve11269,retained
5,Curve11270,retained
5,Curve11271,retained
5,Curve11272,retained
5,Curve11273,retained
5,Curve11274,retained
5,Curve11275,retained
5,Curve11276,retained
5,Curve11277,retained
5,Curve11278,retained
5,Curve11279,retained
5,Curve11280,retained
5,Curve11281,retained
5,Curve11282,retained
5,Curve11283,retained
5,Curve11284,retained
5,Curve11285,retained
5,Curve11286,retained
5,Curve11287,retained
5,Curve11288,retained
5,Curve11289,retained
5,Curve11290,retained
5,Curve11291,retained
5,Curve11292,retained
5,Curve11293,retained
5,Curve11294,retained
5,Curve11295,retained
5,Curve11296,retained
5,Curve11297,retained
5,Curve11298,retained
5,Curve11299,retained
5,Curve11300,retained
5,Curve11301,retained
5,Curve11302,retained
5,Curve11303,retained
5,Curve11304,retained
5,Curve11305,retained
5,Curve11306,retained
5,Curve11307,retained
5,Curve11308,retained
5,Curve11309,retained
5,Curve11310,retained
5,Curve11311,retained
5,Curve11312,retained
5,Curve11313,retained
5,Curve11314,retained
5,Curve11315,retained
5,Curve11316,retained
5,Curve11317,retained
5,Curve11318,retained
5,Curve11319,retained
5,Curve11320,retained
5,Curve11321,retained
5,Curve11322,retained
5,Curve11323,retained
5,Curve11324,retained
5,Curve11325,retained
5,Curve11326,retained
5,Curve11327,retained
5,Curve11328,retained
5,Curve11329,retained
5,Curve11330,retained
5,Curve11331,retained
5,Curve11332,retained
5,Curve11333,retained
5,Curve11334,retained
5,Curve11335,retained
5,Curve11336,retained
5,Curve11337,retained
5,Curve11338,retained
5,Curve11339,retained
5,Curve11340,retained
5,Curve11341,retained
5,Curve11342,retained
5,Curve11343,retained
5,Curve11344,retained
5,Curve11345,retained
5,Curve11346,retained
5,Curve11347,retained
5,Curve11348,retained
5,Curve11349,retained
5,Curve11350,retained
5,Curve11351,retained
5,Curve11352,retained
5,Curve11353,retained
5,Curve11354,retained
5,Curve11355,retained
5,Curve11356,retained
5,Curve11357,retained
5,Curve11358,retained
5,Curve11359,retained
5,Curve11360,retained
5,Curve11361,retained
5,Curve11362,retained
5,Curve11363,retained
5,Curve11364,retained
5,Curve11365,retained
5,Curve11366,retained
5,Curve11367,retained
5,Curve11368,retained
5,Curve11369,retained
5,Curve11370,retained
5,Curve11371,retained
5,Curve11372,retained
5,Curve11373,retained
5,Curve11374,retained
5,Curve11375,retained
5,Curve11376,retained
5,Curve11377,retained
5,Curve11378,retained
5,Curve11379,retained
5,Curve11380,retained
5,Curve11381,retained
5,Curve11382,retained
5,Curve11383,retained
5,Curve11384,retained
5,Curve11385,retained
5,Curve11386,retained
5,Curve11387,retained
5,Curve11388,retained
5,Curve11389,retained
5,Curve11390,retained
5,Curve11391,retained
5,Curve11392,retained
5,Curve11393,retained
5,Curve11394,retained
5,Curve11395,retained
5,Curve11396,retained
5,Curve11397,retained
5,Curve11398,retained
5,Curve11399,retained
5,Curve11400,retained
5,Curve11401,retained
5,Curve11402,retained
5,Curve11403,retained
5,Curve11404,retained
5,Curve11405,retained
5,Curve11406,retained
5,Curve11407,retained
5,Curve11408,retained
5,Curve11409,retained
5,Curve11410,retained
5,Curve11411,retained
5,Curve11412,retained
5,Curve11413,retained
5,Curve11414,retained
5,Curve11415,retained
5,Curve11416,retained
5,Curve11417,retained
5,Curve11418,retained
5,Curve11419,retained
5,Curve11420,retained
5,Curve11421,retained
5,Curve11422,retained
5,Curve11423,retained
5,Curve11424,retained
5,Curve11425,retained
5,Curve11426,retained
5,Curve11427,retained
5,Curve11428,retained
5,Curve11429,retained
5,Curve11430,retained
5,Curve11431,retained
5,Curve11432,retained
5,Curve11433,retained
5,Curve11434,retained
5,Curve11435,retained
5,Curve11436,retained
5,Curve11437,retained
5,Curve11438,retained
5,Curve11439,retained
5,Curve11440,retained
5,Curve11441,retained
5,Curve11442,retained
5,Curve11443,retained
5,Curve11444,retained
5,Curve11445,retained
5,Curve11446,retained
5,Curve11447,retained
5,Curve11448,retained
5,Curve11449,retained
5,Curve11450,retained
5,Curve11451,retained
5,Curve11452,retained
5,Curve11453,retained
5,Curve11454,retained
5,Curve11455,retained
5,Curve11456,retained
5,Curve11457,retained
5,Curve11458,retained
5,Curve11459,retained
5,Curve11460,retained
5,Curve11461,retained
5,Curve11462,retained
5,Curve11463,retained
5,Curve11464,retained
5,Curve11465,retained
5,Curve11466,retained
5,Curve11467,retained
5,Curve11468,retained
5,Curve11469,retained
5,Curve11470,retained
5,Curve11471,retained
5,Curve11472,retained
5,Curve11473,retained
5,Curve11474,retained
5,Curve11475,retained
5,Curve11476,retained
5,Curve11477,retained
5,Curve11478,retained
5,Curve11479,retained
5,Curve11480,retained
5,Curve11481,retained
5,Curve11482,retained
5,Curve11483,retained
5,Curve11484,retained
5,Curve11485,retained
5,Curve11486,retained
5,Curve11487,retained
5,Curve11488,retained
5,Curve11489,retained
5,Curve11490,retained
5,Curve11491,retained
5,Curve11492,retained
5,Curve11493,retained
5,Curve11494,retained
5,Curve11495,retained
5,Curve11496,retained
5,Curve11497,retained
5,Curve11498,retained
5,Curve11499,retained
5,Curve11500,retained
5,Curve11501,retained
5,Curve11502,retained
5,Curve11503,retained
5,Curve11504,retained
5,Curve11505,retained
5,Curve11506,retained
5,Curve11507,retained
5,Curve11508,retained
6,Curve11509,retained
6,Curve11510,retained
6,Curve11511,retained
6,Curve11512,retained
6,Curve11513,retained
6,Curve11514,retained
6,Curve11515,retained
6,Curve11516,retained
6,Curve11517,retained
6,Curve11518,retained
6,Curve11519,retained
6,Curve11520,retained
6,Curve11521,retained
6,Curve11522,retained
6,Curve11523,retained
6,Curve11524,retained
6,Curve11525,retained
6,Curve11526,retained
6,Curve11527,retained
6,Curve11528,retained
6,Curve11529,retained
6,Curve11530,retained
6,Curve11531,retained
6,Curve11532,retained
6,Curve11533,retained
6,Curve11534,retained
6,Curve11535,retained
6,Curve11536,retained
6,Curve11537,retained
6,Curve11538,retained
6,Curve11539,retained
6,Curve11540,retained
6,Curve11541,retained
6,Curve11542,retained
6,Curve11543,retained
6,Curve11544,retained
6,Curve11545,retained
6,Curve11546,retained
6,Curve11547,retained
6,Curve11548,retained
6,Curve11549,retained
6,Curve11550,retained
6,Curve11551,retained
6,Curve11552,retained
6,Curve11553,retained
6,Curve11554,retained
6,Curve11555,retained
6,Curve11556,retained
6,Curve11557,retained
6,Curve11558,retained
6,Curve11559,retained
6,Curve11560,retained
6,Curve11561,retained
6,Curve11562,retained
6,Curve11563,retained
6,Curve11564,retained
6,Curve11565,retained
6,Curve11566,retained
6,Curve11567,retained
6,Curve11568,retained
6,Curve11569,retained
6,Curve11570,retained
6,Curve11571,retained
6,Curve11572,retained
6,Curve11573,retained
6,Curve11574,retained
6,Curve11575,retained
6,Curve11576,retained
6,Curve11577,retained
6,Curve11578,retained
6,Curve11579,retained
6,Curve11580,retained
6,Curve11581,retained
6,Curve11582,retained
6,Curve11583,retained
6,Curve11584,retained
6,Curve11585,retained
6,Curve11586,retained
6,Curve11587,retained
6,Curve11588,retained
6,Curve11589,retained
6,Curve11590,retained
6,Curve11591,retained
6,Curve11592,retained
6,Curve11593,retained
6,Curve11594,retained
6,Curve11595,retained
6,Curve11596,retained
6,Curve11597,retained
6,Curve11598,retained
6,Curve11599,retained
6,Curve11600,retained
6,Curve11601,retained
6,Curve11602,retained
6,Curve11603,retained
6,Curve11604,retained
6,Curve11605,retained
6,Curve11606,retained
6,Curve11607,retained
6,Curve11608,retained
6,Curve11609,retained
6,Curve11610,retained
6,Curve11611,retained
6,Curve11612,retained
6,Curve11613,retained
6,Curve11614,retained
6,Curve11615,retained
6,Curve11616,retained
6,Curve11617,retained
6,Curve11618,retained
6,Curve11619,retained
6,Curve11620,retained
6,Curve11621,retained
6,Curve11622,retained
6,Curve11623,retained
6,Curve11624,retained
6,Curve11625,retained
6,Curve11626,retained
6,Curve11627,retained
6,Curve11628,retained
6,Curve11629,retained
6,Curve11630,retained
6,Curve11631,retained
6,Curve11632,retained
6,Curve11633,retained
6,Curve11634,retained
6,Curve11635,retained
6,Curve11636,retained
6,Curve11637,retained
6,Curve11638,retained
6,Curve11639,retained
6,Curve11640,retained
6,Curve11641,retained
6,Curve11642,retained
6,Curve11643,retained
6,Curve11644,retained
6,Curve11645,retained
6,Curve11646,retained
6,Curve11647,retained
6,Curve11648,retained
6,Curve11649,retained
6,Curve11650,retained
6,Curve11651,retained
6,Curve11652,retained
6,Curve11653,retained
6,Curve11654,retained
6,Curve11655,retained
6,Curve11656,retained
6,Curve11657,retained
6,Curve11658,retained
6,Curve11659,retained
6,Curve11660,retained
6,Curve11661,retained
6,Curve11662,retained
6,Curve11663,retained
6,Curve11664,retained
6,Curve11665,retained
6,Curve11666,retained
6,Curve11667,retained
6,Curve11668,retained
6,Curve11669,retained
6,Curve11670,retained
6,Curve11671,retained
6,Curve11672,retained
6,Curve11673,retained
6,Curve11674,retained
6,Curve11675,retained
6,Curve11676,retained
6,Curve11677,retained
6,Curve11678,retained
6,Curve11679,retained
6,Curve11680,retained
6,Curve11681,retained
6,Curve11682,retained
6,Curve11683,retained
6,Curve11684,retained
6,Curve11685,retained
6,Curve11686,retained
6,Curve11687,retained
6,Curve11688,retained
6,Curve11689,retained
6,Curve11690,retained
6,Curve11691,retained
6,Curve11692,retained
6,Curve11693,retained
6,Curve11694,retained
6,Curve11695,retained
6,Curve11696,retained
6,Curve11697,retained
6,Curve11698,retained
6,Curve11699,retained
6,Curve11700,retained
6,Curve11701,retained
6,Curve11702,retained
6,Curve11703,retained
6,Curve11704,retained
6,Curve11705,retained
6,Curve11706,retained
6,Curve11707,retained
6,Curve11708,retained
6,Curve11709,retained
6,Curve11710,retained
6,Curve11711,retained
6,Curve11712,retained
6,Curve11713,retained
6,Curve11714,retained
6,Curve11715,retained
6,Curve11716,retained
6,Curve11717,retained
6,Curve11718,retained
6,Curve11719,retained
6,Curve11720,retained
6,Curve11721,retained
6,Curve11722,retained
6,Curve11723,retained
6,Curve11724,retained
6,Curve11725,retained
6,Curve11726,retained
6,Curve11727,retained
6,Curve11728,retained
6,Curve11729,retained
6,Curve11730,retained
6,Curve11731,retained
6,Curve11732,retained
6,Curve11733,retained
6,Curve11734,retained
6,Curve11735,retained
6,Curve11736,retained
6,Curve11737,retained
6,Curve11738,retained
6,Curve11739,retained
6,Curve11740,retained
6,Curve11741,retained
6,Curve11742,retained
6,Curve11743,retained
6,Curve11744,retained
6,Curve11745,retained
6,Curve11746,retained
6,Curve11747,retained
6,Curve11748,retained
6,Curve11749,retained
6,Curve11750,retained
6,Curve11751,retained
6,Curve11752,retained
6,Curve11753,retained
6,Curve11754,retained
6,Curve11755,retained
6,Curve11756,retained
6,Curve11757,retained
6,Curve11758,retained
6,Curve11759,retained
6,Curve11760,retained
6,Curve11761,retained
6,Curve11762,retained
6,Curve11763,retained
6,Curve11764,retained
6,Curve11765,retained
6,Curve11766,retained
6,Curve11767,retained
6,Curve11768,retained
6,Curve11769,retained
6,Curve11770,retained
6,Curve11771,retained
6,Curve11772,retained
6,Curve11773,retained
6,Curve11774,retained
6,Curve11775,retained
6,Curve11776,retained
6,Curve11777,retained
6,Curve11778,retained
6,Curve11779,retained
6,Curve11780,retained
6,Curve11781,retained
6,Curve11782,retained
6,Curve11783,retained
6,Curve11784,retained
6,Curve11785,retained
6,Curve11786,retained
6,Curve11787,retained
6,Curve11788,retained
6,Curve11789,retained
6,Curve11790,retained
6,Curve11791,retained
6,Curve11792,retained
6,Curve11793,retained
6,Curve11794,retained
6,Curve11795,retained
6,Curve11796,retained
6,Curve11797,retained
6,Curve11798,retained
6,Curve11799,retained
6,Curve11800,retained
6,Curve11801,retained
6,Curve11802,retained
6,Curve11803,retained
6,Curve11804,retained
6,Curve11805,retained
6,Curve11806,retained
6,Curve11807,retained
6,Curve11808,retained
6,Curve11809,retained
6,Curve11810,retained
6,Curve11811,retained
6,Curve11812,retained
6,Curve11813,retained
6,Curve11814,retained
6,Curve11815,retained
6,Curve11816,retained
6,Curve11817,retained
6,Curve11818,retained
6,Curve11819,retained
6,Curve11820,retained
6,Curve11821,retained
6,Curve11822,retained
6,Curve11823,retained
6,Curve11824,retained
6,Curve11825,retained
6,Curve11826,retained
6,Curve11827,retained
6,Curve11828,retained
6,Curve11829,retained
6,Curve11830,retained
6,Curve11831,retained
6,Curve11832,retained
6,Curve11833,retained
6,Curve11834,retained
6,Curve11835,retained
6,Curve11836,retained
6,Curve11837,retained
6,Curve11838,retained
6,Curve11839,retained
6,Curve11840,retained
6,Curve11841,retained
6,Curve11842,retained
6,Curve11843,retained
6,Curve11844,retained
6,Curve11845,retained
6,Curve11846,retained
6,Curve11847,retained
6,Curve11848,retained
6,Curve11849,retained
6,Curve11850,retained
6,Curve11851,retained
6,Curve11852,retained
6,Curve11853,retained
6,Curve11854,retained
6,Curve11855,retained
6,Curve11856,retained
6,Curve11857,retained
6,Curve11858,retained
6,Curve11859,retained
6,Curve11860,retained
6,Curve11861,retained
6,Curve11862,retained
6,Curve11863,retained
6,Curve11864,retained
6,Curve11865,retained
6,Curve11866,retained
6,Curve11867,retained
6,Curve11868,retained
6,Curve11869,retained
6,Curve11870,retained
6,Curve11871,retained
6,Curve11872,retained
6,Curve11873,retained
6,Curve11874,retained
6,Curve11875,retained
6,Curve11876,retained
6,Curve11877,retained
6,Curve11878,retained
6,Curve11879,retained
6,Curve11880,retained
6,Curve11881,retained
6,Curve11882,retained
6,Curve11883,retained
6,Curve11884,retained
6,Curve11885,retained
6,Curve11886,retained
6,Curve11887,retained
6,Curve11888,retained
6,Curve11889,retained
6,Curve11890,retained
6,Curve11891,retained
6,Curve11892,retained
6,Curve11893,retained
6,Curve11894,retained
6,Curve11895,retained
6,Curve11896,retained
6,Curve11897,retained
6,Curve11898,retained
6,Curve11899,retained
6,Curve11900,retained
6,Curve11901,retained
6,Curve11902,retained
6,Curve11903,retained
6,Curve11904,retained
6,Curve11905,retained
6,Curve11906,retained
6,Curve11907,retained
6,Curve11908,retained
6,Curve11909,retained
6,Curve11910,retained
6,Curve11911,retained
6,Curve11912,retained
6,Curve11913,retained
6,Curve11914,retained
6,Curve11915,retained
6,Curve11916,retained
6,Curve11917,retained
6,Curve11918,retained
6,Curve11919,retained
6,Curve11920,retained
6,Curve11921,retained
6,Curve11922,retained
6,Curve11923,retained
6,Curve11924,retained
6,Curve11925,retained
6,Curve11926,retained
6,Curve11927,retained
6,Curve11928,retained
6,Curve11929,retained
6,Curve11930,retained
6,Curve11931,retained
6,Curve11932,retained
6,Curve11933,retained
6,Curve11934,retained
6,Curve11935,retained
6,Curve11936,retained
6,Curve11937,retained
6,Curve11938,retained
6,Curve11939,retained
6,Curve11940,retained
6,Curve11941,retained
6,Curve11942,retained
6,Curve11943,retained
6,Curve11944,retained
6,Curve11945,retained
6,Curve11946,retained
6,Curve11947,retained
6,Curve11948,retained
6,Curve11949,retained
6,Curve11950,retained
6,Curve11951,retained
6,Curve11952,retained
6,Curve11953,retained
6,Curve11954,retained
6,Curve11955,retained
6,Curve11956,retained
6,Curve11957,retained
6,Curve11958,retained
6,Curve11959,retained
6,Curve11960,retained
6,Curve11961,retained
6,Curve11962,retained
6,Curve11963,retained
6,Curve11964,retained
6,Curve11965,retained
6,Curve11966,retained
6,Curve11967,retained
6,Curve11968,retained
6,Curve11969,retained
6,Curve11970,retained
6,Curve11971,retained
6,Curve11972,retained
6,Curve11973,retained
6,Curve11974,retained
6,Curve11975,retained
6,Curve11976,retained
6,Curve11977,retained
6,Curve11978,retained
6,Curve11979,retained
6,Curve11980,retained
6,Curve11981,retained
6,Curve11982,retained
6,Curve11983,retained
6,Curve11984,retained
6,Curve11985,retained
6,Curve11986,retained
6,Curve11987,retained
6,Curve11988,retained
6,Curve11989,retained
6,Curve11990,retained
6,Curve11991,retained
6,Curve11992,retained
6,Curve11993,retained
6,Curve11994,retained
6,Curve11995,retained
6,Curve11996,retained
6,Curve11997,retained
6,Curve11998,retained
6,Curve11999,retained
6,Curve12000,retained
6,Curve12001,retained
6,Curve12002,retained
6,Curve12003,retained
6,Curve12004,retained
6,Curve12005,retained
6,Curve12006,retained
6,Curve12007,retained
6,Curve12008,retained
6,Curve12009,retained
6,Curve12010,retained
6,Curve12011,retained
6,Curve12012,retained
6,Curve12013,retained
6,Curve12014,retained
6,Curve12015,retained
6,Curve12016,retained
6,Curve12017,retained
6,Curve12018,retained
6,Curve12019,retained
6,Curve12020,retained
6,Curve12021,retained
6,Curve12022,retained
6,Curve12023,retained
6,Curve12024,retained
6,Curve12025,retained
6,Curve12026,retained
6,Curve12027,retained
6,Curve12028,retained
6,Curve12029,retained
6,Curve12030,retained
6,Curve12031,retained
6,Curve12032,retained
6,Curve12033,retained
6,Curve12034,retained
6,Curve12035,retained
6,Curve12036,retained
6,Curve12037,retained
6,Curve12038,retained
6,Curve12039,retained
6,Curve12040,retained
6,Curve12041,retained
6,Curve12042,retained
6,Curve12043,retained
6,Curve12044,retained
6,Curve12045,retained
6,Curve12046,retained
6,Curve12047,retained
6,Curve12048,retained
6,Curve12049,retained
6,Curve12050,retained
6,Curve12051,retained
6,Curve12052,retained
6,Curve12053,retained
6,Curve12054,retained
6,Curve12055,retained
6,Curve12056,retained
6,Curve12057,retained
6,Curve12058,retained
6,Curve12059,retained
6,Curve12060,retained
6,Curve12061,retained
6,Curve12062,retained
6,Curve12063,retained
6,Curve12064,retained
6,Curve12065,retained
6,Curve12066,retained
6,Curve12067,retained
6,Curve12068,retained
6,Curve12069,retained
6,Curve12070,retained
6,Curve12071,retained
6,Curve12072,retained
6,Curve12073,retained
6,Curve12074,retained
6,Curve12075,retained
6,Curve12076,retained
6,Curve12077,retained
6,Curve12078,retained
6,Curve12079,retained
6,Curve12080,retained
6,Curve12081,retained
6,Curve12082,retained
6,Curve12083,retained
6,Curve12084,retained
6,Curve12085,retained
6,Curve12086,retained
6,Curve12087,retained
6,Curve12088,retained
6,Curve12089,retained
6,Curve12090,retained
6,Curve12091,retained
6,Curve12092,retained
6,Curve12093,retained
6,Curve12094,retained
6,Curve12095,retained
6,Curve12096,retained
6,Curve12097,retained
6,Curve12098,retained
6,Curve12099,retained
6,Curve12100,retained
6,Curve12101,retained
6,Curve12102,retained
6,Curve12103,retained
6,Curve12104,retained
6,Curve12105,retained
6,Curve12106,retained
6,Curve12107,retained
6,Curve12108,retained
6,Curve12109,retained
6,Curve12110,retained
6,Curve12111,retained
6,Curve12112,retained
6,Curve12113,retained
6,Curve12114,retained
6,Curve12115,retained
6,Curve12116,retained
6,Curve12117,retained
6,Curve12118,retained
6,Curve12119,retained
6,Curve12120,retained
6,Curve12121,retained
6,Curve12122,retained
6,Curve12123,retained
6,Curve12124,retained
6,Curve12125,retained
6,Curve12126,retained
6,Curve12127,retained
6,Curve12128,retained
6,Curve12129,retained
6,Curve12130,retained
6,Curve12131,retained
6,Curve12132,retained
6,Curve12133,retained
6,Curve12134,retained
6,Curve12135,retained
6,Curve12136,retained
6,Curve12137,retained
6,Curve12138,retained
6,Curve12139,retained
6,Curve12140,retained
6,Curve12141,retained
6,Curve12142,retained
6,Curve12143,retained
6,Curve12144,retained
6,Curve12145,retained
6,Curve12146,retained
6,Curve12147,retained
6,Curve12148,retained
6,Curve12149,retained
6,Curve12150,retained
6,Curve12151,retained
6,Curve12152,retained
6,Curve12153,retained
6,Curve12154,retained
6,Curve12155,retained
6,Curve12156,retained
6,Curve12157,retained
6,Curve12158,retained
6,Curve12159,retained
6,Curve12160,retained
6,Curve12161,retained
6,Curve12162,retained
6,Curve12163,retained
6,Curve12164,retained
6,Curve12165,retained
6,Curve12166,retained
6,Curve12167,retained
6,Curve12168,retained
6,Curve12169,retained
6,Curve12170,retained
6,Curve12171,retained
6,Curve12172,retained
6,Curve12173,retained
6,Curve12174,retained
6,Curve12175,retained
6,Curve12176,retained
6,Curve12177,retained
6,Curve12178,retained
6,Curve12179,retained
6,Curve12180,retained
6,Curve12181,retained
6,Curve12182,retained
6,Curve12183,retained
6,Curve12184,retained
6,Curve12185,retained
6,Curve12186,retained
6,Curve12187,retained
6,Curve12188,retained
6,Curve12189,retained
6,Curve12190,retained
6,Curve12191,retained
6,Curve12192,retained
6,Curve12193,retained
6,Curve12194,retained
6,Curve12195,retained
6,Curve12196,retained
6,Curve12197,retained
6,Curve12198,retained
6,Curve12199,retained
6,Curve12200,retained
6,Curve12201,retained
6,Curve12202,retained
6,Curve12203,retained
6,Curve12204,retained
6,Curve12205,retained
6,Curve12206,retained
6,Curve12207,retained
6,Curve12208,retained
6,Curve12209,retained
6,Curve12210,retained
6,Curve12211,retained
6,Curve12212,retained
6,Curve12213,retained
6,Curve12214,retained
6,Curve12215,retained
6,Curve12216,retained
6,Curve12217,retained
6,Curve12218,retained
6,Curve12219,retained
6,Curve12220,retained
6,Curve12221,retained
6,Curve12222,retained
6,Curve12223,retained
6,Curve12224,retained
6,Curve12225,retained
6,Curve12226,retained
6,Curve12227,retained
6,Curve12228,retained
6,Curve12229,retained
6,Curve12230,retained
6,Curve12231,retained
6,Curve12232,retained
6,Curve12233,retained
6,Curve12234,retained
6,Curve12235,retained
6,Curve12236,retained
6,Curve12237,retained
6,Curve12238,retained
6,Curve12239,retained
6,Curve12240,retained
6,Curve12241,retained
6,Curve12242,retained
6,Curve12243,retained
6,Curve12244,retained
6,Curve12245,retained
6,Curve12246,retained
6,Curve12247,retained
6,Curve12248,retained
6,Curve12249,retained
6,Curve12250,retained
6,Curve12251,retained
6,Curve12252,retained
6,Curve12253,retained
6,Curve12254,retained
6,Curve12255,retained
6,Curve12256,retained
6,Curve12257,retained
6,Curve12258,retained
6,Curve12259,retained
6,Curve12260,retained
6,Curve12261,retained
6,Curve12262,retained
6,Curve12263,retained
6,Curve12264,retained
6,Curve12265,retained
6,Curve12266,retained
6,Curve12267,retained
6,Curve12268,retained
6,Curve12269,retained
6,Curve12270,retained
6,Curve12271,retained
6,Curve12272,retained
6,Curve12273,retained
6,Curve12274,retained
6,Curve12275,retained
6,Curve12276,retained
6,Curve12277,retained
6,Curve12278,retained
6,Curve12279,retained
6,Curve12280,retained
6,Curve12281,retained
6,Curve12282,retained
6,Curve12283,retained
6,Curve12284,retained
6,Curve12285,retained
6,Curve12286,retained
6,Curve12287,retained
6,Curve12288,retained
6,Curve12289,retained
6,Curve12290,retained
6,Curve12291,retained
6,Curve12292,retained
6,Curve12293,retained
6,Curve12294,retained
6,Curve12295,retained
6,Curve12296,retained
6,Curve12297,retained
6,Curve12298,retained
6,Curve12299,retained
6,Curve12300,retained
6,Curve12301,retained
6,Curve12302,retained
6,Curve12303,retained
6,Curve12304,retained
6,Curve12305,retained
6,Curve12306,retained
6,Curve12307,retained
6,Curve12308,retained
6,Curve12309,retained
6,Curve12310,retained
6,Curve12311,retained
6,Curve12312,retained
6,Curve12313,retained
6,Curve12314,retained
6,Curve12315,retained
6,Curve12316,retained
6,Curve12317,retained
6,Curve12318,retained
6,Curve12319,retained
6,Curve12320,retained
6,Curve12321,retained
6,Curve12322,retained
6,Curve12323,retained
6,Curve12324,retained
6,Curve12325,retained
6,Curve12326,retained
6,Curve12327,retained
6,Curve12328,retained
6,Curve12329,retained
6,Curve12330,retained
6,Curve12331,retained
6,Curve12332,retained
6,Curve12333,retained
6,Curve12334,retained
6,Curve12335,retained
6,Curve12336,retained
6,Curve12337,retained
6,Curve12338,retained
6,Curve12339,retained
6,Curve12340,retained
6,Curve12341,retained
6,Curve12342,retained
6,Curve12343,retained
6,Curve12344,retained
6,Curve12345,retained
6,Curve12346,retained
6,Curve12347,retained
6,Curve12348,retained
6,Curve12349,retained
6,Curve12350,retained
6,Curve12351,retained
6,Curve12352,retained
6,Curve12353,retained
6,Curve12354,retained
6,Curve12355,retained
6,Curve12356,retained
6,Curve12357,retained
6,Curve12358,retained
6,Curve12359,retained
6,Curve12360,retained
6,Curve12361,retained
6,Curve12362,retained
6,Curve12363,retained
6,Curve12364,retained
6,Curve12365,retained
6,Curve12366,retained
6,Curve12367,retained
6,Curve12368,retained
6,Curve12369,retained
6,Curve12370,retained
6,Curve12371,retained
6,Curve12372,retained
6,Curve12373,retained
6,Curve12374,retained
6,Curve12375,retained
6,Curve12376,retained
6,Curve12377,retained
6,Curve12378,retained
6,Curve12379,retained
6,Curve12380,retained
6,Curve12381,retained
6,Curve12382,retained
6,Curve12383,retained
6,Curve12384,retained
6,Curve12385,retained
6,Curve12386,retained
6,Curve12387,retained
6,Curve12388,retained
6,Curve12389,retained
6,Curve12390,retained
6,Curve12391,retained
6,Curve12392,retained
6,Curve12393,retained
6,Curve12394,retained
6,Curve12395,retained
6,Curve12396,retained
6,Curve12397,retained
6,Curve12398,retained
6,Curve12399,retained
6,Curve12400,retained
6,Curve12401,retained
6,Curve12402,retained
6,Curve12403,retained
6,Curve12404,retained
6,Curve12405,retained
6,Curve12406,retained
6,Curve12407,retained
6,Curve12408,retained
6,Curve12409,retained
6,Curve12410,retained
6,Curve12411,retained
6,Curve12412,retained
6,Curve12413,retained
6,Curve12414,retained
6,Curve12415,retained
6,Curve12416,retained
6,Curve12417,retained
6,Curve12418,retained
6,Curve12419,retained
6,Curve12420,retained
6,Curve12421,retained
6,Curve12422,retained
6,Curve12423,retained
6,Curve12424,retained
6,Curve12425,retained
6,Curve12426,retained
6,Curve12427,retained
6,Curve12428,retained
6,Curve12429,retained
6,Curve12430,retained
6,Curve12431,retained
6,Curve12432,retained
6,Curve12433,retained
6,Curve12434,retained
6,Curve12435,retained
6,Curve12436,retained
6,Curve12437,retained
6,Curve12438,retained
6,Curve12439,retained
6,Curve12440,retained
6,Curve12441,retained
6,Curve12442,retained
6,Curve12443,retained
6,Curve12444,retained
6,Curve12445,retained
6,Curve12446,retained
6,Curve12447,retained
6,Curve12448,retained
6,Curve12449,retained
6,Curve12450,retained
6,Curve12451,retained
6,Curve12452,retained
6,Curve12453,retained
6,Curve12454,retained
6,Curve12455,retained
6,Curve12456,retained
6,Curve12457,retained
6,Curve12458,retained
6,Curve12459,retained
6,Curve12460,retained
6,Curve12461,retained
6,Curve12462,retained
6,Curve12463,retained
6,Curve12464,retained
6,Curve12465,retained
6,Curve12466,retained
6,Curve12467,retained
6,Curve12468,retained
6,Curve12469,retained
6,Curve12470,retained
6,Curve12471,retained
6,Curve12472,retained
6,Curve12473,retained
6,Curve12474,retained
6,Curve12475,retained
6,Curve12476,retained
6,Curve12477,retained
6,Curve12478,retained
6,Curve12479,retained
6,Curve12480,retained
6,Curve12481,retained
6,Curve12482,retained
6,Curve12483,retained
6,Curve12484,retained
6,Curve12485,retained
6,Curve12486,retained
6,Curve12487,retained
6,Curve12488,retained
6,Curve12489,retained
6,Curve12490,retained
6,Curve12491,retained
6,Curve12492,retained
6,Curve12493,retained
6,Curve12494,retained
6,Curve12495,retained
6,Curve12496,retained
6,Curve12497,retained
6,Curve12498,retained
6,Curve12499,retained
6,Curve12500,retained
6,Curve12501,retained
6,Curve12502,retained
6,Curve12503,retained
6,Curve12504,retained
6,Curve12505,retained
6,Curve12506,retained
6,Curve12507,retained
6,Curve12508,retained
6,Curve12509,retained
6,Curve12510,retained
6,Curve12511,retained
6,Curve12512,retained
6,Curve12513,retained
6,Curve12514,retained
6,Curve12515,retained
6,Curve12516,retained
6,Curve12517,retained
6,Curve12518,retained
6,Curve12519,retained
6,Curve12520,retained
6,Curve12521,retained
6,Curve12522,retained
6,Curve12523,retained
6,Curve12524,retained
6,Curve12525,retained
6,Curve12526,retained
6,Curve12527,retained
6,Curve12528,retained
6,Curve12529,retained
6,Curve12530,retained
6,Curve12531,retained
6,Curve12532,retained
6,Curve12533,retained
6,Curve12534,retained
6,Curve12535,retained
6,Curve12536,retained
6,Curve12537,retained
6,Curve12538,retained
6,Curve12539,retained
6,Curve12540,retained
6,Curve12541,retained
6,Curve12542,retained
6,Curve12543,retained
6,Curve12544,retained
6,Curve12545,retained
6,Curve12546,retained
6,Curve12547,retained
6,Curve12548,retained
6,Curve12549,retained
6,Curve12550,retained
6,Curve12551,retained
6,Curve12552,retained
6,Curve12553,retained
6,Curve12554,retained
6,Curve12555,retained
6,Curve12556,retained
6,Curve12557,retained
6,Curve12558,retained
6,Curve12559,retained
6,Curve12560,retained
6,Curve12561,retained
6,Curve12562,retained
6,Curve12563,retained
6,Curve12564,retained
6,Curve12565,retained
6,Curve12566,retained
6,Curve12567,retained
6,Curve12568,retained
6,Curve12569,retained
6,Curve12570,retained
6,Curve12571,retained
6,Curve12572,retained
6,Curve12573,retained
6,Curve12574,retained
6,Curve12575,retained
6,Curve12576,retained
6,Curve12577,retained
6,Curve12578,retained
6,Curve12579,retained
6,Curve12580,retained
6,Curve12581,retained
6,Curve12582,retained
6,Curve12583,retained
6,Curve12584,retained
6,Curve12585,retained
6,Curve12586,retained
6,Curve12587,retained
6,Curve12588,retained
6,Curve12589,retained
6,Curve12590,retained
6,Curve12591,retained
6,Curve12592,retained
6,Curve12593,retained
6,Curve12594,retained
6,Curve12595,retained
6,Curve12596,retained
6,Curve12597,retained
6,Curve12598,retained
6,Curve12599,retained
6,Curve12600,retained
6,Curve12601,retained
6,Curve12602,retained
6,Curve12603,retained
6,Curve12604,retained
6,Curve12605,retained
6,Curve12606,retained
6,Curve12607,retained
6,Curve12608,retained
6,Curve12609,retained
6,Curve12610,retained
6,Curve12611,retained
6,Curve12612,retained
6,Curve12613,retained
6,Curve12614,retained
6,Curve12615,retained
6,Curve12616,retained
6,Curve12617,retained
6,Curve12618,retained
6,Curve12619,retained
6,Curve12620,retained
6,Curve12621,retained
6,Curve12622,retained
6,Curve12623,retained
6,Curve12624,retained
6,Curve12625,retained
6,Curve12626,retained
6,Curve12627,retained
6,Curve12628,retained
6,Curve12629,retained
6,Curve12630,retained
6,Curve12631,retained
6,Curve12632,retained
6,Curve12633,retained
6,Curve12634,retained
6,Curve12635,retained
6,Curve12636,retained
6,Curve12637,retained
6,Curve12638,retained
6,Curve12639,retained
6,Curve12640,retained
6,Curve12641,retained
6,Curve12642,retained
6,Curve12643,retained
6,Curve12644,retained
6,Curve12645,retained
6,Curve12646,retained
6,Curve12647,retained
6,Curve12648,retained
6,Curve12649,retained
6,Curve12650,retained
6,Curve12651,retained
6,Curve12652,retained
6,Curve12653,retained
6,Curve12654,retained
6,Curve12655,retained
6,Curve12656,retained
6,Curve12657,retained
6,Curve12658,retained
6,Curve12659,retained
6,Curve12660,retained
6,Curve12661,retained
6,Curve12662,retained
6,Curve12663,retained
6,Curve12664,retained
6,Curve12665,retained
6,Curve12666,retained
6,Curve12667,retained
6,Curve12668,retained
6,Curve12669,retained
6,Curve12670,retained
6,Curve12671,retained
6,Curve12672,retained
6,Curve12673,retained
6,Curve12674,retained
6,Curve12675,retained
6,Curve12676,retained
6,Curve12677,retained
6,Curve12678,retained
6,Curve12679,retained
6,Curve12680,retained
6,Curve12681,retained
6,Curve12682,retained
6,Curve12683,retained
6,Curve12684,retained
6,Curve12685,retained
6,Curve12686,retained
6,Curve12687,retained
6,Curve12688,retained
6,Curve12689,retained
6,Curve12690,retained
6,Curve12691,retained
6,Curve12692,retained
6,Curve12693,retained
6,Curve12694,retained
6,Curve12695,retained
6,Curve12696,retained
6,Curve12697,retained
6,Curve12698,retained
6,Curve12699,retained
6,Curve12700,retained
6,Curve12701,retained
6,Curve12702,retained
6,Curve12703,retained
6,Curve12704,retained
6,Curve12705,retained
6,Curve12706,retained
6,Curve12707,retained
6,Curve12708,retained
6,Curve12709,retained
6,Curve12710,retained
6,Curve12711,retained
6,Curve12712,retained
6,Curve12713,retained
6,Curve12714,retained
6,Curve12715,retained
6,Curve12716,retained
6,Curve12717,retained
6,Curve12718,retained
6,Curve12719,retained
6,Curve12720,retained
6,Curve12721,retained
6,Curve12722,retained
6,Curve12723,retained
6,Curve12724,retained
6,Curve12725,retained
6,Curve12726,retained
6,Curve12727,retained
6,Curve12728,retained
6,Curve12729,retained
6,Curve12730,retained
6,Curve12731,retained
6,Curve12732,retained
6,Curve12733,retained
6,Curve12734,retained
6,Curve12735,retained
6,Curve12736,retained
6,Curve12737,retained
6,Curve12738,retained
6,Curve12739,retained
6,Curve12740,retained
6,Curve12741,retained
6,Curve12742,retained
6,Curve12743,retained
6,Curve12744,retained
6,Curve12745,retained
6,Curve12746,retained
6,Curve12747,retained
6,Curve12748,retained
6,Curve12749,retained
6,Curve12750,retained
6,Curve12751,retained
6,Curve12752,retained
6,Curve12753,retained
6,Curve12754,retained
6,Curve12755,retained
6,Curve12756,retained
6,Curve12757,retained
6,Curve12758,retained
6,Curve12759,retained
6,Curve12760,retained
6,Curve12761,retained
6,Curve12762,retained
6,Curve12763,retained
6,Curve12764,retained
6,Curve12765,retained
6,Curve12766,retained
6,Curve12767,retained
6,Curve12768,retained
6,Curve12769,retained
6,Curve12770,retained
6,Curve12771,retained
6,Curve12772,retained
6,Curve12773,retained
6,Curve12774,retained
6,Curve12775,retained
6,Curve12776,retained
6,Curve12777,retained
6,Curve12778,retained
6,Curve12779,retained
6,Curve12780,retained
6,Curve12781,retained
6,Curve12782,retained
6,Curve12783,retained
6,Curve12784,retained
6,Curve12785,retained
6,Curve12786,retained
6,Curve12787,retained
6,Curve12788,retained
6,Curve12789,retained
6,Curve12790,retained
6,Curve12791,retained
6,Curve12792,retained
6,Curve12793,retained
6,Curve12794,retained
6,Curve12795,retained
6,Curve12796,retained
6,Curve12797,retained
6,Curve12798,retained
6,Curve12799,retained
6,Curve12800,retained
6,Curve12801,retained
6,Curve12802,retained
6,Curve12803,retained
6,Curve12804,retained
6,Curve12805,retained
6,Curve12806,retained
6,Curve12807,retained
6,Curve12808,retained
6,Curve12809,retained
6,Curve12810,retained
6,Curve12811,retained
6,Curve12812,retained
6,Curve12813,retained
6,Curve12814,retained
6,Curve12815,retained
6,Curve12816,retained
6,Curve12817,retained
6,Curve12818,retained
6,Curve12819,retained
6,Curve12820,retained
6,Curve12821,retained
6,Curve12822,retained
6,Curve12823,retained
6,Curve12824,retained
6,Curve12825,retained
6,Curve12826,retained
6,Curve12827,retained
6,Curve12828,retained
7,Curve12829,retained
7,Curve12830,retained
7,Curve12831,retained
7,Curve12832,retained
7,Curve12833,retained
7,Curve12834,retained
7,Curve12835,retained
7,Curve12836,retained
7,Curve12837,retained
7,Curve12838,retained
7,Curve12839,retained
7,Curve12840,retained
7,Curve12841,retained
7,Curve12842,retained
7,Curve12843,retained
7,Curve12844,retained
7,Curve12845,retained
7,Curve12846,retained
7,Curve12847,retained
7,Curve12848,retained
7,Curve12849,retained
7,Curve12850,retained
7,Curve12851,retained
7,Curve12852,retained
7,Curve12853,retained
7,Curve12854,retained
7,Curve12855,retained
7,Curve12856,retained
7,Curve12857,retained
7,Curve12858,retained
7,Curve12859,retained
7,Curve12860,retained
7,Curve12861,retained
7,Curve12862,retained
7,Curve12863,retained
7,Curve12864,retained
7,Curve12865,retained
7,Curve12866,retained
7,Curve12867,retained
7,Curve12868,retained
7,Curve12869,retained
7,Curve12870,retained
7,Curve12871,retained
7,Curve12872,retained
7,Curve12873,retained
7,Curve12874,retained
7,Curve12875,retained
7,Curve12876,retained
7,Curve12877,retained
7,Curve12878,retained
7,Curve12879,retained
7,Curve12880,retained
7,Curve12881,retained
7,Curve12882,retained
7,Curve12883,retained
7,Curve12884,retained
7,Curve12885,retained
7,Curve12886,retained
7,Curve12887,retained
7,Curve12888,retained
7,Curve12889,retained
7,Curve12890,retained
7,Curve12891,retained
7,Curve12892,retained
7,Curve12893,retained
7,Curve12894,retained
7,Curve12895,retained
7,Curve12896,retained
7,Curve12897,retained
7,Curve12898,retained
7,Curve12899,retained
7,Curve12900,retained
7,Curve12901,retained
7,Curve12902,retained
7,Curve12903,retained
7,Curve12904,retained
7,Curve12905,retained
7,Curve12906,retained
7,Curve12907,retained
7,Curve12908,retained
7,Curve12909,retained
7,Curve12910,retained
7,Curve12911,retained
7,Curve12912,retained
7,Curve12913,retained
7,Curve12914,retained
7,Curve12915,retained
7,Curve12916,retained
7,Curve12917,retained
7,Curve12918,retained
7,Curve12919,retained
7,Curve12920,retained
7,Curve12921,retained
7,Curve12922,retained
7,Curve12923,retained
7,Curve12924,retained
7,Curve12925,retained
7,Curve12926,retained
7,Curve12927,retained
7,Curve12928,retained
7,Curve12929,retained
7,Curve12930,retained
7,Curve12931,retained
7,Curve12932,retained
7,Curve12933,retained
7,Curve12934,retained
7,Curve12935,retained
7,Curve12936,retained
7,Curve12937,retained
7,Curve12938,retained
7,Curve12939,retained
7,Curve12940,retained
7,Curve12941,retained
7,Curve12942,retained
7,Curve12943,retained
7,Curve12944,retained
7,Curve12945,retained
7,Curve12946,retained
7,Curve12947,retained
7,Curve12948,retained
7,Curve12949,retained
7,Curve12950,retained
7,Curve12951,retained
7,Curve12952,retained
7,Curve12953,retained
7,Curve12954,retained
7,Curve12955,retained
7,Curve12956,retained
7,Curve12957,retained
7,Curve12958,retained
7,Curve12959,retained
7,Curve12960,retained
7,Curve12961,retained
7,Curve12962,retained
7,Curve12963,retained
7,Curve12964,retained
7,Curve12965,retained
7,Curve12966,retained
7,Curve12967,retained
7,Curve12968,retained
7,Curve12969,retained
7,Curve12970,retained
7,Curve12971,retained
7,Curve12972,retained
7,Curve12973,retained
7,Curve12974,retained
7,Curve12975,retained
7,Curve12976,retained
7,Curve12977,retained
7,Curve12978,retained
7,Curve12979,retained
7,Curve12980,retained
7,Curve12981,retained
7,Curve12982,retained
7,Curve12983,retained
7,Curve12984,retained
7,Curve12985,retained
7,Curve12986,retained
7,Curve12987,retained
7,Curve12988,retained
7,Curve12989,retained
7,Curve12990,retained
7,Curve12991,retained
7,Curve12992,retained
7,Curve12993,retained
7,Curve12994,retained
7,Curve12995,retained
7,Curve12996,retained
7,Curve12997,retained
7,Curve12998,retained
7,Curve12999,retained
7,Curve13000,retained
7,Curve13001,retained
7,Curve13002,retained
7,Curve13003,retained
7,Curve13004,retained
7,Curve13005,retained
7,Curve13006,retained
7,Curve13007,retained
7,Curve13008,retained
7,Curve13009,retained
7,Curve13010,retained
7,Curve13011,retained
7,Curve13012,retained
7,Curve13013,retained
7,Curve13014,retained
7,Curve13015,retained
7,Curve13016,retained
7,Curve13017,retained
7,Curve13018,retained
7,Curve13019,retained
7,Curve13020,retained
7,Curve13021,retained
7,Curve13022,retained
7,Curve13023,retained
7,Curve13024,retained
7,Curve13025,retained
7,Curve13026,retained
7,Curve13027,retained
7,Curve13028,retained
7,Curve13029,retained
7,Curve13030,retained
7,Curve13031,retained
7,Curve13032,retained
7,Curve13033,retained
7,Curve13034,retained
7,Curve13035,retained
7,Curve13036,retained
7,Curve13037,retained
7,Curve13038,retained
7,Curve13039,retained
7,Curve13040,retained
7,Curve13041,retained
7,Curve13042,retained
7,Curve13043,retained
7,Curve13044,retained
7,Curve13045,retained
7,Curve13046,retained
7,Curve13047,retained
7,Curve13048,retained
7,Curve13049,retained
7,Curve13050,retained
7,Curve13051,retained
7,Curve13052,retained
7,Curve13053,retained
7,Curve13054,retained
7,Curve13055,retained
7,Curve13056,retained
7,Curve13057,retained
7,Curve13058,retained
7,Curve13059,retained
7,Curve13060,retained
7,Curve13061,retained
7,Curve13062,retained
7,Curve13063,retained
7,Curve13064,retained
7,Curve13065,retained
7,Curve13066,retained
7,Curve13067,retained
7,Curve13068,retained
7,Curve13069,retained
7,Curve13070,retained
7,Curve13071,retained
7,Curve13072,retained
7,Curve13073,retained
7,Curve13074,retained
7,Curve13075,retained
7,Curve13076,retained
7,Curve13077,retained
7,Curve13078,retained
7,Curve13079,retained
7,Curve13080,retained
7,Curve13081,retained
7,Curve13082,retained
7,Curve13083,retained
7,Curve13084,retained
7,Curve13085,retained
7,Curve13086,retained
7,Curve13087,retained
7,Curve13088,retained
7,Curve13089,retained
7,Curve13090,retained
7,Curve13091,retained
7,Curve13092,retained
7,Curve13093,retained
7,Curve13094,retained
7,Curve13095,retained
7,Curve13096,retained
7,Curve13097,retained
7,Curve13098,retained
7,Curve13099,retained
7,Curve13100,retained
7,Curve13101,retained
7,Curve13102,retained
7,Curve13103,retained
7,Curve13104,retained
7,Curve13105,retained
7,Curve13106,retained
7,Curve13107,retained
7,Curve13108,retained
7,Curve13109,retained
7,Curve13110,retained
7,Curve13111,retained
7,Curve13112,retained
7,Curve13113,retained
7,Curve13114,retained
7,Curve13115,retained
7,Curve13116,retained
7,Curve13117,retained
7,Curve13118,retained
7,Curve13119,retained
7,Curve13120,retained
7,Curve13121,retained
7,Curve13122,retained
7,Curve13123,retained
7,Curve13124,retained
7,Curve13125,retained
7,Curve13126,retained
7,Curve13127,retained
7,Curve13128,retained
7,Curve13129,retained
7,Curve13130,retained
7,Curve13131,retained
7,Curve13132,retained
7,Curve13133,retained
7,Curve13134,retained
7,Curve13135,retained
7,Curve13136,retained
7,Curve13137,retained
7,Curve13138,retained
7,Curve13139,retained
7,Curve13140,retained
7,Curve13141,retained
7,Curve13142,retained
7,Curve13143,retained
7,Curve13144,retained
7,Curve13145,retained
7,Curve13146,retained
7,Curve13147,retained
7,Curve13148,retained
7,Curve13149,retained
7,Curve13150,retained
7,Curve13151,retained
7,Curve13152,retained
7,Curve13153,retained
7,Curve13154,retained
7,Curve13155,retained
7,Curve13156,retained
7,Curve13157,retained
7,Curve13158,retained
7,Curve13159,retained
7,Curve13160,retained
7,Curve13161,retained
7,Curve13162,retained
7,Curve13163,retained
7,Curve13164,retained
7,Curve13165,retained
7,Curve13166,retained
7,Curve13167,retained
7,Curve13168,retained
7,Curve13169,retained
7,Curve13170,retained
7,Curve13171,retained
7,Curve13172,retained
7,Curve13173,retained
7,Curve13174,retained
7,Curve13175,retained
7,Curve13176,retained
7,Curve13177,retained
7,Curve13178,retained
7,Curve13179,retained
7,Curve13180,retained
7,Curve13181,retained
7,Curve13182,retained
7,Curve13183,retained
7,Curve13184,retained
7,Curve13185,retained
7,Curve13186,retained
7,Curve13187,retained
7,Curve13188,retained
7,Curve13189,retained
7,Curve13190,retained
7,Curve13191,retained
7,Curve13192,retained
7,Curve13193,retained
7,Curve13194,retained
7,Curve13195,retained
7,Curve13196,retained
7,Curve13197,retained
7,Curve13198,retained
7,Curve13199,retained
7,Curve13200,retained
7,Curve13201,retained
7,Curve13202,retained
7,Curve13203,retained
7,Curve13204,retained
7,Curve13205,retained
7,Curve13206,retained
7,Curve13207,retained
7,Curve13208,retained
7,Curve13209,retained
7,Curve13210,retained
7,Curve13211,retained
7,Curve13212,retained
7,Curve13213,retained
7,Curve13214,retained
7,Curve13215,retained
7,Curve13216,retained
7,Curve13217,retained
7,Curve13218,retained
7,Curve13219,retained
7,Curve13220,retained
7,Curve13221,retained
7,Curve13222,retained
7,Curve13223,retained
7,Curve13224,retained
7,Curve13225,retained
7,Curve13226,retained
7,Curve13227,retained
7,Curve13228,retained
7,Curve13229,retained
7,Curve13230,retained
7,Curve13231,retained
7,Curve13232,retained
7,Curve13233,retained
7,Curve13234,retained
7,Curve13235,retained
7,Curve13236,retained
7,Curve13237,retained
7,Curve13238,retained
7,Curve13239,retained
7,Curve13240,retained
7,Curve13241,retained
7,Curve13242,retained
7,Curve13243,retained
7,Curve13244,retained
7,Curve13245,retained
7,Curve13246,retained
7,Curve13247,retained
7,Curve13248,retained
7,Curve13249,retained
7,Curve13250,retained
7,Curve13251,retained
7,Curve13252,retained
7,Curve13253,retained
7,Curve13254,retained
7,Curve13255,retained
7,Curve13256,retained
7,Curve13257,retained
7,Curve13258,retained
7,Curve13259,retained
7,Curve13260,retained
7,Curve13261,retained
7,Curve13262,retained
7,Curve13263,retained
7,Curve13264,retained
7,Curve13265,retained
7,Curve13266,retained
7,Curve13267,retained
7,Curve13268,retained
7,Curve13269,retained
7,Curve13270,retained
7,Curve13271,retained
7,Curve13272,retained
7,Curve13273,retained
7,Curve13274,retained
7,Curve13275,retained
7,Curve13276,retained
7,Curve13277,retained
7,Curve13278,retained
7,Curve13279,retained
7,Curve13280,retained
7,Curve13281,retained
7,Curve13282,retained
7,Curve13283,retained
7,Curve13284,retained
7,Curve13285,retained
7,Curve13286,retained
7,Curve13287,retained
7,Curve13288,retained
7,Curve13289,retained
7,Curve13290,retained
7,Curve13291,retained
7,Curve13292,retained
7,Curve13293,retained
7,Curve13294,retained
7,Curve13295,retained
7,Curve13296,retained
7,Curve13297,retained
7,Curve13298,retained
7,Curve13299,retained
7,Curve13300,retained
7,Curve13301,retained
7,Curve13302,retained
7,Curve13303,retained
7,Curve13304,retained
7,Curve13305,retained
7,Curve13306,retained
7,Curve13307,retained
7,Curve13308,retained
7,Curve13309,retained
7,Curve13310,retained
7,Curve13311,retained
7,Curve13312,retained
7,Curve13313,retained
7,Curve13314,retained
7,Curve13315,retained
7,Curve13316,retained
7,Curve13317,retained
7,Curve13318,retained
7,Curve13319,retained
7,Curve13320,retained
7,Curve13321,retained
7,Curve13322,retained
7,Curve13323,retained
7,Curve13324,retained
7,Curve13325,retained
7,Curve13326,retained
7,Curve13327,retained
7,Curve13328,retained
7,Curve13329,retained
7,Curve13330,retained
7,Curve13331,retained
7,Curve13332,retained
7,Curve13333,retained
7,Curve13334,retained
7,Curve13335,retained
7,Curve13336,retained
7,Curve13337,retained
7,Curve13338,retained
7,Curve13339,retained
7,Curve13340,retained
7,Curve13341,retained
7,Curve13342,retained
7,Curve13343,retained
7,Curve13344,retained
7,Curve13345,retained
7,Curve13346,retained
7,Curve13347,retained
7,Curve13348,retained
7,Curve13349,retained
7,Curve13350,retained
7,Curve13351,retained
7,Curve13352,retained
7,Curve13353,retained
7,Curve13354,retained
7,Curve13355,retained
7,Curve13356,retained
7,Curve13357,retained
7,Curve13358,retained
7,Curve13359,retained
7,Curve13360,retained
7,Curve13361,retained
7,Curve13362,retained
7,Curve13363,retained
7,Curve13364,retained
7,Curve13365,retained
7,Curve13366,retained
7,Curve13367,retained
7,Curve13368,retained
7,Curve13369,retained
7,Curve13370,retained
7,Curve13371,retained
7,Curve13372,retained
7,Curve13373,retained
7,Curve13374,retained
7,Curve13375,retained
7,Curve13376,retained
7,Curve13377,retained
7,Curve13378,retained
7,Curve13379,retained
7,Curve13380,retained
7,Curve13381,retained
7,Curve13382,retained
7,Curve13383,retained
7,Curve13384,retained
7,Curve13385,retained
7,Curve13386,retained
7,Curve13387,retained
7,Curve13388,retained
7,Curve13389,retained
7,Curve13390,retained
7,Curve13391,retained
7,Curve13392,retained
7,Curve13393,retained
7,Curve13394,retained
7,Curve13395,retained
7,Curve13396,retained
7,Curve13397,retained
7,Curve13398,retained
7,Curve13399,retained
7,Curve13400,retained
7,Curve13401,retained
7,Curve13402,retained
7,Curve13403,retained
7,Curve13404,retained
7,Curve13405,retained
7,Curve13406,retained
7,Curve13407,retained
7,Curve13408,retained
7,Curve13409,retained
7,Curve13410,retained
7,Curve13411,retained
7,Curve13412,retained
7,Curve13413,retained
7,Curve13414,retained
7,Curve13415,retained
7,Curve13416,retained
7,Curve13417,retained
7,Curve13418,retained
7,Curve13419,retained
7,Curve13420,retained
7,Curve13421,retained
7,Curve13422,retained
7,Curve13423,retained
7,Curve13424,retained
7,Curve13425,retained
7,Curve13426,retained
7,Curve13427,retained
7,Curve13428,retained
7,Curve13429,retained
7,Curve13430,retained
7,Curve13431,retained
7,Curve13432,retained
7,Curve13433,retained
7,Curve13434,retained
7,Curve13435,retained
7,Curve13436,retained
7,Curve13437,retained
7,Curve13438,retained
7,Curve13439,retained
7,Curve13440,retained
7,Curve13441,retained
7,Curve13442,retained
7,Curve13443,retained
7,Curve13444,retained
7,Curve13445,retained
7,Curve13446,retained
7,Curve13447,retained
7,Curve13448,retained
7,Curve13449,retained
7,Curve13450,retained
7,Curve13451,retained
7,Curve13452,retained
7,Curve13453,retained
7,Curve13454,retained
7,Curve13455,retained
7,Curve13456,retained
7,Curve13457,retained
7,Curve13458,retained
7,Curve13459,retained
7,Curve13460,retained
7,Curve13461,retained
7,Curve13462,retained
7,Curve13463,retained
7,Curve13464,retained
7,Curve13465,retained
7,Curve13466,retained
7,Curve13467,retained
7,Curve13468,retained
7,Curve13469,retained
7,Curve13470,retained
7,Curve13471,retained
7,Curve13472,retained
7,Curve13473,retained
7,Curve13474,retained
7,Curve13475,retained
7,Curve13476,retained
7,Curve13477,retained
7,Curve13478,retained
7,Curve13479,retained
7,Curve13480,retained
7,Curve13481,retained
7,Curve13482,retained
7,Curve13483,retained
7,Curve13484,retained
7,Curve13485,retained
7,Curve13486,retained
7,Curve13487,retained
7,Curve13488,retained
7,Curve13489,retained
7,Curve13490,retained
7,Curve13491,retained
7,Curve13492,retained
7,Curve13493,retained
7,Curve13494,retained
7,Curve13495,retained
7,Curve13496,retained
7,Curve13497,retained
7,Curve13498,retained
7,Curve13499,retained
7,Curve13500,retained
7,Curve13501,retained
7,Curve13502,retained
7,Curve13503,retained
7,Curve13504,retained
7,Curve13505,retained
7,Curve13506,retained
7,Curve13507,retained
7,Curve13508,retained
7,Curve13509,retained
7,Curve13510,retained
7,Curve13511,retained
7,Curve13512,retained
7,Curve13513,retained
7,Curve13514,retained
7,Curve13515,retained
7,Curve13516,retained
7,Curve13517,retained
7,Curve13518,retained
7,Curve13519,retained
7,Curve13520,retained
7,Curve13521,retained
7,Curve13522,retained
7,Curve13523,retained
7,Curve13524,retained
7,Curve13525,retained
7,Curve13526,retained
7,Curve13527,retained
7,Curve13528,retained
7,Curve13529,retained
7,Curve13530,retained
7,Curve13531,retained
7,Curve13532,retained
7,Curve13533,retained
7,Curve13534,retained
7,Curve13535,retained
7,Curve13536,retained
7,Curve13537,retained
7,Curve13538,retained
7,Curve13539,retained
7,Curve13540,retained
7,Curve13541,retained
7,Curve13542,retained
7,Curve13543,retained
7,Curve13544,retained
7,Curve13545,retained
7,Curve13546,retained
7,Curve13547,retained
7,Curve13548,retained
7,Curve13549,retained
7,Curve13550,retained
7,Curve13551,retained
7,Curve13552,retained
7,Curve13553,retained
7,Curve13554,retained
7,Curve13555,retained
7,Curve13556,retained
7,Curve13557,retained
7,Curve13558,retained
7,Curve13559,retained
7,Curve13560,retained
7,Curve13561,retained
7,Curve13562,retained
7,Curve13563,retained
7,Curve13564,retained
7,Curve13565,retained
7,Curve13566,retained
7,Curve13567,retained
7,Curve13568,retained
7,Curve13569,retained
7,Curve13570,retained
7,Curve13571,retained
7,Curve13572,retained
7,Curve13573,retained
7,Curve13574,retained
7,Curve13575,retained
7,Curve13576,retained
7,Curve13577,retained
7,Curve13578,retained
7,Curve13579,retained
7,Curve13580,retained
7,Curve13581,retained
7,Curve13582,retained
7,Curve13583,retained
7,Curve13584,retained
7,Curve13585,retained
7,Curve13586,retained
7,Curve13587,retained
7,Curve13588,retained
7,Curve13589,retained
7,Curve13590,retained
7,Curve13591,retained
7,Curve13592,retained
7,Curve13593,retained
7,Curve13594,retained
7,Curve13595,retained
7,Curve13596,retained
7,Curve13597,retained
7,Curve13598,retained
7,Curve13599,retained
7,Curve13600,retained
7,Curve13601,retained
7,Curve13602,retained
7,Curve13603,retained
7,Curve13604,retained
7,Curve13605,retained
7,Curve13606,retained
7,Curve13607,retained
7,Curve13608,retained
