ConditionID,"(NH4)2SO4
(mM)","Alanine
(mM)","AminobenzoicAcid
(mM)","Arginine/HCl
(mM)","Asparagine/H2O
(mM)","AsparticAcid
(mM)","CaCl2/2H2O
(mM)","CaSO4/2H2O
(mM)","CuSO4/5H2O
(mM)","Cystine/HCl/H2O
(mM)","FeSO4/7H2O
(mM)","FolicAcid
(mM)","Glucose
(mM)","GlutamicAcid/HCl
(mM)","Glutamine
(mM)","Glycine
(mM)","H3BO3
(mM)","Histidine/HCl/H2O
(mM)","Isoleucine
(mM)","K2HPO4
(mM)","KCl
(mM)","KH2PO4
(mM)",K_ref,"Leucine
(mM)","Lysine/HCl
(mM)","Methionine
(mM)","MgCl2/6H2O
(mM)","MgSO4/7H2O
(mM)","NH4Cl
(mM)",N_max,"Na2HPO4
(mM)","Na2MoO4/2H2O
(mM)","Na2S2O3/5H2O
(mM)","Na3C6H5O7/2H2O
(mM)","NaCl
(mM)","Phenylalanine
(mM)","Proline
(mM)","Pyridoxine
(mM)","Riboflavin
(mM)","Serine
(mM)","Thiamine/HCl
(mM)","Threonine
(mM)","Tryptophan
(mM)","Tyrosine
(mM)","Valine
(mM)","ZuSO4/7H2O
(mM)",exit_lag_rate,gr,r_ref,shape
Cond00001,1.0,0.02,0.001,0.02,0.02,0.02,0.01,0.005,1.0e-5,0.02,0.0005,5.0e-5,2.0,0.02,0.02,0.02,0.008,0.02,0.02,0.0615,0.2,22.0,0.0,0.02,0.02,0.02,0.1,0.1,1.0,0.781001515790743,42.3,0.001,0.5,0.02,0.1,0.02,0.02,0.002,0.0005,0.02,0.001,0.02,0.02,0.01,0.02,0.0001,11.496713522943688,3.1653415141055294,0.0,7.565158214806863
Cond00002,1.0,0.02,0.001,0.02,0.02,0.02,0.01,0.005,1.0e-5,0.02,0.0005,5.0e-5,2.0,0.02,0.02,0.02,0.008,0.02,0.02,30.75,0.2,22.0,0.24623888888888879,0.02,0.02,0.02,0.1,0.1,1.0,0.3196162132076818,42.3,0.001,0.5,0.02,0.1,0.02,0.02,0.002,0.0005,0.02,0.001,0.02,0.02,0.01,0.02,0.0001,0.5866933419061076,0.2013866705733237,1.3519570079853522,4.080162295656581
Cond00003,1.0,0.02,0.001,0.02,0.02,0.02,0.01,0.005,1.0e-5,0.02,0.0005,5.0e-5,2.0,0.02,0.02,0.02,0.008,0.02,0.02,61.5,0.2,22.0,0.26210936329588014,0.02,0.02,0.02,0.1,0.1,1.0,0.33873459465851125,42.3,0.001,0.5,0.02,0.1,0.02,0.02,0.002,0.0005,0.02,0.001,0.02,0.02,0.01,0.02,0.0001,0.30072789437651076,0.2575696739855803,1.2137630436057332,2.990012156713998
Cond00004,1.0,0.02,0.001,0.02,0.02,0.02,0.01,0.005,1.0e-5,0.02,0.0005,5.0e-5,2.0,0.02,0.02,0.02,0.008,0.02,0.02,92.25,0.2,22.0,0.27848888888888895,0.02,0.02,0.02,0.1,0.1,1.0,0.34917278103074095,42.3,0.001,0.5,0.02,0.1,0.02,0.02,0.002,0.0005,0.02,0.001,0.02,0.02,0.01,0.02,0.0001,0.2822751541891728,0.24190350034409017,1.3166414475622241,3.1489595127441987
Cond00005,1.0,0.02,0.001,0.02,0.02,0.02,0.01,0.005,1.0e-5,0.02,0.0005,5.0e-5,2.0,0.02,0.02,0.02,0.008,0.02,0.02,123.0,0.2,22.0,0.2692666666666667,0.02,0.02,0.02,0.1,0.1,1.0,0.3364004145344724,42.3,0.001,0.5,0.02,0.1,0.02,0.02,0.002,0.0005,0.02,0.001,0.02,0.02,0.01,0.02,0.0001,0.1922207814622887,0.26206717022197434,1.2061391219853523,3.019412575279308
Cond00006,1.0,0.02,0.001,0.02,0.02,0.02,0.01,0.005,1.0e-5,0.02,0.0005,5.0e-5,2.0,0.02,0.02,0.02,0.008,0.02,0.02,61.5,0.2,0.0385,0.2630999999999999,0.02,0.02,0.02,0.1,0.1,1.0,0.33659536819925867,42.3,0.001,0.5,0.02,0.1,0.02,0.02,0.002,0.0005,0.02,0.001,0.02,0.02,0.01,0.02,0.0001,0.21322728407876937,0.26483193472675604,1.2096604045494943,3.0176214463413555
Cond00007,1.0,0.02,0.001,0.02,0.02,0.02,0.01,0.005,1.0e-5,0.02,0.0005,5.0e-5,2.0,0.02,0.02,0.02,0.008,0.02,0.02,61.5,0.2,11.0,0.26664571759259276,0.02,0.02,0.02,0.1,0.1,1.0,0.3375952852712406,42.3,0.001,0.5,0.02,0.1,0.02,0.02,0.002,0.0005,0.02,0.001,0.02,0.02,0.01,0.02,0.0001,0.19842916202643618,0.30371389713052477,1.1875809741216459,2.6652103865903727
Cond00008,1.0,0.02,0.001,0.02,0.02,0.02,0.01,0.005,1.0e-5,0.02,0.0005,5.0e-5,2.0,0.02,0.02,0.02,0.008,0.02,0.02,61.5,0.2,38.5,0.2647296296296294,0.02,0.02,0.02,0.1,0.1,1.0,0.34126511659571324,42.3,0.001,0.5,0.02,0.1,0.02,0.02,0.002,0.0005,0.02,0.001,0.02,0.02,0.01,0.02,0.0001,0.3744332215855251,0.2349002300824938,1.2630026046802716,3.382827015825199
Cond00009,1.0,0.02,0.001,0.02,0.02,0.02,0.01,0.005,1.0e-5,0.02,0.0005,5.0e-5,2.0,0.02,0.02,0.02,0.008,0.02,0.02,61.5,0.2,77.0,0.2668037037037047,0.02,0.02,0.02,0.1,0.1,1.0,0.34237372678998634,42.3,0.001,0.5,0.02,0.1,0.02,0.02,0.002,0.0005,0.02,0.001,0.02,0.02,0.01,0.02,0.0001,0.2070605153070009,0.27046740101037114,1.3025191496454638,2.8627263797530382
Cond00010,1.0,0.02,0.001,0.02,0.02,0.02,0.01,0.005,1.0e-5,0.02,0.0005,5.0e-5,2.0,0.02,0.02,0.02,0.008,0.02,0.02,61.5,0.2,22.0,0.25026666666666675,0.02,0.02,0.02,0.1,0.1,1.0,0.32335602002686786,0.0,0.001,0.5,0.02,0.1,0.02,0.02,0.002,0.0005,0.02,0.001,0.02,0.02,0.01,0.02,0.0001,0.252499950997236,0.24812349436423548,1.1614140076661732,3.264188452526207
Cond00011,1.0,0.02,0.001,0.02,0.02,0.02,0.01,0.005,1.0e-5,0.02,0.0005,5.0e-5,2.0,0.02,0.02,0.02,0.008,0.02,0.02,61.5,0.2,22.0,0.26237777777777765,0.02,0.02,0.02,0.1,0.1,1.0,0.3330072002124079,21.15,0.001,0.5,0.02,0.1,0.02,0.02,0.002,0.0005,0.02,0.001,0.02,0.02,0.01,0.02,0.0001,0.8103505236910659,0.21054821197590398,1.2912178868397273,4.257691930806731
Cond00012,1.0,0.02,0.001,0.02,0.02,0.02,0.01,0.005,1.0e-5,0.02,0.0005,5.0e-5,2.0,0.02,0.02,0.02,0.008,0.02,0.02,61.5,0.2,22.0,0.2565722222222222,0.02,0.02,0.02,0.1,0.1,1.0,0.3319630875193693,63.45,0.001,0.5,0.02,0.1,0.02,0.02,0.002,0.0005,0.02,0.001,0.02,0.02,0.01,0.02,0.0001,0.7255737450622883,0.2038556336239763,1.1903843760739932,4.152817353517909
Cond00013,1.0,0.02,0.001,0.02,0.02,0.02,0.01,0.005,1.0e-5,0.02,0.0005,5.0e-5,2.0,0.02,0.02,0.02,0.008,0.02,0.02,61.5,0.2,22.0,0.25798888888888877,0.02,0.02,0.02,0.1,0.1,1.0,0.3358116177280166,84.6,0.001,0.5,0.02,0.1,0.02,0.02,0.002,0.0005,0.02,0.001,0.02,0.02,0.01,0.02,0.0001,0.6258086259717368,0.2073433555388731,1.1706473815506417,3.7845891260413245
Cond00014,1.0,0.02,0.001,0.02,0.02,0.02,0.01,0.005,1.0e-5,0.02,0.0005,5.0e-5,0.02,0.02,0.02,0.02,0.008,0.02,0.02,61.5,0.2,22.0,0.08485000000000005,0.02,0.02,0.02,0.1,0.1,1.0,0.16417353692374898,42.3,0.001,0.5,0.02,0.1,0.02,0.02,0.002,0.0005,0.02,0.001,0.02,0.02,0.01,0.02,0.0001,0.13026303360468475,0.13985284459152872,0.9368706777271879,7.539332828223217
Cond00015,1.0,0.02,0.001,0.02,0.02,0.02,0.01,0.005,1.0e-5,0.02,0.0005,5.0e-5,0.22,0.02,0.02,0.02,0.008,0.02,0.02,61.5,0.2,22.0,0.10179444444444447,0.02,0.02,0.02,0.1,0.1,1.0,0.18123145843113886,42.3,0.001,0.5,0.02,0.1,0.02,0.02,0.002,0.0005,0.02,0.001,0.02,0.02,0.01,0.02,0.0001,1.055141596280918,0.10897351202577582,1.2685710898973055,8.128046174211953
Cond00016,1.0,0.02,0.001,0.02,0.02,0.02,0.01,0.005,1.0e-5,0.02,0.0005,5.0e-5,20.0,0.02,0.02,0.02,0.008,0.02,0.02,61.5,0.2,22.0,0.4056555555555557,0.02,0.02,0.02,0.1,0.1,1.0,0.46321098928945204,42.3,0.001,0.5,0.02,0.1,0.02,0.02,0.002,0.0005,0.02,0.001,0.02,0.02,0.01,0.02,0.0001,0.4667320021102749,0.33994067105828196,1.057236035298412,1.3868105654172385
Cond00017,1.0,0.02,0.001,0.02,0.02,0.02,0.01,0.005,1.0e-5,0.02,0.0005,5.0e-5,200.0,0.02,0.02,0.02,0.008,0.02,0.02,61.5,0.2,22.0,0.394711111111111,0.02,0.02,0.02,0.1,0.1,1.0,0.4657095366014176,42.3,0.001,0.5,0.02,0.1,0.02,0.02,0.002,0.0005,0.02,0.001,0.02,0.02,0.01,0.02,0.0001,0.2610691937658849,0.3735158119844916,0.9449825600733021,1.4305558810581713
Cond00018,0.015,0.02,0.001,0.02,0.02,0.02,0.01,0.005,1.0e-5,0.02,0.0005,5.0e-5,2.0,0.02,0.02,0.02,0.008,0.02,0.02,61.5,0.2,22.0,0.19660000000000008,0.02,0.02,0.02,0.1,0.1,1.0,0.2685226169371947,42.3,0.001,0.5,0.02,0.1,0.02,0.02,0.002,0.0005,0.02,0.001,0.02,0.02,0.01,0.02,0.0001,0.25259317697022277,0.25248536221330165,1.1675340989555794,2.398805456030555
Cond00019,0.115,0.02,0.001,0.02,0.02,0.02,0.01,0.005,1.0e-5,0.02,0.0005,5.0e-5,2.0,0.02,0.02,0.02,0.008,0.02,0.02,61.5,0.2,22.0,0.2267111111111111,0.02,0.02,0.02,0.1,0.1,1.0,0.3011053880454593,42.3,0.001,0.5,0.02,0.1,0.02,0.02,0.002,0.0005,0.02,0.001,0.02,0.02,0.01,0.02,0.0001,0.24877562805978157,0.24647731572788428,1.2145375789854487,3.0142388991332916
Cond00020,10.0,0.02,0.001,0.02,0.02,0.02,0.01,0.005,1.0e-5,0.02,0.0005,5.0e-5,2.0,0.02,0.02,0.02,0.008,0.02,0.02,61.5,0.2,22.0,0.2538777777777778,0.02,0.02,0.02,0.1,0.1,1.0,0.3275063203809395,42.3,0.001,0.5,0.02,0.1,0.02,0.02,0.002,0.0005,0.02,0.001,0.02,0.02,0.01,0.02,0.0001,0.3473441471827654,0.23326252684949317,1.1549410551661108,3.5535542769472794
Cond00021,100.0,0.02,0.001,0.02,0.02,0.02,0.01,0.005,1.0e-5,0.02,0.0005,5.0e-5,2.0,0.02,0.02,0.02,0.008,0.02,0.02,61.5,0.2,22.0,0.23493333333333336,0.02,0.02,0.02,0.1,0.1,1.0,0.31048739656045105,42.3,0.001,0.5,0.02,0.1,0.02,0.02,0.002,0.0005,0.02,0.001,0.02,0.02,0.01,0.02,0.0001,0.16319669776844567,0.26379864205974785,1.0495288888171614,2.9739243510229887
Cond00022,1.0,0.02,0.001,0.02,0.02,0.02,0.01,0.005,1.0e-5,0.02,0.0005,5.0e-5,2.0,0.02,0.02,0.02,0.008,0.02,0.02,61.5,0.2,22.0,0.2472388888888887,0.02,0.02,0.02,0.1,0.1,0.0,0.31793998578321475,42.3,0.001,0.5,0.02,0.1,0.02,0.02,0.002,0.0005,0.02,0.001,0.02,0.02,0.01,0.02,0.0001,0.2347248841785016,0.2549869447830424,1.2200967913410432,3.1694107519908203
Cond00023,1.0,0.02,0.001,0.02,0.02,0.02,0.01,0.005,1.0e-5,0.02,0.0005,5.0e-5,2.0,0.02,0.02,0.02,0.008,0.02,0.02,61.5,0.2,22.0,0.26082222222222223,0.02,0.02,0.02,0.1,0.1,0.1,0.330076049926392,42.3,0.001,0.5,0.02,0.1,0.02,0.02,0.002,0.0005,0.02,0.001,0.02,0.02,0.01,0.02,0.0001,0.24095084727384894,0.2938838257439358,1.2460494523366812,2.9733997443841442
Cond00024,1.0,0.02,0.001,0.02,0.02,0.02,0.01,0.005,1.0e-5,0.02,0.0005,5.0e-5,2.0,0.02,0.02,0.02,0.008,0.02,0.02,61.5,0.2,22.0,0.26693333333333336,0.02,0.02,0.02,0.1,0.1,10.0,0.3395624884818043,42.3,0.001,0.5,0.02,0.1,0.02,0.02,0.002,0.0005,0.02,0.001,0.02,0.02,0.01,0.02,0.0001,0.32194818531568553,0.2453251282271296,1.1634775365353542,3.3247118935062137
Cond00025,1.0,0.02,0.001,0.02,0.02,0.02,0.01,0.005,1.0e-5,0.02,0.0005,5.0e-5,2.0,0.02,0.02,0.02,0.008,0.02,0.02,61.5,0.2,22.0,0.2658222222222222,0.02,0.02,0.02,0.1,0.1,100.0,0.34667425276045927,42.3,0.001,0.5,0.02,0.1,0.02,0.02,0.002,0.0005,0.02,0.001,0.02,0.02,0.01,0.02,0.0001,0.22578976808802645,0.2695101191735339,1.1967490646428685,2.466182255581112
Cond00026,1.0,0.0,0.001,0.02,0.02,0.02,0.01,0.005,1.0e-5,0.02,0.0005,5.0e-5,2.0,0.02,0.02,0.02,0.008,0.02,0.02,61.5,0.2,22.0,0.30010000000000003,0.02,0.02,0.02,0.1,0.1,1.0,0.36634089444098134,42.3,0.001,0.5,0.02,0.1,0.02,0.02,0.002,0.0005,0.02,0.001,0.02,0.02,0.01,0.02,0.0001,0.274319232083751,0.32146888325406,1.234751859795191,2.552675120687204
Cond00027,1.0,0.002,0.001,0.02,0.02,0.02,0.01,0.005,1.0e-5,0.02,0.0005,5.0e-5,2.0,0.02,0.02,0.02,0.008,0.02,0.02,61.5,0.2,22.0,0.26760000000000006,0.02,0.02,0.02,0.1,0.1,1.0,0.3394324970282664,42.3,0.001,0.5,0.02,0.1,0.02,0.02,0.002,0.0005,0.02,0.001,0.02,0.02,0.01,0.02,0.0001,0.3563941430836505,0.22049591530775295,1.325283975597982,3.777770778693555
Cond00028,1.0,0.2,0.001,0.02,0.02,0.02,0.01,0.005,1.0e-5,0.02,0.0005,5.0e-5,2.0,0.02,0.02,0.02,0.008,0.02,0.02,61.5,0.2,22.0,0.2671555555555556,0.02,0.02,0.02,0.1,0.1,1.0,0.34200770710103734,42.3,0.001,0.5,0.02,0.1,0.02,0.02,0.002,0.0005,0.02,0.001,0.02,0.02,0.01,0.02,0.0001,0.38510481675495006,0.21822621799974232,1.227574259062885,3.589070233927035
Cond00029,1.0,2.0,0.001,0.02,0.02,0.02,0.01,0.005,1.0e-5,0.02,0.0005,5.0e-5,2.0,0.02,0.02,0.02,0.008,0.02,0.02,61.5,0.2,22.0,0.3215722222222221,0.02,0.02,0.02,0.1,0.1,1.0,0.3980627325484868,42.3,0.001,0.5,0.02,0.1,0.02,0.02,0.002,0.0005,0.02,0.001,0.02,0.02,0.01,0.02,0.0001,0.24543885328260698,0.31285367158073407,1.200153305115406,2.2488024422449064
Cond00030,1.0,0.02,0.001,0.0,0.02,0.02,0.01,0.005,1.0e-5,0.02,0.0005,5.0e-5,2.0,0.02,0.02,0.02,0.008,0.02,0.02,61.5,0.2,22.0,0.26471111111111123,0.02,0.02,0.02,0.1,0.1,1.0,0.34185089997681184,42.3,0.001,0.5,0.02,0.1,0.02,0.02,0.002,0.0005,0.02,0.001,0.02,0.02,0.01,0.02,0.0001,0.2861858873558369,0.26999751234174224,1.1570889704585472,3.0102491480085343
Cond00031,1.0,0.02,0.001,0.002,0.02,0.02,0.01,0.005,1.0e-5,0.02,0.0005,5.0e-5,2.0,0.02,0.02,0.02,0.008,0.02,0.02,61.5,0.2,22.0,0.25379444444444454,0.02,0.02,0.02,0.1,0.1,1.0,0.3278116170748422,42.3,0.001,0.5,0.02,0.1,0.02,0.02,0.002,0.0005,0.02,0.001,0.02,0.02,0.01,0.02,0.0001,0.2722845912749682,0.2414041451748576,1.1099073453387658,3.340859395304572
Cond00032,1.0,0.02,0.001,0.2,0.02,0.02,0.01,0.005,1.0e-5,0.02,0.0005,5.0e-5,2.0,0.02,0.02,0.02,0.008,0.02,0.02,61.5,0.2,22.0,0.271461111111111,0.02,0.02,0.02,0.1,0.1,1.0,0.3490292717668738,42.3,0.001,0.5,0.02,0.1,0.02,0.02,0.002,0.0005,0.02,0.001,0.02,0.02,0.01,0.02,0.0001,0.24936046624688268,0.27961971745519504,1.1522419429229012,2.6777854684457187
Cond00033,1.0,0.02,0.001,2.0,0.02,0.02,0.01,0.005,1.0e-5,0.02,0.0005,5.0e-5,2.0,0.02,0.02,0.02,0.008,0.02,0.02,61.5,0.2,22.0,0.2804055555555556,0.02,0.02,0.02,0.1,0.1,1.0,0.3616394350581017,42.3,0.001,0.5,0.02,0.1,0.02,0.02,0.002,0.0005,0.02,0.001,0.02,0.02,0.01,0.02,0.0001,0.29745369217350764,0.2806111796851029,1.1473662044357391,2.5862667627975973
Cond00034,1.0,0.02,0.001,0.02,0.0,0.02,0.01,0.005,1.0e-5,0.02,0.0005,5.0e-5,2.0,0.02,0.02,0.02,0.008,0.02,0.02,61.5,0.2,22.0,0.2526555555555556,0.02,0.02,0.02,0.1,0.1,1.0,0.33396103395138527,42.3,0.001,0.5,0.02,0.1,0.02,0.02,0.002,0.0005,0.02,0.001,0.02,0.02,0.01,0.02,0.0001,0.21648417367637818,0.268930384560971,1.0722597714962454,2.644538466815299
Cond00035,1.0,0.02,0.001,0.02,0.002,0.02,0.01,0.005,1.0e-5,0.02,0.0005,5.0e-5,2.0,0.02,0.02,0.02,0.008,0.02,0.02,61.5,0.2,22.0,0.2501,0.02,0.02,0.02,0.1,0.1,1.0,0.33273968731888165,42.3,0.001,0.5,0.02,0.1,0.02,0.02,0.002,0.0005,0.02,0.001,0.02,0.02,0.01,0.02,0.0001,0.23697482823580185,0.26081741898692523,1.1708620987735023,2.7235264527299194
Cond00036,1.0,0.02,0.001,0.02,0.2,0.02,0.01,0.005,1.0e-5,0.02,0.0005,5.0e-5,2.0,0.02,0.02,0.02,0.008,0.02,0.02,61.5,0.2,22.0,0.2739888888888889,0.02,0.02,0.02,0.1,0.1,1.0,0.35584884417417734,42.3,0.001,0.5,0.02,0.1,0.02,0.02,0.002,0.0005,0.02,0.001,0.02,0.02,0.01,0.02,0.0001,0.21343500957637607,0.30421198961429413,1.128688909582584,2.311542638357052
Cond00037,1.0,0.02,0.001,0.02,2.0,0.02,0.01,0.005,1.0e-5,0.02,0.0005,5.0e-5,2.0,0.02,0.02,0.02,0.008,0.02,0.02,61.5,0.2,22.0,0.27362777777777797,0.02,0.02,0.02,0.1,0.1,1.0,0.35627828858413063,42.3,0.001,0.5,0.02,0.1,0.02,0.02,0.002,0.0005,0.02,0.001,0.02,0.02,0.01,0.02,0.0001,0.2174133122722833,0.29754576400387434,1.1191333696230472,2.3157233484763644
Cond00038,1.0,0.02,0.001,0.02,0.02,0.0,0.01,0.005,1.0e-5,0.02,0.0005,5.0e-5,2.0,0.02,0.02,0.02,0.008,0.02,0.02,61.5,0.2,22.0,0.2562111111111112,0.02,0.02,0.02,0.1,0.1,1.0,0.3127016839344078,42.3,0.001,0.5,0.02,0.1,0.02,0.02,0.002,0.0005,0.02,0.001,0.02,0.02,0.01,0.02,0.0001,0.05548565716407618,0.29663863472950136,1.0616929131091783,5.28519591888223
Cond00039,1.0,0.02,0.001,0.02,0.02,0.002,0.01,0.005,1.0e-5,0.02,0.0005,5.0e-5,2.0,0.02,0.02,0.02,0.008,0.02,0.02,61.5,0.2,22.0,0.2638777777777779,0.02,0.02,0.02,0.1,0.1,1.0,0.328444006843698,42.3,0.001,0.5,0.02,0.1,0.02,0.02,0.002,0.0005,0.02,0.001,0.02,0.02,0.01,0.02,0.0001,0.07617176673957664,0.31711460378639994,1.0134549033838711,4.570237540274242
Cond00040,1.0,0.02,0.001,0.02,0.02,0.2,0.01,0.005,1.0e-5,0.02,0.0005,5.0e-5,2.0,0.02,0.02,0.02,0.008,0.02,0.02,61.5,0.2,22.0,0.2719888888888887,0.02,0.02,0.02,0.1,0.1,1.0,0.3502108616914281,42.3,0.001,0.5,0.02,0.1,0.02,0.02,0.002,0.0005,0.02,0.001,0.02,0.02,0.01,0.02,0.0001,0.5630118790535108,0.2191042645138594,1.3165801281966416,3.4065934501147614
Cond00041,1.0,0.02,0.001,0.02,0.02,2.0,0.01,0.005,1.0e-5,0.02,0.0005,5.0e-5,2.0,0.02,0.02,0.02,0.008,0.02,0.02,61.5,0.2,22.0,0.3536277777777779,0.02,0.02,0.02,0.1,0.1,1.0,0.43063626561059765,42.3,0.001,0.5,0.02,0.1,0.02,0.02,0.002,0.0005,0.02,0.001,0.02,0.02,0.01,0.02,0.0001,0.5430665863664786,0.2508671894561771,1.2389054531956745,2.87283650490617
Cond00042,1.0,0.02,0.001,0.02,0.02,0.02,0.01,0.005,1.0e-5,0.0,0.0005,5.0e-5,2.0,0.02,0.02,0.02,0.008,0.02,0.02,61.5,0.2,22.0,0.2427944444444445,0.02,0.02,0.02,0.1,0.1,1.0,0.3193213887391491,42.3,0.001,0.5,0.02,0.1,0.02,0.02,0.002,0.0005,0.02,0.001,0.02,0.02,0.01,0.02,0.0001,0.29928413398646236,0.22639557318534662,1.182721689789797,3.5285759005878092
Cond00043,1.0,0.02,0.001,0.02,0.02,0.02,0.01,0.005,1.0e-5,0.002,0.0005,5.0e-5,2.0,0.02,0.02,0.02,0.008,0.02,0.02,61.5,0.2,22.0,0.24698888888888865,0.02,0.02,0.02,0.1,0.1,1.0,0.3216031090779876,42.3,0.001,0.5,0.02,0.1,0.02,0.02,0.002,0.0005,0.02,0.001,0.02,0.02,0.01,0.02,0.0001,0.2607231091415991,0.2459076211262623,1.2784763219563844,3.258490481568554
Cond00044,1.0,0.02,0.001,0.02,0.02,0.02,0.01,0.005,1.0e-5,0.2,0.0005,5.0e-5,2.0,0.02,0.02,0.02,0.008,0.02,0.02,61.5,0.2,22.0,0.24029444444444437,0.02,0.02,0.02,0.1,0.1,1.0,0.3199065164312698,42.3,0.001,0.5,0.02,0.1,0.02,0.02,0.002,0.0005,0.02,0.001,0.02,0.02,0.01,0.02,0.0001,0.21334486504497846,0.20394902216905786,1.119823860020934,3.083125417459394
Cond00045,1.0,0.02,0.001,0.02,0.02,0.02,0.01,0.005,1.0e-5,2.0,0.0005,5.0e-5,2.0,0.02,0.02,0.02,0.008,0.02,0.02,61.5,0.2,22.0,0.2547666666666668,0.02,0.02,0.02,0.1,0.1,1.0,0.31938889231494794,42.3,0.001,0.5,0.02,0.1,0.02,0.02,0.002,0.0005,0.02,0.001,0.02,0.02,0.01,0.02,0.0001,0.06591206788746107,0.23051454169345517,0.8653750515984776,3.942714664484024
Cond00046,1.0,0.02,0.001,0.02,0.02,0.02,0.01,0.005,1.0e-5,0.02,0.0005,5.0e-5,2.0,0.0,0.02,0.02,0.008,0.02,0.02,61.5,0.2,22.0,0.2552388888888886,0.02,0.02,0.02,0.1,0.1,1.0,0.3301904041667607,42.3,0.001,0.5,0.02,0.1,0.02,0.02,0.002,0.0005,0.02,0.001,0.02,0.02,0.01,0.02,0.0001,0.4143610842446242,0.22410553579245537,1.2971328538769809,3.606756972748016
Cond00047,1.0,0.02,0.001,0.02,0.02,0.02,0.01,0.005,1.0e-5,0.02,0.0005,5.0e-5,2.0,0.002,0.02,0.02,0.008,0.02,0.02,61.5,0.2,22.0,0.2658500000000002,0.02,0.02,0.02,0.1,0.1,1.0,0.3467520619985564,42.3,0.001,0.5,0.02,0.1,0.02,0.02,0.002,0.0005,0.02,0.001,0.02,0.02,0.01,0.02,0.0001,0.48964953318084437,0.2462847442583041,1.2299328798075484,3.0957361307045894
Cond00048,1.0,0.02,0.001,0.02,0.02,0.02,0.01,0.005,1.0e-5,0.02,0.0005,5.0e-5,2.0,0.2,0.02,0.02,0.008,0.02,0.02,61.5,0.2,22.0,0.27362777777777786,0.02,0.02,0.02,0.1,0.1,1.0,0.336619389058702,42.3,0.001,0.5,0.02,0.1,0.02,0.02,0.002,0.0005,0.02,0.001,0.02,0.02,0.01,0.02,0.0001,0.10964031583157188,0.29671082374339774,1.0650883071644885,2.671623532643656
Cond00049,1.0,0.02,0.001,0.02,0.02,0.02,0.01,0.005,1.0e-5,0.02,0.0005,5.0e-5,2.0,2.0,0.02,0.02,0.008,0.02,0.02,61.5,0.2,22.0,0.2985722222222222,0.02,0.02,0.02,0.1,0.1,1.0,0.3715106544472744,42.3,0.001,0.5,0.02,0.1,0.02,0.02,0.002,0.0005,0.02,0.001,0.02,0.02,0.01,0.02,0.0001,0.08275810348392747,0.2639725983536457,1.051735511275737,3.835098564080243
Cond00050,1.0,0.02,0.001,0.02,0.02,0.02,0.01,0.005,1.0e-5,0.02,0.0005,5.0e-5,2.0,0.02,0.0,0.02,0.008,0.02,0.02,61.5,0.2,22.0,0.25935,0.02,0.02,0.02,0.1,0.1,1.0,0.3341078603366118,42.3,0.001,0.5,0.02,0.1,0.02,0.02,0.002,0.0005,0.02,0.001,0.02,0.02,0.01,0.02,0.0001,0.29906452313877185,0.24769096635280277,1.2179208000337247,3.2399969932978268
Cond00051,1.0,0.02,0.001,0.02,0.02,0.02,0.01,0.005,1.0e-5,0.02,0.0005,5.0e-5,2.0,0.02,0.002,0.02,0.008,0.02,0.02,61.5,0.2,22.0,0.2808777777777777,0.02,0.02,0.02,0.1,0.1,1.0,0.35090174673279323,42.3,0.001,0.5,0.02,0.1,0.02,0.02,0.002,0.0005,0.02,0.001,0.02,0.02,0.01,0.02,0.0001,0.34552595959681154,0.2637908174489435,1.254514068039989,2.9902684363402257
Cond00052,1.0,0.02,0.001,0.02,0.02,0.02,0.01,0.005,1.0e-5,0.02,0.0005,5.0e-5,2.0,0.02,0.2,0.02,0.008,0.02,0.02,61.5,0.2,22.0,0.26937777777777794,0.02,0.02,0.02,0.1,0.1,1.0,0.3427861047870664,42.3,0.001,0.5,0.02,0.1,0.02,0.02,0.002,0.0005,0.02,0.001,0.02,0.02,0.01,0.02,0.0001,0.1849046045242512,0.2978534543761288,1.1605098880983593,2.6666392871854665
Cond00053,1.0,0.02,0.001,0.02,0.02,0.02,0.01,0.005,1.0e-5,0.02,0.0005,5.0e-5,2.0,0.02,2.0,0.02,0.008,0.02,0.02,61.5,0.2,22.0,0.35637777777777796,0.02,0.02,0.02,0.1,0.1,1.0,0.4259787721184927,42.3,0.001,0.5,0.02,0.1,0.02,0.02,0.002,0.0005,0.02,0.001,0.02,0.02,0.01,0.02,0.0001,0.14339027752156644,0.336412724363178,1.231732415662202,1.8442056601514072
Cond00054,1.0,0.02,0.001,0.02,0.02,0.02,0.01,0.005,1.0e-5,0.02,0.0005,5.0e-5,2.0,0.02,0.02,0.0,0.008,0.02,0.02,61.5,0.2,22.0,0.25576666666666664,0.02,0.02,0.02,0.1,0.1,1.0,0.3266713785263203,42.3,0.001,0.5,0.02,0.1,0.02,0.02,0.002,0.0005,0.02,0.001,0.02,0.02,0.01,0.02,0.0001,0.20808236279545939,0.2607975900662652,1.1680990018987354,3.1766569946306427
Cond00055,1.0,0.02,0.001,0.02,0.02,0.02,0.01,0.005,1.0e-5,0.02,0.0005,5.0e-5,2.0,0.02,0.02,0.002,0.008,0.02,0.02,61.5,0.2,22.0,0.264488888888889,0.02,0.02,0.02,0.1,0.1,1.0,0.3389803612212177,42.3,0.001,0.5,0.02,0.1,0.02,0.02,0.002,0.0005,0.02,0.001,0.02,0.02,0.01,0.02,0.0001,0.3153324317583434,0.2554039290361284,1.2584990293594975,3.2448676536078334
Cond00056,1.0,0.02,0.001,0.02,0.02,0.02,0.01,0.005,1.0e-5,0.02,0.0005,5.0e-5,2.0,0.02,0.02,0.2,0.008,0.02,0.02,61.5,0.2,22.0,0.2628222222222223,0.02,0.02,0.02,0.1,0.1,1.0,0.34246868859358126,42.3,0.001,0.5,0.02,0.1,0.02,0.02,0.002,0.0005,0.02,0.001,0.02,0.02,0.01,0.02,0.0001,0.353465859142951,0.2136454846796368,1.3136624604302574,2.817514380112266
Cond00057,1.0,0.02,0.001,0.02,0.02,0.02,0.01,0.005,1.0e-5,0.02,0.0005,5.0e-5,2.0,0.02,0.02,2.0,0.008,0.02,0.02,61.5,0.2,22.0,0.2864333333333335,0.02,0.02,0.02,0.1,0.1,1.0,0.3667665277026675,42.3,0.001,0.5,0.02,0.1,0.02,0.02,0.002,0.0005,0.02,0.001,0.02,0.02,0.01,0.02,0.0001,0.26205687977087266,0.23087746863742012,1.2431527461291294,3.149125714754109
Cond00058,1.0,0.02,0.001,0.02,0.02,0.02,0.01,0.005,1.0e-5,0.02,0.0005,5.0e-5,2.0,0.02,0.02,0.02,0.008,0.0,0.02,61.5,0.2,22.0,0.25429444444444455,0.02,0.02,0.02,0.1,0.1,1.0,0.33435785443149413,42.3,0.001,0.5,0.02,0.1,0.02,0.02,0.002,0.0005,0.02,0.001,0.02,0.02,0.01,0.02,0.0001,0.2636608420433653,0.2519893802731593,1.2357286517647632,2.8718682323928792
Cond00059,1.0,0.02,0.001,0.02,0.02,0.02,0.01,0.005,1.0e-5,0.02,0.0005,5.0e-5,2.0,0.02,0.02,0.02,0.008,0.002,0.02,61.5,0.2,22.0,0.25890555555555517,0.02,0.02,0.02,0.1,0.1,1.0,0.33604154792984464,42.3,0.001,0.5,0.02,0.1,0.02,0.02,0.002,0.0005,0.02,0.001,0.02,0.02,0.01,0.02,0.0001,0.23829090879733694,0.26660817120043523,1.306963643245134,2.7966649181953906
Cond00060,1.0,0.02,0.001,0.02,0.02,0.02,0.01,0.005,1.0e-5,0.02,0.0005,5.0e-5,2.0,0.02,0.02,0.02,0.008,0.2,0.02,61.5,0.2,22.0,0.26587777777777766,0.02,0.02,0.02,0.1,0.1,1.0,0.3411782957551541,42.3,0.001,0.5,0.02,0.1,0.02,0.02,0.002,0.0005,0.02,0.001,0.02,0.02,0.01,0.02,0.0001,0.20274117667761912,0.28324115414845696,1.1978012910109201,2.6555284558890038
Cond00061,1.0,0.02,0.001,0.02,0.02,0.02,0.01,0.005,1.0e-5,0.02,0.0005,5.0e-5,2.0,0.02,0.02,0.02,0.008,2.0,0.02,61.5,0.2,22.0,0.26407222222222226,0.02,0.02,0.02,0.1,0.1,1.0,0.33704327842015713,42.3,0.001,0.5,0.02,0.1,0.02,0.02,0.002,0.0005,0.02,0.001,0.02,0.02,0.01,0.02,0.0001,0.18646439741952117,0.2871318852832089,1.1744997864565656,2.6168411600747223
Cond00062,1.0,0.02,0.001,0.02,0.02,0.02,0.01,0.005,1.0e-5,0.02,0.0005,5.0e-5,2.0,0.02,0.02,0.02,0.008,0.02,0.0,61.5,0.2,22.0,0.0,0.02,0.02,0.02,0.1,0.1,1.0,4.085648305978516,42.3,0.001,0.5,0.02,0.1,0.02,0.02,0.002,0.0005,0.02,0.001,0.02,0.02,0.01,0.02,0.0001,6.223970525727518,2.5625083802349895,0.0,7.309032867850585
Cond00063,1.0,0.02,0.001,0.02,0.02,0.02,0.01,0.005,1.0e-5,0.02,0.0005,5.0e-5,2.0,0.02,0.02,0.02,0.008,0.02,0.002,61.5,0.2,22.0,0.004408333333333329,0.02,0.02,0.02,0.1,0.1,1.0,0.09124410700498825,42.3,0.001,0.5,0.02,0.1,0.02,0.02,0.002,0.0005,0.02,0.001,0.02,0.02,0.01,0.02,0.0001,9.049708250961977,0.5875879554830736,0.32977385133845477,28.27125454145693
Cond00064,1.0,0.02,0.001,0.02,0.02,0.02,0.01,0.005,1.0e-5,0.02,0.0005,5.0e-5,2.0,0.02,0.02,0.02,0.008,0.02,0.2,61.5,0.2,22.0,0.27064722222222226,0.02,0.02,0.02,0.1,0.1,1.0,0.35066144137453653,42.3,0.001,0.5,0.02,0.1,0.02,0.02,0.002,0.0005,0.02,0.001,0.02,0.02,0.01,0.02,0.0001,0.1803435455932776,0.3088531336667519,1.2180844659648584,2.3457264370315443
Cond00065,1.0,0.02,0.001,0.02,0.02,0.02,0.01,0.005,1.0e-5,0.02,0.0005,5.0e-5,2.0,0.02,0.02,0.02,0.008,0.02,2.0,61.5,0.2,22.0,0.2600999999999998,0.02,0.02,0.02,0.1,0.1,1.0,0.3392632568606687,42.3,0.001,0.5,0.02,0.1,0.02,0.02,0.002,0.0005,0.02,0.001,0.02,0.02,0.01,0.02,0.0001,0.07358187096180673,0.3453291139406809,1.0770844822695462,2.480382287961444
Cond00066,1.0,0.02,0.001,0.02,0.02,0.02,0.01,0.005,1.0e-5,0.02,0.0005,5.0e-5,2.0,0.02,0.02,0.02,0.008,0.02,0.02,61.5,0.2,22.0,0.25704444444444446,0.0,0.02,0.02,0.1,0.1,1.0,0.33234406523380083,42.3,0.001,0.5,0.02,0.1,0.02,0.02,0.002,0.0005,0.02,0.001,0.02,0.02,0.01,0.02,0.0001,0.2622363504919738,0.21798326301727633,1.2303497739623126,3.4480865421345546
Cond00067,1.0,0.02,0.001,0.02,0.02,0.02,0.01,0.005,1.0e-5,0.02,0.0005,5.0e-5,2.0,0.02,0.02,0.02,0.008,0.02,0.02,61.5,0.2,22.0,0.23235000000000014,0.002,0.02,0.02,0.1,0.1,1.0,0.31426479226047754,42.3,0.001,0.5,0.02,0.1,0.02,0.02,0.002,0.0005,0.02,0.001,0.02,0.02,0.01,0.02,0.0001,0.40369556779420024,0.16449296365937005,1.123206416895995,4.348965647267157
Cond00068,1.0,0.02,0.001,0.02,0.02,0.02,0.01,0.005,1.0e-5,0.02,0.0005,5.0e-5,2.0,0.02,0.02,0.02,0.008,0.02,0.02,61.5,0.2,22.0,0.2267944444444445,0.2,0.02,0.02,0.1,0.1,1.0,0.3037969587868556,42.3,0.001,0.5,0.02,0.1,0.02,0.02,0.002,0.0005,0.02,0.001,0.02,0.02,0.01,0.02,0.0001,0.7359291196167982,0.1842758224539046,1.3739945462185157,3.046506296277455
Cond00069,1.0,0.02,0.001,0.02,0.02,0.02,0.01,0.005,1.0e-5,0.02,0.0005,5.0e-5,2.0,0.02,0.02,0.02,0.008,0.02,0.02,61.5,0.2,22.0,0.25804444444444424,2.0,0.02,0.02,0.1,0.1,1.0,0.3294957543876713,42.3,0.001,0.5,0.02,0.1,0.02,0.02,0.002,0.0005,0.02,0.001,0.02,0.02,0.01,0.02,0.0001,0.05437634524829998,0.39497393814597753,0.9600353507408408,2.2022114275078
Cond00070,1.0,0.02,0.001,0.02,0.02,0.02,0.01,0.005,1.0e-5,0.02,0.0005,5.0e-5,2.0,0.02,0.02,0.02,0.008,0.02,0.02,61.5,0.2,22.0,0.2672944444444445,0.02,0.0,0.02,0.1,0.1,1.0,0.32741861455485344,42.3,0.001,0.5,0.02,0.1,0.02,0.02,0.002,0.0005,0.02,0.001,0.02,0.02,0.01,0.02,0.0001,0.03852307309567321,0.375643837261187,1.0140167908874913,2.7575850880239328
Cond00071,1.0,0.02,0.001,0.02,0.02,0.02,0.01,0.005,1.0e-5,0.02,0.0005,5.0e-5,2.0,0.02,0.02,0.02,0.008,0.02,0.02,61.5,0.2,22.0,0.2608222222222221,0.02,0.002,0.02,0.1,0.1,1.0,0.33857214776563155,42.3,0.001,0.5,0.02,0.1,0.02,0.02,0.002,0.0005,0.02,0.001,0.02,0.02,0.01,0.02,0.0001,0.3587708934704187,0.2176721953380104,1.1493160603858819,3.4538029085188957
Cond00072,1.0,0.02,0.001,0.02,0.02,0.02,0.01,0.005,1.0e-5,0.02,0.0005,5.0e-5,2.0,0.02,0.02,0.02,0.008,0.02,0.02,61.5,0.2,22.0,0.27587777777777794,0.02,0.2,0.02,0.1,0.1,1.0,0.35657899355746137,42.3,0.001,0.5,0.02,0.1,0.02,0.02,0.002,0.0005,0.02,0.001,0.02,0.02,0.01,0.02,0.0001,0.28857581852748215,0.2612086372535346,1.1557406663865908,2.6428984418904227
Cond00073,1.0,0.02,0.001,0.02,0.02,0.02,0.01,0.005,1.0e-5,0.02,0.0005,5.0e-5,2.0,0.02,0.02,0.02,0.008,0.02,0.02,61.5,0.2,22.0,0.2757111111111112,0.02,2.0,0.02,0.1,0.1,1.0,0.35752713799853575,42.3,0.001,0.5,0.02,0.1,0.02,0.02,0.002,0.0005,0.02,0.001,0.02,0.02,0.01,0.02,0.0001,0.2930009923461231,0.26345735720331936,1.2627642511251995,2.5628339613464655
Cond00074,1.0,0.02,0.001,0.02,0.02,0.02,0.01,0.005,1.0e-5,0.02,0.0005,5.0e-5,2.0,0.02,0.02,0.02,0.008,0.02,0.02,61.5,0.2,22.0,0.3070722222222221,0.02,0.02,0.0,0.1,0.1,1.0,0.34662094996319087,42.3,0.001,0.5,0.02,0.1,0.02,0.02,0.002,0.0005,0.02,0.001,0.02,0.02,0.01,0.02,0.0001,0.03328322077117157,0.3647659719264,0.905795443516423,5.729014344129299
Cond00075,1.0,0.02,0.001,0.02,0.02,0.02,0.01,0.005,1.0e-5,0.02,0.0005,5.0e-5,2.0,0.02,0.02,0.02,0.008,0.02,0.02,61.5,0.2,22.0,0.2601833333333332,0.02,0.02,0.002,0.1,0.1,1.0,0.3371262707266823,42.3,0.001,0.5,0.02,0.1,0.02,0.02,0.002,0.0005,0.02,0.001,0.02,0.02,0.01,0.02,0.0001,0.23042956707924306,0.2715945529707211,0.932356209577519,2.698566490692571
Cond00076,1.0,0.02,0.001,0.02,0.02,0.02,0.01,0.005,1.0e-5,0.02,0.0005,5.0e-5,2.0,0.02,0.02,0.02,0.008,0.02,0.02,61.5,0.2,22.0,0.2795444444444448,0.02,0.02,0.2,0.1,0.1,1.0,0.3529186666178585,42.3,0.001,0.5,0.02,0.1,0.02,0.02,0.002,0.0005,0.02,0.001,0.02,0.02,0.01,0.02,0.0001,0.41594371159068766,0.26354264952878803,1.14198082028469,2.9553764811019425
Cond00077,1.0,0.02,0.001,0.02,0.02,0.02,0.01,0.005,1.0e-5,0.02,0.0005,5.0e-5,2.0,0.02,0.02,0.02,0.008,0.02,0.02,61.5,0.2,22.0,0.27765555555555566,0.02,0.02,2.0,0.1,0.1,1.0,0.34449811671176556,42.3,0.001,0.5,0.02,0.1,0.02,0.02,0.002,0.0005,0.02,0.001,0.02,0.02,0.01,0.02,0.0001,0.5895730455672612,0.24212631723217296,1.1079199871561016,3.5623467984984316
Cond00078,1.0,0.02,0.001,0.02,0.02,0.02,0.01,0.005,1.0e-5,0.02,0.0005,5.0e-5,2.0,0.02,0.02,0.02,0.008,0.02,0.02,61.5,0.2,22.0,0.26921111111111123,0.02,0.02,0.02,0.1,0.1,1.0,0.3451195756004642,42.3,0.001,0.5,0.02,0.1,0.0,0.02,0.002,0.0005,0.02,0.001,0.02,0.02,0.01,0.02,0.0001,0.2559373570776624,0.2798622779128352,1.1337228333404206,2.641344476408216
Cond00079,1.0,0.02,0.001,0.02,0.02,0.02,0.01,0.005,1.0e-5,0.02,0.0005,5.0e-5,2.0,0.02,0.02,0.02,0.008,0.02,0.02,61.5,0.2,22.0,0.26159999999999994,0.02,0.02,0.02,0.1,0.1,1.0,0.33894397027095113,42.3,0.001,0.5,0.02,0.1,0.002,0.02,0.002,0.0005,0.02,0.001,0.02,0.02,0.01,0.02,0.0001,0.29973428316647677,0.24949372632370004,1.1393612215617894,2.9294659727000996
Cond00080,1.0,0.02,0.001,0.02,0.02,0.02,0.01,0.005,1.0e-5,0.02,0.0005,5.0e-5,2.0,0.02,0.02,0.02,0.008,0.02,0.02,61.5,0.2,22.0,0.26268333333333344,0.02,0.02,0.02,0.1,0.1,1.0,0.3406722424492036,42.3,0.001,0.5,0.02,0.1,0.2,0.02,0.002,0.0005,0.02,0.001,0.02,0.02,0.01,0.02,0.0001,0.3622833759789034,0.24048763075862645,1.2612131402814362,3.0320352813297227
Cond00081,1.0,0.02,0.001,0.02,0.02,0.02,0.01,0.005,1.0e-5,0.02,0.0005,5.0e-5,2.0,0.02,0.02,0.02,0.008,0.02,0.02,61.5,0.2,22.0,0.2741277777777778,0.02,0.02,0.02,0.1,0.1,1.0,0.3483587003537198,42.3,0.001,0.5,0.02,0.1,2.0,0.02,0.002,0.0005,0.02,0.001,0.02,0.02,0.01,0.02,0.0001,0.42093965652706583,0.2386607910335758,1.2067433105006489,3.190055245101601
Cond00082,1.0,0.02,0.001,0.02,0.02,0.02,0.01,0.005,1.0e-5,0.02,0.0005,5.0e-5,2.0,0.02,0.02,0.02,0.008,0.02,0.02,61.5,0.2,22.0,0.2478222222222221,0.02,0.02,0.02,0.1,0.1,1.0,0.32824837976436344,42.3,0.001,0.5,0.02,0.1,0.02,0.0,0.002,0.0005,0.02,0.001,0.02,0.02,0.01,0.02,0.0001,0.3744767908722913,0.22223390436304916,1.1823400887611297,3.2467009840811123
Cond00083,1.0,0.02,0.001,0.02,0.02,0.02,0.01,0.005,1.0e-5,0.02,0.0005,5.0e-5,2.0,0.02,0.02,0.02,0.008,0.02,0.02,61.5,0.2,22.0,0.25168333333333337,0.02,0.02,0.02,0.1,0.1,1.0,0.3308033158676178,42.3,0.001,0.5,0.02,0.1,0.02,0.002,0.002,0.0005,0.02,0.001,0.02,0.02,0.01,0.02,0.0001,0.30915119183277545,0.23780715658492133,1.1743242077261802,3.050265271322042
Cond00084,1.0,0.02,0.001,0.02,0.02,0.02,0.01,0.005,1.0e-5,0.02,0.0005,5.0e-5,2.0,0.02,0.02,0.02,0.008,0.02,0.02,61.5,0.2,22.0,0.2729888888888892,0.02,0.02,0.02,0.1,0.1,1.0,0.34689259644743226,42.3,0.001,0.5,0.02,0.1,0.02,0.2,0.002,0.0005,0.02,0.001,0.02,0.02,0.01,0.02,0.0001,0.3040429453456529,0.25787742978628336,1.1465748540555345,2.9937888389572755
Cond00085,1.0,0.02,0.001,0.02,0.02,0.02,0.01,0.005,1.0e-5,0.02,0.0005,5.0e-5,2.0,0.02,0.02,0.02,0.008,0.02,0.02,61.5,0.2,22.0,0.38732222222222196,0.02,0.02,0.02,0.1,0.1,1.0,0.4530641468692697,42.3,0.001,0.5,0.02,0.1,0.02,2.0,0.002,0.0005,0.02,0.001,0.02,0.02,0.01,0.02,0.0001,0.2517572291853363,0.3003293020117179,1.1686232891326815,2.467624169510223
Cond00086,1.0,0.02,0.001,0.02,0.02,0.02,0.01,0.005,1.0e-5,0.02,0.0005,5.0e-5,2.0,0.02,0.02,0.02,0.008,0.02,0.02,61.5,0.2,22.0,0.2703499999999998,0.02,0.02,0.02,0.1,0.1,1.0,0.3466298671380838,42.3,0.001,0.5,0.02,0.1,0.02,0.02,0.002,0.0005,0.0,0.001,0.02,0.02,0.01,0.02,0.0001,0.22359558042448235,0.29259422014464403,1.1632346551011492,2.5323679360968168
Cond00087,1.0,0.02,0.001,0.02,0.02,0.02,0.01,0.005,1.0e-5,0.02,0.0005,5.0e-5,2.0,0.02,0.02,0.02,0.008,0.02,0.02,61.5,0.2,22.0,0.28437777777777784,0.02,0.02,0.02,0.1,0.1,1.0,0.3478852867548311,42.3,0.001,0.5,0.02,0.1,0.02,0.02,0.002,0.0005,0.002,0.001,0.02,0.02,0.01,0.02,0.0001,0.3689997042733426,0.2588535645247821,1.2135340263921692,3.2524541415093866
Cond00088,1.0,0.02,0.001,0.02,0.02,0.02,0.01,0.005,1.0e-5,0.02,0.0005,5.0e-5,2.0,0.02,0.02,0.02,0.008,0.02,0.02,61.5,0.2,22.0,0.27471111111111113,0.02,0.02,0.02,0.1,0.1,1.0,0.353741906306356,42.3,0.001,0.5,0.02,0.1,0.02,0.02,0.002,0.0005,0.2,0.001,0.02,0.02,0.01,0.02,0.0001,0.451422457390277,0.22494478750230845,1.308527644968418,3.0961523964033724
Cond00089,1.0,0.02,0.001,0.02,0.02,0.02,0.01,0.005,1.0e-5,0.02,0.0005,5.0e-5,2.0,0.02,0.02,0.02,0.008,0.02,0.02,61.5,0.2,22.0,0.30796111111111113,0.02,0.02,0.02,0.1,0.1,1.0,0.38577945812087844,42.3,0.001,0.5,0.02,0.1,0.02,0.02,0.002,0.0005,2.0,0.001,0.02,0.02,0.01,0.02,0.0001,0.34911746944136185,0.1835078418346044,1.152559128338747,3.8100445499637963
Cond00090,1.0,0.02,0.001,0.02,0.02,0.02,0.01,0.005,1.0e-5,0.02,0.0005,5.0e-5,2.0,0.02,0.02,0.02,0.008,0.02,0.02,61.5,0.2,22.0,0.28862777777777776,0.02,0.02,0.02,0.1,0.1,1.0,0.3538234196172159,42.3,0.001,0.5,0.02,0.1,0.02,0.02,0.002,0.0005,0.02,0.001,0.0,0.02,0.01,0.02,0.0001,0.19419928217517438,0.3160812940583053,1.156081353904608,2.607575333750694
Cond00091,1.0,0.02,0.001,0.02,0.02,0.02,0.01,0.005,1.0e-5,0.02,0.0005,5.0e-5,2.0,0.02,0.02,0.02,0.008,0.02,0.02,61.5,0.2,22.0,0.26262777777777796,0.02,0.02,0.02,0.1,0.1,1.0,0.3409944856515771,42.3,0.001,0.5,0.02,0.1,0.02,0.02,0.002,0.0005,0.02,0.001,0.002,0.02,0.01,0.02,0.0001,0.22743141795353805,0.3229367625704487,1.2369138626144969,2.696950179110248
Cond00092,1.0,0.02,0.001,0.02,0.02,0.02,0.01,0.005,1.0e-5,0.02,0.0005,5.0e-5,2.0,0.02,0.02,0.02,0.008,0.02,0.02,61.5,0.2,22.0,0.3041000000000001,0.02,0.02,0.02,0.1,0.1,1.0,0.374000716354421,42.3,0.001,0.5,0.02,0.1,0.02,0.02,0.002,0.0005,0.02,0.001,0.2,0.02,0.01,0.02,0.0001,0.28327065250273936,0.3350766741326802,1.2521118955416106,2.2715868675861883
Cond00093,1.0,0.02,0.001,0.02,0.02,0.02,0.01,0.005,1.0e-5,0.02,0.0005,5.0e-5,2.0,0.02,0.02,0.02,0.008,0.02,0.02,61.5,0.2,22.0,0.2928777777777778,0.02,0.02,0.02,0.1,0.1,1.0,0.3713391964411361,42.3,0.001,0.5,0.02,0.1,0.02,0.02,0.002,0.0005,0.02,0.001,2.0,0.02,0.01,0.02,0.0001,0.18066143658993905,0.33247672991047933,1.1306456505600428,2.269954192588613
Cond00094,1.0,0.02,0.001,0.02,0.02,0.02,0.01,0.005,1.0e-5,0.02,0.0005,5.0e-5,2.0,0.02,0.02,0.02,0.008,0.02,0.02,61.5,0.2,22.0,0.2699611111111112,0.02,0.02,0.02,0.1,0.1,1.0,0.34156152578004373,42.3,0.001,0.5,0.02,0.1,0.02,0.02,0.002,0.0005,0.02,0.001,0.02,0.0,0.01,0.02,0.0001,0.24644011782297318,0.27882664179327316,1.124971662962523,2.7930779839494884
Cond00095,1.0,0.02,0.001,0.02,0.02,0.02,0.01,0.005,1.0e-5,0.02,0.0005,5.0e-5,2.0,0.02,0.02,0.02,0.008,0.02,0.02,61.5,0.2,22.0,0.2381833333333332,0.02,0.02,0.02,0.1,0.1,1.0,0.32006015925879394,42.3,0.001,0.5,0.02,0.1,0.02,0.02,0.002,0.0005,0.02,0.001,0.02,0.002,0.01,0.02,0.0001,0.3245993332395121,0.23983630370810996,1.260602351878104,2.982781374389062
Cond00096,1.0,0.02,0.001,0.02,0.02,0.02,0.01,0.005,1.0e-5,0.02,0.0005,5.0e-5,2.0,0.02,0.02,0.02,0.008,0.02,0.02,61.5,0.2,22.0,0.2661833333333334,0.02,0.02,0.02,0.1,0.1,1.0,0.3376923896062831,42.3,0.001,0.5,0.02,0.1,0.02,0.02,0.002,0.0005,0.02,0.001,0.02,0.2,0.01,0.02,0.0001,0.30005021174136043,0.24516382473557552,1.3035700945066868,3.4361357420353444
Cond00097,1.0,0.02,0.001,0.02,0.02,0.02,0.01,0.005,1.0e-5,0.02,0.0005,5.0e-5,2.0,0.02,0.02,0.02,0.008,0.02,0.02,61.5,0.2,22.0,0.30965555555555535,0.02,0.02,0.02,0.1,0.1,1.0,0.3834841928768291,42.3,0.001,0.5,0.02,0.1,0.02,0.02,0.002,0.0005,0.02,0.001,0.02,2.0,0.01,0.02,0.0001,0.2725080112707798,0.2667028654289098,1.2944732029415864,2.982873116845696
Cond00098,1.0,0.02,0.001,0.02,0.02,0.02,0.01,0.005,1.0e-5,0.02,0.0005,5.0e-5,2.0,0.02,0.02,0.02,0.008,0.02,0.02,61.5,0.2,22.0,0.2914611111111109,0.02,0.02,0.02,0.1,0.1,1.0,0.35572913350068897,42.3,0.001,0.5,0.02,0.1,0.02,0.02,0.002,0.0005,0.02,0.001,0.02,0.02,0.0,0.02,0.0001,0.19372030234612614,0.33643144188175345,1.1694341229942626,2.511753908242771
Cond00099,1.0,0.02,0.001,0.02,0.02,0.02,0.01,0.005,1.0e-5,0.02,0.0005,5.0e-5,2.0,0.02,0.02,0.02,0.008,0.02,0.02,61.5,0.2,22.0,0.2554888888888891,0.02,0.02,0.02,0.1,0.1,1.0,0.331646570672045,42.3,0.001,0.5,0.02,0.1,0.02,0.02,0.002,0.0005,0.02,0.001,0.02,0.02,0.001,0.02,0.0001,0.20156518514833846,0.268811061168192,1.1921179569010674,2.8895983795448212
Cond00100,1.0,0.02,0.001,0.02,0.02,0.02,0.01,0.005,1.0e-5,0.02,0.0005,5.0e-5,2.0,0.02,0.02,0.02,0.008,0.02,0.02,61.5,0.2,22.0,0.26565555555555526,0.02,0.02,0.02,0.1,0.1,1.0,0.3399373663194741,42.3,0.001,0.5,0.02,0.1,0.02,0.02,0.002,0.0005,0.02,0.001,0.02,0.02,0.1,0.02,0.0001,0.18965211818628408,0.28142816547954497,1.152496363735479,2.810167018794909
Cond00101,1.0,0.02,0.001,0.02,0.02,0.02,0.01,0.005,1.0e-5,0.02,0.0005,5.0e-5,2.0,0.02,0.02,0.02,0.008,0.02,0.02,61.5,0.2,22.0,0.2704055555555557,0.02,0.02,0.02,0.1,0.1,1.0,0.3463414323209445,42.3,0.001,0.5,0.02,0.1,0.02,0.02,0.002,0.0005,0.02,0.001,0.02,0.02,1.0,0.02,0.0001,0.2136061647901652,0.2717622352607004,1.2017350893869363,2.8623832943728487
Cond00102,1.0,0.02,0.001,0.02,0.02,0.02,0.01,0.005,1.0e-5,0.02,0.0005,5.0e-5,2.0,0.02,0.02,0.02,0.008,0.02,0.02,61.5,0.2,22.0,0.2484888888888889,0.02,0.02,0.02,0.1,0.1,1.0,0.328061816833604,42.3,0.001,0.5,0.02,0.1,0.02,0.02,0.002,0.0005,0.02,0.001,0.02,0.02,0.01,0.0,0.0001,0.1710732637025185,0.24507320237574406,1.229518997645824,2.9080051533174105
Cond00103,1.0,0.02,0.001,0.02,0.02,0.02,0.01,0.005,1.0e-5,0.02,0.0005,5.0e-5,2.0,0.02,0.02,0.02,0.008,0.02,0.02,61.5,0.2,22.0,0.2494888888888889,0.02,0.02,0.02,0.1,0.1,1.0,0.3284337839675636,42.3,0.001,0.5,0.02,0.1,0.02,0.02,0.002,0.0005,0.02,0.001,0.02,0.02,0.01,0.002,0.0001,0.20547969023420823,0.23442567439369277,1.1927719062336317,3.1477429258366594
Cond00104,1.0,0.02,0.001,0.02,0.02,0.02,0.01,0.005,1.0e-5,0.02,0.0005,5.0e-5,2.0,0.02,0.02,0.02,0.008,0.02,0.02,61.5,0.2,22.0,0.1443777777777777,0.02,0.02,0.02,0.1,0.1,1.0,0.20262165873770704,42.3,0.001,0.5,0.02,0.1,0.02,0.02,0.002,0.0005,0.02,0.001,0.02,0.02,0.01,0.2,0.0001,0.44325136293337225,0.17599312318357424,1.1366829387169515,3.592670041583441
Cond00105,1.0,0.02,0.001,0.02,0.02,0.02,0.01,0.005,1.0e-5,0.02,0.0005,5.0e-5,2.0,0.02,0.02,0.02,0.008,0.02,0.02,61.5,0.2,22.0,0.10007222222222212,0.02,0.02,0.02,0.1,0.1,1.0,0.17232628166361594,42.3,0.001,0.5,0.02,0.1,0.02,0.02,0.002,0.0005,0.02,0.001,0.02,0.02,0.01,2.0,0.0001,0.10205085569918053,0.10594691467223023,0.7694562153843681,16.623816530218754
Cond00106,1.0,0.02,0.001,0.02,0.02,0.02,0.01,0.005,1.0e-5,0.02,0.0005,5.0e-5,2.0,0.02,0.02,0.02,0.008,0.02,0.02,61.5,0.0,22.0,0.253211111111111,0.02,0.02,0.02,0.1,0.1,1.0,0.33065629440839966,42.3,0.001,0.5,0.02,0.1,0.02,0.02,0.002,0.0005,0.02,0.001,0.02,0.02,0.01,0.02,0.0001,0.23043598389457307,0.26105805887424716,1.1411343555429285,2.9265703875428586
Cond00107,1.0,0.02,0.001,0.02,0.02,0.02,0.01,0.005,1.0e-5,0.02,0.0005,5.0e-5,2.0,0.02,0.02,0.02,0.008,0.02,0.02,61.5,0.02,22.0,0.2549611111111113,0.02,0.02,0.02,0.1,0.1,1.0,0.33663284591384346,42.3,0.001,0.5,0.02,0.1,0.02,0.02,0.002,0.0005,0.02,0.001,0.02,0.02,0.01,0.02,0.0001,0.20442100494736498,0.27445870002174977,1.168050954214484,2.573469614687151
Cond00108,1.0,0.02,0.001,0.02,0.02,0.02,0.01,0.005,1.0e-5,0.02,0.0005,5.0e-5,2.0,0.02,0.02,0.02,0.008,0.02,0.02,61.5,2.0,22.0,0.2577388888888891,0.02,0.02,0.02,0.1,0.1,1.0,0.3382289737769464,42.3,0.001,0.5,0.02,0.1,0.02,0.02,0.002,0.0005,0.02,0.001,0.02,0.02,0.01,0.02,0.0001,0.22554616811700454,0.25746315053189767,1.2303443409138035,2.766933602138387
Cond00109,1.0,0.02,0.001,0.02,0.02,0.02,0.01,0.005,1.0e-5,0.02,0.0005,5.0e-5,2.0,0.02,0.02,0.02,0.008,0.02,0.02,61.5,20.0,22.0,0.27237777777777783,0.02,0.02,0.02,0.1,0.1,1.0,0.34926119679652623,42.3,0.001,0.5,0.02,0.1,0.02,0.02,0.002,0.0005,0.02,0.001,0.02,0.02,0.01,0.02,0.0001,0.17693808860188828,0.26263416617295204,1.187005523033059,2.7553947580112714
Cond00110,1.0,0.02,0.001,0.02,0.02,0.02,0.01,0.005,1.0e-5,0.02,0.0005,5.0e-5,2.0,0.02,0.02,0.02,0.008,0.02,0.02,61.5,0.2,22.0,0.2577388888888889,0.02,0.02,0.02,0.1,0.1,1.0,0.3372652018970442,42.3,0.001,0.5,0.02,0.0,0.02,0.02,0.002,0.0005,0.02,0.001,0.02,0.02,0.01,0.02,0.0001,0.2106431952732849,0.2748652680805421,1.1822613398906412,2.591728263826268
Cond00111,1.0,0.02,0.001,0.02,0.02,0.02,0.01,0.005,1.0e-5,0.02,0.0005,5.0e-5,2.0,0.02,0.02,0.02,0.008,0.02,0.02,61.5,0.2,22.0,0.25351666666666667,0.02,0.02,0.02,0.1,0.1,1.0,0.3361157598480168,42.3,0.001,0.5,0.02,0.01,0.02,0.02,0.002,0.0005,0.02,0.001,0.02,0.02,0.01,0.02,0.0001,0.28571649026745105,0.22914642733687274,1.3189162502882774,3.097218791365851
Cond00112,1.0,0.02,0.001,0.02,0.02,0.02,0.01,0.005,1.0e-5,0.02,0.0005,5.0e-5,2.0,0.02,0.02,0.02,0.008,0.02,0.02,61.5,0.2,22.0,0.27126666666666666,0.02,0.02,0.02,0.1,0.1,1.0,0.34718608316645105,42.3,0.001,0.5,0.02,1.0,0.02,0.02,0.002,0.0005,0.02,0.001,0.02,0.02,0.01,0.02,0.0001,0.2132352109281827,0.2917672676542349,1.1570117494812464,2.5471566683040083
Cond00113,1.0,0.02,0.001,0.02,0.02,0.02,0.01,0.005,1.0e-5,0.02,0.0005,5.0e-5,2.0,0.02,0.02,0.02,0.008,0.02,0.02,61.5,0.2,22.0,0.2630444444444444,0.02,0.02,0.02,0.1,0.1,1.0,0.3428144263468018,42.3,0.001,0.5,0.02,10.0,0.02,0.02,0.002,0.0005,0.02,0.001,0.02,0.02,0.01,0.02,0.0001,0.1787251570257552,0.2919435892901723,1.2028759789553634,2.4994478854844013
Cond00114,1.0,0.02,0.001,0.02,0.02,0.02,0.01,0.005,1.0e-5,0.02,0.0005,5.0e-5,2.0,0.02,0.02,0.02,0.008,0.02,0.02,61.5,0.2,22.0,0.25723888888888896,0.02,0.02,0.02,0.1,0.0002,1.0,0.337242459771811,42.3,0.001,0.5,0.02,0.1,0.02,0.02,0.002,0.0005,0.02,0.001,0.02,0.02,0.01,0.02,0.0001,0.17741442365517587,0.28921025175690307,1.1719046324062337,2.516931292371223
Cond00115,1.0,0.02,0.001,0.02,0.02,0.02,0.01,0.005,1.0e-5,0.02,0.0005,5.0e-5,2.0,0.02,0.02,0.02,0.008,0.02,0.02,61.5,0.2,22.0,0.2575166666666666,0.02,0.02,0.02,0.1,0.01,1.0,0.3370563290684929,42.3,0.001,0.5,0.02,0.1,0.02,0.02,0.002,0.0005,0.02,0.001,0.02,0.02,0.01,0.02,0.0001,0.1909702192888845,0.2832022087106899,1.1851235836772074,2.5880197076629075
Cond00116,1.0,0.02,0.001,0.02,0.02,0.02,0.01,0.005,1.0e-5,0.02,0.0005,5.0e-5,2.0,0.02,0.02,0.02,0.008,0.02,0.02,61.5,0.2,22.0,0.25659999999999994,0.02,0.02,0.02,0.1,1.0,1.0,0.33485712422001407,42.3,0.001,0.5,0.02,0.1,0.02,0.02,0.002,0.0005,0.02,0.001,0.02,0.02,0.01,0.02,0.0001,0.18543122569260753,0.29568214915345786,1.1727941718590391,2.512679785484009
Cond00117,1.0,0.02,0.001,0.02,0.02,0.02,0.01,0.005,1.0e-5,0.02,0.0005,5.0e-5,2.0,0.02,0.02,0.02,0.008,0.02,0.02,61.5,0.2,22.0,0.24612777777777778,0.02,0.02,0.02,0.1,10.0,1.0,0.3273239491941726,42.3,0.001,0.5,0.02,0.1,0.02,0.02,0.002,0.0005,0.02,0.001,0.02,0.02,0.01,0.02,0.0001,0.19988268063056353,0.2465652907313952,1.2414567710406537,2.8229394947901616
Cond00118,1.0,0.02,0.001,0.02,0.02,0.02,0.01,0.005,1.0e-5,0.02,0.0005,5.0e-5,2.0,0.02,0.02,0.02,0.008,0.02,0.02,61.5,0.2,22.0,0.2584611111111112,0.02,0.02,0.02,0.0,0.1,1.0,0.33704707244760934,42.3,0.001,0.5,0.02,0.1,0.02,0.02,0.002,0.0005,0.02,0.001,0.02,0.02,0.01,0.02,0.0001,0.20463808991263865,0.2779681665504255,1.2865549338485438,2.6151673256144794
Cond00119,1.0,0.02,0.001,0.02,0.02,0.02,0.01,0.005,1.0e-5,0.02,0.0005,5.0e-5,2.0,0.02,0.02,0.02,0.008,0.02,0.02,61.5,0.2,22.0,0.26287777777777777,0.02,0.02,0.02,0.01,0.1,1.0,0.341533315153448,42.3,0.001,0.5,0.02,0.1,0.02,0.02,0.002,0.0005,0.02,0.001,0.02,0.02,0.01,0.02,0.0001,0.24715094432504126,0.2795046846556734,1.2506084786666678,2.587211184934913
Cond00120,1.0,0.02,0.001,0.02,0.02,0.02,0.01,0.005,1.0e-5,0.02,0.0005,5.0e-5,2.0,0.02,0.02,0.02,0.008,0.02,0.02,61.5,0.2,22.0,0.2587666666666665,0.02,0.02,0.02,1.0,0.1,1.0,0.33676513769240235,42.3,0.001,0.5,0.02,0.1,0.02,0.02,0.002,0.0005,0.02,0.001,0.02,0.02,0.01,0.02,0.0001,0.1987491259365557,0.28944647164483533,1.2472600276301333,2.524372505208411
Cond00121,1.0,0.02,0.001,0.02,0.02,0.02,0.01,0.005,1.0e-5,0.02,0.0005,5.0e-5,2.0,0.02,0.02,0.02,0.008,0.02,0.02,61.5,0.2,22.0,0.25373888888888896,0.02,0.02,0.02,10.0,0.1,1.0,0.33525485567325547,42.3,0.001,0.5,0.02,0.1,0.02,0.02,0.002,0.0005,0.02,0.001,0.02,0.02,0.01,0.02,0.0001,0.21663473171197475,0.2684233506327576,1.275591824884199,2.604362537654765
Cond00122,1.0,0.02,0.001,0.02,0.02,0.02,0.0,0.005,1.0e-5,0.02,0.0005,5.0e-5,2.0,0.02,0.02,0.02,0.008,0.02,0.02,61.5,0.2,22.0,0.2581277777777778,0.02,0.02,0.02,0.1,0.1,1.0,0.3427855406832762,42.3,0.001,0.5,0.02,0.1,0.02,0.02,0.002,0.0005,0.02,0.001,0.02,0.02,0.01,0.02,0.0001,0.25616593363583556,0.26094365994246155,1.1967143867879821,2.6130171106918523
Cond00123,1.0,0.02,0.001,0.02,0.02,0.02,0.001,0.005,1.0e-5,0.02,0.0005,5.0e-5,2.0,0.02,0.02,0.02,0.008,0.02,0.02,61.5,0.2,22.0,0.2622111111111113,0.02,0.02,0.02,0.1,0.1,1.0,0.3453676114156871,42.3,0.001,0.5,0.02,0.1,0.02,0.02,0.002,0.0005,0.02,0.001,0.02,0.02,0.01,0.02,0.0001,0.24514409125603884,0.2702723316821538,1.2799647806047925,2.558983623430852
Cond00124,1.0,0.02,0.001,0.02,0.02,0.02,0.1,0.005,1.0e-5,0.02,0.0005,5.0e-5,2.0,0.02,0.02,0.02,0.008,0.02,0.02,61.5,0.2,22.0,0.25948888888888905,0.02,0.02,0.02,0.1,0.1,1.0,0.34148181711920267,42.3,0.001,0.5,0.02,0.1,0.02,0.02,0.002,0.0005,0.02,0.001,0.02,0.02,0.01,0.02,0.0001,0.23696731127273102,0.26770944185572076,1.2520301346981748,2.67755391634011
Cond00125,1.0,0.02,0.001,0.02,0.02,0.02,1.0,0.005,1.0e-5,0.02,0.0005,5.0e-5,2.0,0.02,0.02,0.02,0.008,0.02,0.02,61.5,0.2,22.0,0.25418333333333326,0.02,0.02,0.02,0.1,0.1,1.0,0.33180752369361344,42.3,0.001,0.5,0.02,0.1,0.02,0.02,0.002,0.0005,0.02,0.001,0.02,0.02,0.01,0.02,0.0001,0.2119960039774967,0.27073069679383277,1.1150272626675561,2.652858691428447
Cond00126,1.0,0.02,0.001,0.02,0.02,0.02,0.01,0.0,1.0e-5,0.02,0.0005,5.0e-5,2.0,0.02,0.02,0.02,0.008,0.02,0.02,61.5,0.2,22.0,0.2620722222222225,0.02,0.02,0.02,0.1,0.1,1.0,0.343709592171786,42.3,0.001,0.5,0.02,0.1,0.02,0.02,0.002,0.0005,0.02,0.001,0.02,0.02,0.01,0.02,0.0001,0.2551848995124246,0.2591243244657905,1.20732071725816,2.7491707908091345
Cond00127,1.0,0.02,0.001,0.02,0.02,0.02,0.01,0.0005,1.0e-5,0.02,0.0005,5.0e-5,2.0,0.02,0.02,0.02,0.008,0.02,0.02,61.5,0.2,22.0,0.2645444444444446,0.02,0.02,0.02,0.1,0.1,1.0,0.3469874531457694,42.3,0.001,0.5,0.02,0.1,0.02,0.02,0.002,0.0005,0.02,0.001,0.02,0.02,0.01,0.02,0.0001,0.24169419773501,0.27740919825009147,1.317216482319239,2.5000409176515572
Cond00128,1.0,0.02,0.001,0.02,0.02,0.02,0.01,0.05,1.0e-5,0.02,0.0005,5.0e-5,2.0,0.02,0.02,0.02,0.008,0.02,0.02,61.5,0.2,22.0,0.26587777777777777,0.02,0.02,0.02,0.1,0.1,1.0,0.34862994389389307,42.3,0.001,0.5,0.02,0.1,0.02,0.02,0.002,0.0005,0.02,0.001,0.02,0.02,0.01,0.02,0.0001,0.27492523441179667,0.2639552558000846,1.2480840614470319,2.599814009847167
Cond00129,1.0,0.02,0.001,0.02,0.02,0.02,0.01,0.5,1.0e-5,0.02,0.0005,5.0e-5,2.0,0.02,0.02,0.02,0.008,0.02,0.02,61.5,0.2,22.0,0.2635999999999999,0.02,0.02,0.02,0.1,0.1,1.0,0.34376685554673364,42.3,0.001,0.5,0.02,0.1,0.02,0.02,0.002,0.0005,0.02,0.001,0.02,0.02,0.01,0.02,0.0001,0.30575738149951953,0.25310575575352495,1.2947245940571035,2.7809466621438848
Cond00130,1.0,0.02,0.001,0.02,0.02,0.02,0.01,0.005,1.0e-5,0.02,0.0005,5.0e-5,2.0,0.02,0.02,0.02,0.008,0.02,0.02,61.5,0.2,22.0,0.2571833333333333,0.02,0.02,0.02,0.1,0.1,1.0,0.3380763413550482,42.3,0.001,0.0,0.02,0.1,0.02,0.02,0.002,0.0005,0.02,0.001,0.02,0.02,0.01,0.02,0.0001,0.2940372990137085,0.24247250796081987,1.2204468484753361,3.0329429003347244
Cond00131,1.0,0.02,0.001,0.02,0.02,0.02,0.01,0.005,1.0e-5,0.02,0.0005,5.0e-5,2.0,0.02,0.02,0.02,0.008,0.02,0.02,61.5,0.2,22.0,0.26123888888888896,0.02,0.02,0.02,0.1,0.1,1.0,0.3388120190520191,42.3,0.001,0.05,0.02,0.1,0.02,0.02,0.002,0.0005,0.02,0.001,0.02,0.02,0.01,0.02,0.0001,0.4149623602292351,0.22220413299643682,1.310049168913371,3.592155539120432
Cond00132,1.0,0.02,0.001,0.02,0.02,0.02,0.01,0.005,1.0e-5,0.02,0.0005,5.0e-5,2.0,0.02,0.02,0.02,0.008,0.02,0.02,61.5,0.2,22.0,0.264091666666667,0.02,0.02,0.02,0.1,0.1,1.0,0.3449595572452937,42.3,0.001,5.0,0.02,0.1,0.02,0.02,0.002,0.0005,0.02,0.001,0.02,0.02,0.01,0.02,0.0001,0.2880879727195683,0.2549429200474431,1.1773572069024476,2.8752260412736135
Cond00133,1.0,0.02,0.001,0.02,0.02,0.02,0.01,0.005,1.0e-5,0.02,0.0005,5.0e-5,2.0,0.02,0.02,0.02,0.008,0.02,0.02,61.5,0.2,22.0,0.27521111111111124,0.02,0.02,0.02,0.1,0.1,1.0,0.35047290166213624,42.3,0.001,50.0,0.02,0.1,0.02,0.02,0.002,0.0005,0.02,0.001,0.02,0.02,0.01,0.02,0.0001,0.11383345857752897,0.3081290648078756,0.9182006502229559,2.158583000815032
Cond00134,1.0,0.02,0.001,0.02,0.02,0.02,0.01,0.005,1.0e-5,0.02,0.0,5.0e-5,2.0,0.02,0.02,0.02,0.008,0.02,0.02,61.5,0.2,22.0,0.2298499999999999,0.02,0.02,0.02,0.1,0.1,1.0,0.30889864653578913,42.3,0.001,0.5,0.02,0.1,0.02,0.02,0.002,0.0005,0.02,0.001,0.02,0.02,0.01,0.02,0.0001,0.37616395340471825,0.22248012377992454,1.242936650716287,2.664936697239988
Cond00135,1.0,0.02,0.001,0.02,0.02,0.02,0.01,0.005,1.0e-5,0.02,5.0e-5,5.0e-5,2.0,0.02,0.02,0.02,0.008,0.02,0.02,61.5,0.2,22.0,0.2475444444444446,0.02,0.02,0.02,0.1,0.1,1.0,0.3282637905009286,42.3,0.001,0.5,0.02,0.1,0.02,0.02,0.002,0.0005,0.02,0.001,0.02,0.02,0.01,0.02,0.0001,0.3566391650918415,0.22857072065645678,1.190359892166793,2.8852061756810845
Cond00136,1.0,0.02,0.001,0.02,0.02,0.02,0.01,0.005,1.0e-5,0.02,0.005,5.0e-5,2.0,0.02,0.02,0.02,0.008,0.02,0.02,61.5,0.2,22.0,0.2689333333333336,0.02,0.02,0.02,0.1,0.1,1.0,0.34231015117284136,42.3,0.001,0.5,0.02,0.1,0.02,0.02,0.002,0.0005,0.02,0.001,0.02,0.02,0.01,0.02,0.0001,0.4243177585160328,0.23558570832671893,1.2501070133456067,3.618627959485186
Cond00137,1.0,0.02,0.001,0.02,0.02,0.02,0.01,0.005,1.0e-5,0.02,0.05,5.0e-5,2.0,0.02,0.02,0.02,0.008,0.02,0.02,61.5,0.2,22.0,0.2655722222222219,0.02,0.02,0.02,0.1,0.1,1.0,0.33395729124109125,42.3,0.001,0.5,0.02,0.1,0.02,0.02,0.002,0.0005,0.02,0.001,0.02,0.02,0.01,0.02,0.0001,0.36276266649862304,0.2292457863629284,1.2585666609552004,3.9725591640440783
Cond00138,1.0,0.02,0.001,0.02,0.02,0.02,0.01,0.005,1.0e-5,0.02,0.0005,5.0e-5,2.0,0.02,0.02,0.02,0.008,0.02,0.02,61.5,0.2,22.0,0.26621111111111095,0.02,0.02,0.02,0.1,0.1,1.0,0.34245891388605465,42.3,0.001,0.5,0.0,0.1,0.02,0.02,0.002,0.0005,0.02,0.001,0.02,0.02,0.01,0.02,0.0001,0.201999339251202,0.29733124132523364,1.167327684598372,2.4894181948363587
Cond00139,1.0,0.02,0.001,0.02,0.02,0.02,0.01,0.005,1.0e-5,0.02,0.0005,5.0e-5,2.0,0.02,0.02,0.02,0.008,0.02,0.02,61.5,0.2,22.0,0.24834999999999985,0.02,0.02,0.02,0.1,0.1,1.0,0.32847874710990904,42.3,0.001,0.5,0.002,0.1,0.02,0.02,0.002,0.0005,0.02,0.001,0.02,0.02,0.01,0.02,0.0001,0.21276977683544263,0.2668698633172275,1.1754749142144212,2.749781812061293
Cond00140,1.0,0.02,0.001,0.02,0.02,0.02,0.01,0.005,1.0e-5,0.02,0.0005,5.0e-5,2.0,0.02,0.02,0.02,0.008,0.02,0.02,61.5,0.2,22.0,0.2529888888888887,0.02,0.02,0.02,0.1,0.1,1.0,0.33079919417739956,42.3,0.001,0.5,0.2,0.1,0.02,0.02,0.002,0.0005,0.02,0.001,0.02,0.02,0.01,0.02,0.0001,0.2090299821421583,0.2649928989981995,1.2020069209319755,2.818928292669119
Cond00141,1.0,0.02,0.001,0.02,0.02,0.02,0.01,0.005,1.0e-5,0.02,0.0005,5.0e-5,2.0,0.02,0.02,0.02,0.008,0.02,0.02,61.5,0.2,22.0,0.26673888888888925,0.02,0.02,0.02,0.1,0.1,1.0,0.34496305485753637,42.3,0.001,0.5,2.0,0.1,0.02,0.02,0.002,0.0005,0.02,0.001,0.02,0.02,0.01,0.02,0.0001,0.20596323981880943,0.28009094791343137,1.243982657316161,2.5667888225660485
Cond00142,1.0,0.02,0.001,0.02,0.02,0.02,0.01,0.005,0.0,0.02,0.0005,5.0e-5,2.0,0.02,0.02,0.02,0.008,0.02,0.02,61.5,0.2,22.0,0.2566277777777776,0.02,0.02,0.02,0.1,0.1,1.0,0.33547630337855283,42.3,0.001,0.5,0.02,0.1,0.02,0.02,0.002,0.0005,0.02,0.001,0.02,0.02,0.01,0.02,0.0001,0.2327557809913283,0.2648164740929305,1.1983429644548327,2.7000897322670196
Cond00143,1.0,0.02,0.001,0.02,0.02,0.02,0.01,0.005,1.0e-6,0.02,0.0005,5.0e-5,2.0,0.02,0.02,0.02,0.008,0.02,0.02,61.5,0.2,22.0,0.257238888888889,0.02,0.02,0.02,0.1,0.1,1.0,0.3344996751181042,42.3,0.001,0.5,0.02,0.1,0.02,0.02,0.002,0.0005,0.02,0.001,0.02,0.02,0.01,0.02,0.0001,0.3249736705353947,0.2387627740365556,1.269997999505506,3.1464783511080676
Cond00144,1.0,0.02,0.001,0.02,0.02,0.02,0.01,0.005,0.0001,0.02,0.0005,5.0e-5,2.0,0.02,0.02,0.02,0.008,0.02,0.02,61.5,0.2,22.0,0.26028611111111116,0.02,0.02,0.02,0.1,0.1,1.0,0.3385084065818846,42.3,0.001,0.5,0.02,0.1,0.02,0.02,0.002,0.0005,0.02,0.001,0.02,0.02,0.01,0.02,0.0001,0.2966837014454426,0.24050489396012453,1.2568291236665527,3.1103781067834717
Cond00145,1.0,0.02,0.001,0.02,0.02,0.02,0.01,0.005,0.001,0.02,0.0005,5.0e-5,2.0,0.02,0.02,0.02,0.008,0.02,0.02,61.5,0.2,22.0,0.26123888888888896,0.02,0.02,0.02,0.1,0.1,1.0,0.3386711657503958,42.3,0.001,0.5,0.02,0.1,0.02,0.02,0.002,0.0005,0.02,0.001,0.02,0.02,0.01,0.02,0.0001,0.24290299640556354,0.26248607036420263,1.3065802614887918,2.8000892731893687
Cond00146,1.0,0.02,0.001,0.02,0.02,0.02,0.01,0.005,1.0e-5,0.02,0.0005,5.0e-5,2.0,0.02,0.02,0.02,0.008,0.02,0.02,61.5,0.2,22.0,0.25896111111111114,0.02,0.02,0.02,0.1,0.1,1.0,0.337353680534162,42.3,0.0,0.5,0.02,0.1,0.02,0.02,0.002,0.0005,0.02,0.001,0.02,0.02,0.01,0.02,0.0001,0.1988536882527726,0.27900420540921667,1.131362225403117,2.620946687375646
Cond00147,1.0,0.02,0.001,0.02,0.02,0.02,0.01,0.005,1.0e-5,0.02,0.0005,5.0e-5,2.0,0.02,0.02,0.02,0.008,0.02,0.02,61.5,0.2,22.0,0.2610999999999997,0.02,0.02,0.02,0.1,0.1,1.0,0.33914685338044387,42.3,0.0001,0.5,0.02,0.1,0.02,0.02,0.002,0.0005,0.02,0.001,0.02,0.02,0.01,0.02,0.0001,0.2249336759670967,0.2631364837751658,1.1916554612486854,2.8273317670326232
Cond00148,1.0,0.02,0.001,0.02,0.02,0.02,0.01,0.005,1.0e-5,0.02,0.0005,5.0e-5,2.0,0.02,0.02,0.02,0.008,0.02,0.02,61.5,0.2,22.0,0.26209999999999994,0.02,0.02,0.02,0.1,0.1,1.0,0.3399890107701372,42.3,0.01,0.5,0.02,0.1,0.02,0.02,0.002,0.0005,0.02,0.001,0.02,0.02,0.01,0.02,0.0001,0.19718233815211433,0.2756518928992031,1.1880831196674229,2.681230639344479
Cond00149,1.0,0.02,0.001,0.02,0.02,0.02,0.01,0.005,1.0e-5,0.02,0.0005,5.0e-5,2.0,0.02,0.02,0.02,0.008,0.02,0.02,61.5,0.2,22.0,0.2684055555555555,0.02,0.02,0.02,0.1,0.1,1.0,0.34643956951886656,42.3,0.1,0.5,0.02,0.1,0.02,0.02,0.002,0.0005,0.02,0.001,0.02,0.02,0.01,0.02,0.0001,0.2162408633973053,0.2847201496142662,1.2017326714183985,2.6098331019355743
Cond00150,1.0,0.02,0.001,0.02,0.02,0.02,0.01,0.005,1.0e-5,0.02,0.0005,5.0e-5,2.0,0.02,0.02,0.02,0.008,0.02,0.02,61.5,0.2,22.0,0.2635444444444445,0.02,0.02,0.02,0.1,0.1,1.0,0.33126585970007794,42.3,0.001,0.5,0.02,0.1,0.02,0.02,0.002,0.0005,0.02,0.001,0.02,0.02,0.01,0.02,0.0,0.2116320036650596,0.27468260934276617,1.162159424761586,2.9077755953337543
Cond00151,1.0,0.02,0.001,0.02,0.02,0.02,0.01,0.005,1.0e-5,0.02,0.0005,5.0e-5,2.0,0.02,0.02,0.02,0.008,0.02,0.02,61.5,0.2,22.0,0.25971111111111095,0.02,0.02,0.02,0.1,0.1,1.0,0.3298722424664854,42.3,0.001,0.5,0.02,0.1,0.02,0.02,0.002,0.0005,0.02,0.001,0.02,0.02,0.01,0.02,1.0e-5,0.22743426509629247,0.2642290912610475,1.1766742234351897,3.0324124408558495
Cond00152,1.0,0.02,0.001,0.02,0.02,0.02,0.01,0.005,1.0e-5,0.02,0.0005,5.0e-5,2.0,0.02,0.02,0.02,0.008,0.02,0.02,61.5,0.2,22.0,0.2719055555555554,0.02,0.02,0.02,0.1,0.1,1.0,0.3539165150830596,42.3,0.001,0.5,0.02,0.1,0.02,0.02,0.002,0.0005,0.02,0.001,0.02,0.02,0.01,0.02,0.001,0.20467245637458426,0.29147265057471855,1.2000313197597863,2.311749387047934
Cond00153,1.0,0.02,0.001,0.02,0.02,0.02,0.01,0.005,1.0e-5,0.02,0.0005,5.0e-5,2.0,0.02,0.02,0.02,0.008,0.02,0.02,61.5,0.2,22.0,0.28543333333333326,0.02,0.02,0.02,0.1,0.1,1.0,0.3631076873541956,42.3,0.001,0.5,0.02,0.1,0.02,0.02,0.002,0.0005,0.02,0.001,0.02,0.02,0.01,0.02,0.01,0.22005856673849056,0.2871709401926981,1.2194840233342532,2.2737798925609622
Cond00154,1.0,0.02,0.001,0.02,0.02,0.02,0.01,0.005,1.0e-5,0.02,0.0005,5.0e-5,2.0,0.02,0.02,0.02,0.008,0.02,0.02,61.5,0.2,22.0,0.26421111111111084,0.02,0.02,0.02,0.1,0.1,1.0,0.3412678854223857,42.3,0.001,0.5,0.02,0.1,0.02,0.02,0.002,0.0005,0.02,0.0,0.02,0.02,0.01,0.02,0.0001,0.15589472767167836,0.2997104758362379,1.1589375200923457,2.507644041391031
Cond00155,1.0,0.02,0.001,0.02,0.02,0.02,0.01,0.005,1.0e-5,0.02,0.0005,5.0e-5,2.0,0.02,0.02,0.02,0.008,0.02,0.02,61.5,0.2,22.0,0.2810444444444444,0.02,0.02,0.02,0.1,0.1,1.0,0.34980012011689526,42.3,0.001,0.5,0.02,0.1,0.02,0.02,0.002,0.0005,0.02,0.0001,0.02,0.02,0.01,0.02,0.0001,0.1948214357593102,0.31287348900564793,1.1800909332889986,2.4353958124452992
Cond00156,1.0,0.02,0.001,0.02,0.02,0.02,0.01,0.005,1.0e-5,0.02,0.0005,5.0e-5,2.0,0.02,0.02,0.02,0.008,0.02,0.02,61.5,0.2,22.0,0.2660444444444444,0.02,0.02,0.02,0.1,0.1,1.0,0.3420789774200522,42.3,0.001,0.5,0.02,0.1,0.02,0.02,0.002,0.0005,0.02,0.01,0.02,0.02,0.01,0.02,0.0001,0.21520311135991665,0.2780993434785697,1.151613519264127,2.6803818864130617
Cond00157,1.0,0.02,0.001,0.02,0.02,0.02,0.01,0.005,1.0e-5,0.02,0.0005,5.0e-5,2.0,0.02,0.02,0.02,0.008,0.02,0.02,61.5,0.2,22.0,0.2676555555555556,0.02,0.02,0.02,0.1,0.1,1.0,0.34508807140820597,42.3,0.001,0.5,0.02,0.1,0.02,0.02,0.002,0.0005,0.02,0.1,0.02,0.02,0.01,0.02,0.0001,0.20815944126933061,0.28328472208964695,1.2186028138028027,2.584508363984682
Cond00158,1.0,0.02,0.001,0.02,0.02,0.02,0.01,0.005,1.0e-5,0.02,0.0005,5.0e-5,2.0,0.02,0.02,0.02,0.008,0.02,0.02,61.5,0.2,22.0,0.25726666666666653,0.02,0.02,0.02,0.1,0.1,1.0,0.33606971839436556,42.3,0.001,0.5,0.02,0.1,0.02,0.02,0.0,0.0005,0.02,0.001,0.02,0.02,0.01,0.02,0.0001,0.1921992010390988,0.27592092683168445,1.2009860981342975,2.6898265867082154
Cond00159,1.0,0.02,0.001,0.02,0.02,0.02,0.01,0.005,1.0e-5,0.02,0.0005,5.0e-5,2.0,0.02,0.02,0.02,0.008,0.02,0.02,61.5,0.2,22.0,0.2675722222222224,0.02,0.02,0.02,0.1,0.1,1.0,0.3438373478924403,42.3,0.001,0.5,0.02,0.1,0.02,0.02,0.0002,0.0005,0.02,0.001,0.02,0.02,0.01,0.02,0.0001,0.20370798322303468,0.2928330287116405,1.235142865076946,2.592470646904099
Cond00160,1.0,0.02,0.001,0.02,0.02,0.02,0.01,0.005,1.0e-5,0.02,0.0005,5.0e-5,2.0,0.02,0.02,0.02,0.008,0.02,0.02,61.5,0.2,22.0,0.2649055555555556,0.02,0.02,0.02,0.1,0.1,1.0,0.3413854122114963,42.3,0.001,0.5,0.02,0.1,0.02,0.02,0.02,0.0005,0.02,0.001,0.02,0.02,0.01,0.02,0.0001,0.2158657193574332,0.28345906550234967,1.152465247480134,2.645521418248718
Cond00161,1.0,0.02,0.001,0.02,0.02,0.02,0.01,0.005,1.0e-5,0.02,0.0005,5.0e-5,2.0,0.02,0.02,0.02,0.008,0.02,0.02,61.5,0.2,22.0,0.2754055555555557,0.02,0.02,0.02,0.1,0.1,1.0,0.3508323586399382,42.3,0.001,0.5,0.02,0.1,0.02,0.02,0.2,0.0005,0.02,0.001,0.02,0.02,0.01,0.02,0.0001,0.21079286235099892,0.2891599733712187,1.1822885084265473,2.591451905616367
Cond00162,1.0,0.02,0.001,0.02,0.02,0.02,0.01,0.005,1.0e-5,0.02,0.0005,0.0,2.0,0.02,0.02,0.02,0.008,0.02,0.02,61.5,0.2,22.0,0.26409999999999995,0.02,0.02,0.02,0.1,0.1,1.0,0.3427892208290873,42.3,0.001,0.5,0.02,0.1,0.02,0.02,0.002,0.0005,0.02,0.001,0.02,0.02,0.01,0.02,0.0001,0.22600299539458804,0.2752279947821846,1.1480089709532737,2.679939103291505
Cond00163,1.0,0.02,0.001,0.02,0.02,0.02,0.01,0.005,1.0e-5,0.02,0.0005,5.0e-6,2.0,0.02,0.02,0.02,0.008,0.02,0.02,61.5,0.2,22.0,0.25823888888888885,0.02,0.02,0.02,0.1,0.1,1.0,0.3349299295800378,42.3,0.001,0.5,0.02,0.1,0.02,0.02,0.002,0.0005,0.02,0.001,0.02,0.02,0.01,0.02,0.0001,0.2303554678904238,0.2641756546464056,1.231280487853458,2.8629075851001864
Cond00164,1.0,0.02,0.001,0.02,0.02,0.02,0.01,0.005,1.0e-5,0.02,0.0005,0.0005,2.0,0.02,0.02,0.02,0.008,0.02,0.02,61.5,0.2,22.0,0.2569055555555554,0.02,0.02,0.02,0.1,0.1,1.0,0.33418763477702984,42.3,0.001,0.5,0.02,0.1,0.02,0.02,0.002,0.0005,0.02,0.001,0.02,0.02,0.01,0.02,0.0001,0.23352959769002835,0.2642167052257112,1.199731413987709,2.8254190113849704
Cond00165,1.0,0.02,0.001,0.02,0.02,0.02,0.01,0.005,1.0e-5,0.02,0.0005,0.005,2.0,0.02,0.02,0.02,0.008,0.02,0.02,61.5,0.2,22.0,0.2639055555555554,0.02,0.02,0.02,0.1,0.1,1.0,0.3401994766204299,42.3,0.001,0.5,0.02,0.1,0.02,0.02,0.002,0.0005,0.02,0.001,0.02,0.02,0.01,0.02,0.0001,0.23112433094181448,0.2773968332008308,1.2238921814350547,2.677157788555125
Cond00166,1.0,0.02,0.001,0.02,0.02,0.02,0.01,0.005,1.0e-5,0.02,0.0005,5.0e-5,2.0,0.02,0.02,0.02,0.008,0.02,0.02,61.5,0.2,22.0,0.2601833333333332,0.02,0.02,0.02,0.1,0.1,1.0,0.33561621619053006,42.3,0.001,0.5,0.02,0.1,0.02,0.02,0.002,0.0,0.02,0.001,0.02,0.02,0.01,0.02,0.0001,0.2420417891560338,0.2632685668024358,1.250609910520386,2.8511923490476474
Cond00167,1.0,0.02,0.001,0.02,0.02,0.02,0.01,0.005,1.0e-5,0.02,0.0005,5.0e-5,2.0,0.02,0.02,0.02,0.008,0.02,0.02,61.5,0.2,22.0,0.26260000000000017,0.02,0.02,0.02,0.1,0.1,1.0,0.33651928215145793,42.3,0.001,0.5,0.02,0.1,0.02,0.02,0.002,5.0e-5,0.02,0.001,0.02,0.02,0.01,0.02,0.0001,0.2502306042553085,0.2685343016357356,1.2105529240696553,2.858028049764771
Cond00168,1.0,0.02,0.001,0.02,0.02,0.02,0.01,0.005,1.0e-5,0.02,0.0005,5.0e-5,2.0,0.02,0.02,0.02,0.008,0.02,0.02,61.5,0.2,22.0,0.25946111111111125,0.02,0.02,0.02,0.1,0.1,1.0,0.33631081151493736,42.3,0.001,0.5,0.02,0.1,0.02,0.02,0.002,0.005,0.02,0.001,0.02,0.02,0.01,0.02,0.0001,0.23016068425903363,0.2686395067992647,1.2546658989853523,2.7673109841008103
Cond00169,1.0,0.02,0.001,0.02,0.02,0.02,0.01,0.005,1.0e-5,0.02,0.0005,5.0e-5,2.0,0.02,0.02,0.02,0.008,0.02,0.02,61.5,0.2,22.0,0.26476666666666665,0.02,0.02,0.02,0.1,0.1,1.0,0.34315904801307406,42.3,0.001,0.5,0.02,0.1,0.02,0.02,0.002,0.05,0.02,0.001,0.02,0.02,0.01,0.02,0.0001,0.24332910235386448,0.2635067694717425,1.268615995396455,2.787847543594054
Cond00170,1.0,0.02,0.001,0.02,0.02,0.02,0.01,0.005,1.0e-5,0.02,0.0005,5.0e-5,2.0,0.02,0.02,0.02,0.0,0.02,0.02,61.5,0.2,22.0,0.2618777777777778,0.02,0.02,0.02,0.1,0.1,1.0,0.33679389905005697,42.3,0.001,0.5,0.02,0.1,0.02,0.02,0.002,0.0005,0.02,0.001,0.02,0.02,0.01,0.02,0.0001,0.23005802093717925,0.2629727550082925,1.1786829246582124,2.9309015869483477
Cond00171,1.0,0.02,0.001,0.02,0.02,0.02,0.01,0.005,1.0e-5,0.02,0.0005,5.0e-5,2.0,0.02,0.02,0.02,0.0008,0.02,0.02,61.5,0.2,22.0,0.2625916666666668,0.02,0.02,0.02,0.1,0.1,1.0,0.33793732358089745,42.3,0.001,0.5,0.02,0.1,0.02,0.02,0.002,0.0005,0.02,0.001,0.02,0.02,0.01,0.02,0.0001,0.2513960633351508,0.25727497243536135,1.2437567908513458,3.0682174538111995
Cond00172,1.0,0.02,0.001,0.02,0.02,0.02,0.01,0.005,1.0e-5,0.02,0.0005,5.0e-5,2.0,0.02,0.02,0.02,0.08,0.02,0.02,61.5,0.2,22.0,0.2644055555555554,0.02,0.02,0.02,0.1,0.1,1.0,0.33965944946262927,42.3,0.001,0.5,0.02,0.1,0.02,0.02,0.002,0.0005,0.02,0.001,0.02,0.02,0.01,0.02,0.0001,0.2424171464832679,0.2667587672162738,1.1892749142108296,2.8677456846783445
Cond00173,1.0,0.02,0.001,0.02,0.02,0.02,0.01,0.005,1.0e-5,0.02,0.0005,5.0e-5,2.0,0.02,0.02,0.02,0.8,0.02,0.02,61.5,0.2,22.0,0.26398888888888883,0.02,0.02,0.02,0.1,0.1,1.0,0.3386535936397879,42.3,0.001,0.5,0.02,0.1,0.02,0.02,0.002,0.0005,0.02,0.001,0.02,0.02,0.01,0.02,0.0001,0.1556261099326977,0.30461225690568555,1.1995504473446263,2.464519957066596
Cond00174,1.0,0.02,0.0,0.02,0.02,0.02,0.01,0.005,1.0e-5,0.02,0.0005,5.0e-5,2.0,0.02,0.02,0.02,0.008,0.02,0.02,61.5,0.2,22.0,0.25979444444444444,0.02,0.02,0.02,0.1,0.1,1.0,0.33352096807134723,42.3,0.001,0.5,0.02,0.1,0.02,0.02,0.002,0.0005,0.02,0.001,0.02,0.02,0.01,0.02,0.0001,0.2750388348292581,0.24932494278446324,1.279472781824432,3.153117621377025
Cond00175,1.0,0.02,0.0001,0.02,0.02,0.02,0.01,0.005,1.0e-5,0.02,0.0005,5.0e-5,2.0,0.02,0.02,0.02,0.008,0.02,0.02,61.5,0.2,22.0,0.26151666666666645,0.02,0.02,0.02,0.1,0.1,1.0,0.33654787794890023,42.3,0.001,0.5,0.02,0.1,0.02,0.02,0.002,0.0005,0.02,0.001,0.02,0.02,0.01,0.02,0.0001,0.2788796453099423,0.2580243640416058,1.20814669848497,2.993445088648052
Cond00176,1.0,0.02,0.01,0.02,0.02,0.02,0.01,0.005,1.0e-5,0.02,0.0005,5.0e-5,2.0,0.02,0.02,0.02,0.008,0.02,0.02,61.5,0.2,22.0,0.27329444444444434,0.02,0.02,0.02,0.1,0.1,1.0,0.34528483661576204,42.3,0.001,0.5,0.02,0.1,0.02,0.02,0.002,0.0005,0.02,0.001,0.02,0.02,0.01,0.02,0.0001,0.26767721655894827,0.272197348691448,1.1685634098531406,2.8871602820171898
Cond00177,1.0,0.02,0.1,0.02,0.02,0.02,0.01,0.005,1.0e-5,0.02,0.0005,5.0e-5,2.0,0.02,0.02,0.02,0.008,0.02,0.02,61.5,0.2,22.0,0.2666277777777777,0.02,0.02,0.02,0.1,0.1,1.0,0.3429782217362719,42.3,0.001,0.5,0.02,0.1,0.02,0.02,0.002,0.0005,0.02,0.001,0.02,0.02,0.01,0.02,0.0001,0.2426860140657182,0.2652422772214159,1.2297728004579471,2.7949598096109316
Cond00178,100.0,0.002,0.0,0.02,2.0,2.0,0.1,0.5,1.0e-6,0.02,0.0,0.0005,0.22,0.0,0.02,0.2,0.8,2.0,0.02,0.0615,2.0,11.0,0.0,0.2,0.002,0.02,0.0,10.0,0.0,1.1804337193812906,84.6,0.0001,0.05,0.02,0.01,2.0,0.0,0.002,0.0,0.2,0.1,0.02,0.2,0.01,0.0,0.0,8.499554515895182,5.023844523719875,0.0,9.524379847075432
Cond00179,100.0,0.002,0.0,0.02,2.0,2.0,0.1,0.5,1.0e-6,0.02,0.0,0.0005,0.22,0.0,0.02,0.2,0.8,2.0,0.02,30.75,2.0,11.0,0.12589608585858583,0.2,0.002,0.02,0.0,10.0,0.0,0.19822153759134672,84.6,0.0001,0.05,0.02,0.01,2.0,0.0,0.002,0.0,0.2,0.1,0.02,0.2,0.01,0.0,0.0,0.13543597871900012,0.2629001788002306,0.6368796085778846,10.962718669226424
Cond00180,100.0,0.002,0.0,0.02,2.0,2.0,0.1,0.5,1.0e-6,0.02,0.0,0.0005,0.22,0.0,0.02,0.2,0.8,2.0,0.02,61.5,2.0,11.0,0.1278777777777778,0.2,0.002,0.02,0.0,10.0,0.0,0.20228935298845868,84.6,0.0001,0.05,0.02,0.01,2.0,0.0,0.002,0.0,0.2,0.1,0.02,0.2,0.01,0.0,0.0,0.07312296919343107,0.21806528122745406,0.6226458623699765,12.08991022852518
Cond00181,100.0,0.002,0.0,0.02,2.0,2.0,0.1,0.5,1.0e-6,0.02,0.0,0.0005,0.22,0.0,0.02,0.2,0.8,2.0,0.02,92.25,2.0,11.0,0.13262777777777782,0.2,0.002,0.02,0.0,10.0,0.0,0.20881433942633698,84.6,0.0001,0.05,0.02,0.01,2.0,0.0,0.002,0.0,0.2,0.1,0.02,0.2,0.01,0.0,0.0,0.0658775620222639,1.0329415914768092,0.594810003141924,13.340473621672457
Cond00182,100.0,0.002,0.0,0.02,2.0,2.0,0.1,0.5,1.0e-6,0.02,0.0,0.0005,0.22,0.0,0.02,0.2,0.8,2.0,0.02,123.0,2.0,11.0,0.12598888888888884,0.2,0.002,0.02,0.0,10.0,0.0,0.20061020885570405,84.6,0.0001,0.05,0.02,0.01,2.0,0.0,0.002,0.0,0.2,0.1,0.02,0.2,0.01,0.0,0.0,0.049860339653154825,0.1843184426237284,0.6239143027016864,20.731901747883995
Cond00183,100.0,0.002,0.0,0.02,2.0,2.0,0.1,0.5,1.0e-6,0.02,0.0,0.0005,0.22,0.0,0.02,0.2,0.8,2.0,0.02,30.75,2.0,0.0385,0.12835,0.2,0.002,0.02,0.0,10.0,0.0,0.19910399627985653,84.6,0.0001,0.05,0.02,0.01,2.0,0.0,0.002,0.0,0.2,0.1,0.02,0.2,0.01,0.0,0.0,0.05137365001501368,0.2807319794496858,0.6462438582604795,5.2710277445474185
Cond00184,100.0,0.002,0.0,0.02,2.0,2.0,0.1,0.5,1.0e-6,0.02,0.0,0.0005,0.22,0.0,0.02,0.2,0.8,2.0,0.02,30.75,2.0,22.0,0.12473888888888886,0.2,0.002,0.02,0.0,10.0,0.0,0.19594131749397425,84.6,0.0001,0.05,0.02,0.01,2.0,0.0,0.002,0.0,0.2,0.1,0.02,0.2,0.01,0.0,0.0,0.05377885606173883,0.2551710798434438,0.616661340286515,14.474655958747153
Cond00185,100.0,0.002,0.0,0.02,2.0,2.0,0.1,0.5,1.0e-6,0.02,0.0,0.0005,0.22,0.0,0.02,0.2,0.8,2.0,0.02,30.75,2.0,38.5,0.12373888888888901,0.2,0.002,0.02,0.0,10.0,0.0,0.19721973086331512,84.6,0.0001,0.05,0.02,0.01,2.0,0.0,0.002,0.0,0.2,0.1,0.02,0.2,0.01,0.0,0.0,0.06794816896209306,0.21081694761264572,0.5976787628220989,16.410047809395717
Cond00186,100.0,0.002,0.0,0.02,2.0,2.0,0.1,0.5,1.0e-6,0.02,0.0,0.0005,0.22,0.0,0.02,0.2,0.8,2.0,0.02,30.75,2.0,77.0,0.1108222222222222,0.2,0.002,0.02,0.0,10.0,0.0,0.18590992353129873,84.6,0.0001,0.05,0.02,0.01,2.0,0.0,0.002,0.0,0.2,0.1,0.02,0.2,0.01,0.0,0.0,0.04320793130752601,0.15593437941775096,0.49916278346646564,21.36069034664852
Cond00187,100.0,0.002,0.0,0.02,2.0,2.0,0.1,0.5,1.0e-6,0.02,0.0,0.0005,0.22,0.0,0.02,0.2,0.8,2.0,0.02,30.75,2.0,11.0,0.10073888888888899,0.2,0.002,0.02,0.0,10.0,0.0,0.1833722655235616,0.0,0.0001,0.05,0.02,0.01,2.0,0.0,0.002,0.0,0.2,0.1,0.02,0.2,0.01,0.0,0.0,0.39504960725564264,0.13282737862240698,1.0687992234937096,8.52368659775134
Cond00188,100.0,0.002,0.0,0.02,2.0,2.0,0.1,0.5,1.0e-6,0.02,0.0,0.0005,0.22,0.0,0.02,0.2,0.8,2.0,0.02,30.75,2.0,11.0,0.11573888888888893,0.2,0.002,0.02,0.0,10.0,0.0,0.19018872342623103,21.15,0.0001,0.05,0.02,0.01,2.0,0.0,0.002,0.0,0.2,0.1,0.02,0.2,0.01,0.0,0.0,0.39795570968158234,0.12535514788763974,1.2154951037760486,11.950535015054292
Cond00189,100.0,0.002,0.0,0.02,2.0,2.0,0.1,0.5,1.0e-6,0.02,0.0,0.0005,0.22,0.0,0.02,0.2,0.8,2.0,0.02,30.75,2.0,11.0,0.12901666666666664,0.2,0.002,0.02,0.0,10.0,0.0,0.20307164885316575,42.3,0.0001,0.05,0.02,0.01,2.0,0.0,0.002,0.0,0.2,0.1,0.02,0.2,0.01,0.0,0.0,0.20351033341400834,0.18590766598908648,0.9270044525036959,9.121942941062558
Cond00190,100.0,0.002,0.0,0.02,2.0,2.0,0.1,0.5,1.0e-6,0.02,0.0,0.0005,0.22,0.0,0.02,0.2,0.8,2.0,0.02,30.75,2.0,11.0,0.15535000000000002,0.2,0.002,0.02,0.0,10.0,0.0,0.2154291187409588,63.45,0.0001,0.05,0.02,0.01,2.0,0.0,0.002,0.0,0.2,0.1,0.02,0.2,0.01,0.0,0.0,0.25180373176599274,0.22357913930918935,0.9455735750596695,7.281114423256288
Cond00191,100.0,0.002,0.0,0.02,2.0,2.0,0.1,0.5,1.0e-6,0.02,0.0,0.0005,0.02,0.0,0.02,0.2,0.8,2.0,0.02,30.75,2.0,11.0,0.1097388888888888,0.2,0.002,0.02,0.0,10.0,0.0,0.18395270871836863,84.6,0.0001,0.05,0.02,0.01,2.0,0.0,0.002,0.0,0.2,0.1,0.02,0.2,0.01,0.0,0.0,0.06625316587503086,0.14949063140130003,0.6636279537963059,24.247922880349474
Cond00192,100.0,0.002,0.0,0.02,2.0,2.0,0.1,0.5,1.0e-6,0.02,0.0,0.0005,2.0,0.0,0.02,0.2,0.8,2.0,0.02,30.75,2.0,11.0,0.1761833333333333,0.2,0.002,0.02,0.0,10.0,0.0,0.2522574830278198,84.6,0.0001,0.05,0.02,0.01,2.0,0.0,0.002,0.0,0.2,0.1,0.02,0.2,0.01,0.0,0.0,0.05149555460426007,0.2895835224820878,0.8546598433756017,3.383027517199823
Cond00193,100.0,0.002,0.0,0.02,2.0,2.0,0.1,0.5,1.0e-6,0.02,0.0,0.0005,20.0,0.0,0.02,0.2,0.8,2.0,0.02,30.75,2.0,11.0,0.29173888888888855,0.2,0.002,0.02,0.0,10.0,0.0,0.3501280057046683,84.6,0.0001,0.05,0.02,0.01,2.0,0.0,0.002,0.0,0.2,0.1,0.02,0.2,0.01,0.0,0.0,0.05990588527049518,0.32164066475080866,0.783557618211813,1.180123223450048
Cond00194,100.0,0.002,0.0,0.02,2.0,2.0,0.1,0.5,1.0e-6,0.02,0.0,0.0005,200.0,0.0,0.02,0.2,0.8,2.0,0.02,30.75,2.0,11.0,0.22787777777777776,0.2,0.002,0.02,0.0,10.0,0.0,0.29013617466816294,84.6,0.0001,0.05,0.02,0.01,2.0,0.0,0.002,0.0,0.2,0.1,0.02,0.2,0.01,0.0,0.0,0.011473924520561198,0.4430658880872612,0.6822250328806181,1.459268082511083
Cond00195,0.015,0.002,0.0,0.02,2.0,2.0,0.1,0.5,1.0e-6,0.02,0.0,0.0005,0.22,0.0,0.02,0.2,0.8,2.0,0.02,30.75,2.0,11.0,0.11957222222222225,0.2,0.002,0.02,0.0,10.0,0.0,0.1973570440785319,84.6,0.0001,0.05,0.02,0.01,2.0,0.0,0.002,0.0,0.2,0.1,0.02,0.2,0.01,0.0,0.0,0.17131441323624894,0.20309714987248195,0.9018352437050263,5.141990214459469
Cond00196,0.115,0.002,0.0,0.02,2.0,2.0,0.1,0.5,1.0e-6,0.02,0.0,0.0005,0.22,0.0,0.02,0.2,0.8,2.0,0.02,30.75,2.0,11.0,0.12687777777777776,0.2,0.002,0.02,0.0,10.0,0.0,0.20385897644082654,84.6,0.0001,0.05,0.02,0.01,2.0,0.0,0.002,0.0,0.2,0.1,0.02,0.2,0.01,0.0,0.0,0.13612817499254878,0.2460025962594269,0.9077395512458342,4.241790053402768
Cond00197,1.0,0.002,0.0,0.02,2.0,2.0,0.1,0.5,1.0e-6,0.02,0.0,0.0005,0.22,0.0,0.02,0.2,0.8,2.0,0.02,30.75,2.0,11.0,0.1256833333333333,0.2,0.002,0.02,0.0,10.0,0.0,0.20032014276902113,84.6,0.0001,0.05,0.02,0.01,2.0,0.0,0.002,0.0,0.2,0.1,0.02,0.2,0.01,0.0,0.0,0.15568501472339513,0.22819487225210697,0.9087044866931002,4.591090696857005
Cond00198,10.0,0.002,0.0,0.02,2.0,2.0,0.1,0.5,1.0e-6,0.02,0.0,0.0005,0.22,0.0,0.02,0.2,0.8,2.0,0.02,30.75,2.0,11.0,0.127425,0.2,0.002,0.02,0.0,10.0,0.0,0.20354732874296633,84.6,0.0001,0.05,0.02,0.01,2.0,0.0,0.002,0.0,0.2,0.1,0.02,0.2,0.01,0.0,0.0,0.16611319104673294,0.2254473203458198,0.9625195707522969,4.642529954249587
Cond00199,100.0,0.002,0.0,0.02,2.0,2.0,0.1,0.5,1.0e-6,0.02,0.0,0.0005,0.22,0.0,0.02,0.2,0.8,2.0,0.02,30.75,2.0,11.0,0.1272305555555555,0.2,0.002,0.02,0.0,10.0,0.1,0.19813600691920683,84.6,0.0001,0.05,0.02,0.01,2.0,0.0,0.002,0.0,0.2,0.1,0.02,0.2,0.01,0.0,0.0,0.04970913759905127,0.300224410266285,0.6434581089635616,9.740210305397362
Cond00200,100.0,0.002,0.0,0.02,2.0,2.0,0.1,0.5,1.0e-6,0.02,0.0,0.0005,0.22,0.0,0.02,0.2,0.8,2.0,0.02,30.75,2.0,11.0,0.12432222222222235,0.2,0.002,0.02,0.0,10.0,1.0,0.19548070428479056,84.6,0.0001,0.05,0.02,0.01,2.0,0.0,0.002,0.0,0.2,0.1,0.02,0.2,0.01,0.0,0.0,0.04417868917453421,0.28765657263758254,0.620698647914214,6.165181227422303
Cond00201,100.0,0.002,0.0,0.02,2.0,2.0,0.1,0.5,1.0e-6,0.02,0.0,0.0005,0.22,0.0,0.02,0.2,0.8,2.0,0.02,30.75,2.0,11.0,0.12518333333333329,0.2,0.002,0.02,0.0,10.0,10.0,0.19640029624841338,84.6,0.0001,0.05,0.02,0.01,2.0,0.0,0.002,0.0,0.2,0.1,0.02,0.2,0.01,0.0,0.0,0.05813819838343268,0.2497394480514008,0.6209023497699895,10.752362160216185
Cond00202,100.0,0.002,0.0,0.02,2.0,2.0,0.1,0.5,1.0e-6,0.02,0.0,0.0005,0.22,0.0,0.02,0.2,0.8,2.0,0.02,30.75,2.0,11.0,0.1414055555555556,0.2,0.002,0.02,0.0,10.0,100.0,0.21488664425732318,84.6,0.0001,0.05,0.02,0.01,2.0,0.0,0.002,0.0,0.2,0.1,0.02,0.2,0.01,0.0,0.0,0.03835123922900731,0.1981147169258527,0.5755384606615097,16.68003083478032
Cond00203,100.0,0.0,0.0,0.02,2.0,2.0,0.1,0.5,1.0e-6,0.02,0.0,0.0005,0.22,0.0,0.02,0.2,0.8,2.0,0.02,30.75,2.0,11.0,0.12396111111111112,0.2,0.002,0.02,0.0,10.0,0.0,0.1962618478910264,84.6,0.0001,0.05,0.02,0.01,2.0,0.0,0.002,0.0,0.2,0.1,0.02,0.2,0.01,0.0,0.0,0.08764747028893846,0.18553687835244728,0.6310335139429335,15.144234519357642
Cond00204,100.0,0.02,0.0,0.02,2.0,2.0,0.1,0.5,1.0e-6,0.02,0.0,0.0005,0.22,0.0,0.02,0.2,0.8,2.0,0.02,30.75,2.0,11.0,0.127211111111111,0.2,0.002,0.02,0.0,10.0,0.0,0.20846772600089286,84.6,0.0001,0.05,0.02,0.01,2.0,0.0,0.002,0.0,0.2,0.1,0.02,0.2,0.01,0.0,0.0,0.09842476270091753,0.18459953323051692,0.6403352642345537,11.434301553755507
Cond00205,100.0,0.2,0.0,0.02,2.0,2.0,0.1,0.5,1.0e-6,0.02,0.0,0.0005,0.22,0.0,0.02,0.2,0.8,2.0,0.02,30.75,2.0,11.0,0.13860000000000003,0.2,0.002,0.02,0.0,10.0,0.0,0.21209918463406258,84.6,0.0001,0.05,0.02,0.01,2.0,0.0,0.002,0.0,0.2,0.1,0.02,0.2,0.01,0.0,0.0,0.11074731731226271,0.20650922464353935,0.7262378430759209,8.867132355023664
Cond00206,100.0,2.0,0.0,0.02,2.0,2.0,0.1,0.5,1.0e-6,0.02,0.0,0.0005,0.22,0.0,0.02,0.2,0.8,2.0,0.02,30.75,2.0,11.0,0.1757666666666667,0.2,0.002,0.02,0.0,10.0,0.0,0.2516320807376729,84.6,0.0001,0.05,0.02,0.01,2.0,0.0,0.002,0.0,0.2,0.1,0.02,0.2,0.01,0.0,0.0,0.09848241696628687,0.24385832836550797,0.8465656576331901,3.893625743059841
Cond00207,100.0,0.002,0.0,0.0,2.0,2.0,0.1,0.5,1.0e-6,0.02,0.0,0.0005,0.22,0.0,0.02,0.2,0.8,2.0,0.02,30.75,2.0,11.0,0.12218333333333344,0.2,0.002,0.02,0.0,10.0,0.0,0.19410351164172923,84.6,0.0001,0.05,0.02,0.01,2.0,0.0,0.002,0.0,0.2,0.1,0.02,0.2,0.01,0.0,0.0,0.09899065220099329,0.1747856638321793,0.6515178424738423,15.236420711106234
Cond00208,100.0,0.002,0.0,0.002,2.0,2.0,0.1,0.5,1.0e-6,0.02,0.0,0.0005,0.22,0.0,0.02,0.2,0.8,2.0,0.02,30.75,2.0,11.0,0.1203777777777777,0.2,0.002,0.02,0.0,10.0,0.0,0.19329885950558523,84.6,0.0001,0.05,0.02,0.01,2.0,0.0,0.002,0.0,0.2,0.1,0.02,0.2,0.01,0.0,0.0,0.07374579449673561,0.18583734338629795,0.6206761649163008,15.729212895129072
Cond00209,100.0,0.002,0.0,0.2,2.0,2.0,0.1,0.5,1.0e-6,0.02,0.0,0.0005,0.22,0.0,0.02,0.2,0.8,2.0,0.02,30.75,2.0,11.0,0.1255444444444445,0.2,0.002,0.02,0.0,10.0,0.0,0.19868183191459507,84.6,0.0001,0.05,0.02,0.01,2.0,0.0,0.002,0.0,0.2,0.1,0.02,0.2,0.01,0.0,0.0,0.09217822782619924,0.17646385103127762,0.65780291415116,13.246164763636893
Cond00210,100.0,0.002,0.0,2.0,2.0,2.0,0.1,0.5,1.0e-6,0.02,0.0,0.0005,0.22,0.0,0.02,0.2,0.8,2.0,0.02,30.75,2.0,11.0,0.12932222222222217,0.2,0.002,0.02,0.0,10.0,0.0,0.20438085605664824,84.6,0.0001,0.05,0.02,0.01,2.0,0.0,0.002,0.0,0.2,0.1,0.02,0.2,0.01,0.0,0.0,0.10264308876607196,0.17855283288358573,0.6470282754398504,14.737184667079257
Cond00211,100.0,0.002,0.0,0.02,0.0,2.0,0.1,0.5,1.0e-6,0.02,0.0,0.0005,0.22,0.0,0.02,0.2,0.8,2.0,0.02,30.75,2.0,11.0,0.12382222222222225,0.2,0.002,0.02,0.0,10.0,0.0,0.1955381138428707,84.6,0.0001,0.05,0.02,0.01,2.0,0.0,0.002,0.0,0.2,0.1,0.02,0.2,0.01,0.0,0.0,0.06113032897032015,0.2949285104309158,0.628892109514748,10.952339299891197
Cond00212,100.0,0.002,0.0,0.02,0.002,2.0,0.1,0.5,1.0e-6,0.02,0.0,0.0005,0.22,0.0,0.02,0.2,0.8,2.0,0.02,30.75,2.0,11.0,0.12043333333333342,0.2,0.002,0.02,0.0,10.0,0.0,0.19213324224131656,84.6,0.0001,0.05,0.02,0.01,2.0,0.0,0.002,0.0,0.2,0.1,0.02,0.2,0.01,0.0,0.0,0.07875626368126448,0.23347383153494639,0.6425712490476216,12.736558610638971
Cond00213,100.0,0.002,0.0,0.02,0.02,2.0,0.1,0.5,1.0e-6,0.02,0.0,0.0005,0.22,0.0,0.02,0.2,0.8,2.0,0.02,30.75,2.0,11.0,0.12221111111111112,0.2,0.002,0.02,0.0,10.0,0.0,0.19216684770955106,84.6,0.0001,0.05,0.02,0.01,2.0,0.0,0.002,0.0,0.2,0.1,0.02,0.2,0.01,0.0,0.0,0.07660793423708204,0.3004346319531479,0.6193316348747198,13.848432427271481
Cond00214,100.0,0.002,0.0,0.02,0.2,2.0,0.1,0.5,1.0e-6,0.02,0.0,0.0005,0.22,0.0,0.02,0.2,0.8,2.0,0.02,30.75,2.0,11.0,0.1256555555555556,0.2,0.002,0.02,0.0,10.0,0.0,0.19607619737652163,84.6,0.0001,0.05,0.02,0.01,2.0,0.0,0.002,0.0,0.2,0.1,0.02,0.2,0.01,0.0,0.0,0.06626656437321331,0.23170027881950706,0.6255235854642753,11.41108642636742
Cond00215,100.0,0.002,0.0,0.02,2.0,0.0,0.1,0.5,1.0e-6,0.02,0.0,0.0005,0.22,0.0,0.02,0.2,0.8,2.0,0.02,30.75,2.0,11.0,0.12676666666666672,0.2,0.002,0.02,0.0,10.0,0.0,0.20344932067576138,84.6,0.0001,0.05,0.02,0.01,2.0,0.0,0.002,0.0,0.2,0.1,0.02,0.2,0.01,0.0,0.0,0.05282730973115285,0.20647966388515893,0.6329992503126843,11.8886969709399
Cond00216,100.0,0.002,0.0,0.02,2.0,0.002,0.1,0.5,1.0e-6,0.02,0.0,0.0005,0.22,0.0,0.02,0.2,0.8,2.0,0.02,30.75,2.0,11.0,0.12204444444444446,0.2,0.002,0.02,0.0,10.0,0.0,0.19380775351749305,84.6,0.0001,0.05,0.02,0.01,2.0,0.0,0.002,0.0,0.2,0.1,0.02,0.2,0.01,0.0,0.0,0.06368914925483392,0.20745176065765086,0.609833388354408,20.87861029701522
Cond00217,100.0,0.002,0.0,0.02,2.0,0.02,0.1,0.5,1.0e-6,0.02,0.0,0.0005,0.22,0.0,0.02,0.2,0.8,2.0,0.02,30.75,2.0,11.0,0.11868333333333335,0.2,0.002,0.02,0.0,10.0,0.0,0.1919705965159415,84.6,0.0001,0.05,0.02,0.01,2.0,0.0,0.002,0.0,0.2,0.1,0.02,0.2,0.01,0.0,0.0,0.09269908408327944,0.21372400917594178,0.599075718916815,18.732888045045893
Cond00218,100.0,0.002,0.0,0.02,2.0,0.2,0.1,0.5,1.0e-6,0.02,0.0,0.0005,0.22,0.0,0.02,0.2,0.8,2.0,0.02,30.75,2.0,11.0,0.12723888888888896,0.2,0.002,0.02,0.0,10.0,0.0,0.19889832005295688,84.6,0.0001,0.05,0.02,0.01,2.0,0.0,0.002,0.0,0.2,0.1,0.02,0.2,0.01,0.0,0.0,0.05705355636693245,0.23469364656632175,0.632267987521678,8.83840391763142
Cond00219,100.0,0.002,0.0,0.02,2.0,2.0,0.1,0.5,1.0e-6,0.0,0.0,0.0005,0.22,0.0,0.02,0.2,0.8,2.0,0.02,30.75,2.0,11.0,0.13101666666666667,0.2,0.002,0.02,0.0,10.0,0.0,0.20406220267158784,84.6,0.0001,0.05,0.02,0.01,2.0,0.0,0.002,0.0,0.2,0.1,0.02,0.2,0.01,0.0,0.0,0.10687909491318394,0.18612730058783356,0.6316389867533436,12.628715598689215
Cond00220,100.0,0.002,0.0,0.02,2.0,2.0,0.1,0.5,1.0e-6,0.002,0.0,0.0005,0.22,0.0,0.02,0.2,0.8,2.0,0.02,30.75,2.0,11.0,0.1207944444444445,0.2,0.002,0.02,0.0,10.0,0.0,0.19566788961623563,84.6,0.0001,0.05,0.02,0.01,2.0,0.0,0.002,0.0,0.2,0.1,0.02,0.2,0.01,0.0,0.0,0.1027083352636902,0.1746122599308764,0.6394132524122091,17.52760850313298
Cond00221,100.0,0.002,0.0,0.02,2.0,2.0,0.1,0.5,1.0e-6,0.2,0.0,0.0005,0.22,0.0,0.02,0.2,0.8,2.0,0.02,30.75,2.0,11.0,0.12418333333333346,0.2,0.002,0.02,0.0,10.0,0.0,0.2000413555640607,84.6,0.0001,0.05,0.02,0.01,2.0,0.0,0.002,0.0,0.2,0.1,0.02,0.2,0.01,0.0,0.0,0.0670031636976285,0.17723508144293235,0.5954058201723895,16.799343520996118
Cond00222,100.0,0.002,0.0,0.02,2.0,2.0,0.1,0.5,1.0e-6,2.0,0.0,0.0005,0.22,0.0,0.02,0.2,0.8,2.0,0.02,30.75,2.0,11.0,0.12918333333333334,0.2,0.002,0.02,0.0,10.0,0.0,0.20161425535798333,84.6,0.0001,0.05,0.02,0.01,2.0,0.0,0.002,0.0,0.2,0.1,0.02,0.2,0.01,0.0,0.0,0.005988366660712666,0.24567434223602744,0.599059493310559,18.892644397582238
Cond00223,100.0,0.002,0.0,0.02,2.0,2.0,0.1,0.5,1.0e-6,0.02,0.0,0.0005,0.22,0.002,0.02,0.2,0.8,2.0,0.02,30.75,2.0,11.0,0.13014722222222225,0.2,0.002,0.02,0.0,10.0,0.0,0.20330763716469585,84.6,0.0001,0.05,0.02,0.01,2.0,0.0,0.002,0.0,0.2,0.1,0.02,0.2,0.01,0.0,0.0,0.11461034427908978,0.1744814612632424,0.6871587309647605,18.32204726071523
Cond00224,100.0,0.002,0.0,0.02,2.0,2.0,0.1,0.5,1.0e-6,0.02,0.0,0.0005,0.22,0.02,0.02,0.2,0.8,2.0,0.02,30.75,2.0,11.0,0.12885000000000002,0.2,0.002,0.02,0.0,10.0,0.0,0.20250033991494462,84.6,0.0001,0.05,0.02,0.01,2.0,0.0,0.002,0.0,0.2,0.1,0.02,0.2,0.01,0.0,0.0,0.12685899315544769,0.1808912746288072,0.6729868818413727,10.010751715452365
Cond00225,100.0,0.002,0.0,0.02,2.0,2.0,0.1,0.5,1.0e-6,0.02,0.0,0.0005,0.22,0.2,0.02,0.2,0.8,2.0,0.02,30.75,2.0,11.0,0.14373888888888892,0.2,0.002,0.02,0.0,10.0,0.0,0.21873085751873622,84.6,0.0001,0.05,0.02,0.01,2.0,0.0,0.002,0.0,0.2,0.1,0.02,0.2,0.01,0.0,0.0,0.20288410059694842,0.1747362242542302,0.7443421689092511,9.139460805365683
Cond00226,100.0,0.002,0.0,0.02,2.0,2.0,0.1,0.5,1.0e-6,0.02,0.0,0.0005,0.22,2.0,0.02,0.2,0.8,2.0,0.02,30.75,2.0,11.0,0.14873888888888892,0.2,0.002,0.02,0.0,10.0,0.0,0.22448879844566674,84.6,0.0001,0.05,0.02,0.01,2.0,0.0,0.002,0.0,0.2,0.1,0.02,0.2,0.01,0.0,0.0,0.06495429408847356,0.24339901736624464,0.7264950053273979,8.734718915129388
Cond00227,100.0,0.002,0.0,0.02,2.0,2.0,0.1,0.5,1.0e-6,0.02,0.0,0.0005,0.22,0.0,0.0,0.2,0.8,2.0,0.02,30.75,2.0,11.0,0.1274333333333334,0.2,0.002,0.02,0.0,10.0,0.0,0.20021149981924197,84.6,0.0001,0.05,0.02,0.01,2.0,0.0,0.002,0.0,0.2,0.1,0.02,0.2,0.01,0.0,0.0,0.03893227405401347,0.2861577425085352,0.606708378386417,8.279166723295727
Cond00228,100.0,0.002,0.0,0.02,2.0,2.0,0.1,0.5,1.0e-6,0.02,0.0,0.0005,0.22,0.0,0.002,0.2,0.8,2.0,0.02,30.75,2.0,11.0,0.12982222222222223,0.2,0.002,0.02,0.0,10.0,0.0,0.20086360502286602,84.6,0.0001,0.05,0.02,0.01,2.0,0.0,0.002,0.0,0.2,0.1,0.02,0.2,0.01,0.0,0.0,0.037325187622969505,0.2895770132529891,0.6250369947825699,6.676096822900794
Cond00229,100.0,0.002,0.0,0.02,2.0,2.0,0.1,0.5,1.0e-6,0.02,0.0,0.0005,0.22,0.0,0.2,0.2,0.8,2.0,0.02,30.75,2.0,11.0,0.13479444444444444,0.2,0.002,0.02,0.0,10.0,0.0,0.20814478860245372,84.6,0.0001,0.05,0.02,0.01,2.0,0.0,0.002,0.0,0.2,0.1,0.02,0.2,0.01,0.0,0.0,0.05472955751697898,0.2874641597676355,0.6424120047554406,4.666930010502771
Cond00230,100.0,0.002,0.0,0.02,2.0,2.0,0.1,0.5,1.0e-6,0.02,0.0,0.0005,0.22,0.0,2.0,0.2,0.8,2.0,0.02,30.75,2.0,11.0,0.15529444444444443,0.2,0.002,0.02,0.0,10.0,0.0,0.22960376640379698,84.6,0.0001,0.05,0.02,0.01,2.0,0.0,0.002,0.0,0.2,0.1,0.02,0.2,0.01,0.0,0.0,0.09938655908483213,0.27116296803150264,0.7824446743865683,3.813901220281506
Cond00231,100.0,0.002,0.0,0.02,2.0,2.0,0.1,0.5,1.0e-6,0.02,0.0,0.0005,0.22,0.0,0.02,0.0,0.8,2.0,0.02,30.75,2.0,11.0,0.12001666666666663,0.2,0.002,0.02,0.0,10.0,0.0,0.19744440658962037,84.6,0.0001,0.05,0.02,0.01,2.0,0.0,0.002,0.0,0.2,0.1,0.02,0.2,0.01,0.0,0.0,0.06592294322155406,0.28663234107588126,0.6879540203083647,14.59994791137504
Cond00232,100.0,0.002,0.0,0.02,2.0,2.0,0.1,0.5,1.0e-6,0.02,0.0,0.0005,0.22,0.0,0.02,0.002,0.8,2.0,0.02,30.75,2.0,11.0,0.11282222222222218,0.2,0.002,0.02,0.0,10.0,0.0,0.18919613428798537,84.6,0.0001,0.05,0.02,0.01,2.0,0.0,0.002,0.0,0.2,0.1,0.02,0.2,0.01,0.0,0.0,0.08003645355007408,0.19183175295544302,0.667598732236494,10.361146151942371
Cond00233,100.0,0.002,0.0,0.02,2.0,2.0,0.1,0.5,1.0e-6,0.02,0.0,0.0005,0.22,0.0,0.02,0.02,0.8,2.0,0.02,30.75,2.0,11.0,0.11335000000000006,0.2,0.002,0.02,0.0,10.0,0.0,0.18901406846464436,84.6,0.0001,0.05,0.02,0.01,2.0,0.0,0.002,0.0,0.2,0.1,0.02,0.2,0.01,0.0,0.0,0.07687125369253717,0.18284631984944416,0.6883265672484539,8.971363188501373
Cond00234,100.0,0.002,0.0,0.02,2.0,2.0,0.1,0.5,1.0e-6,0.02,0.0,0.0005,0.22,0.0,0.02,2.0,0.8,2.0,0.02,30.75,2.0,11.0,0.13093333333333343,0.2,0.002,0.02,0.0,10.0,0.0,0.2075128213053531,84.6,0.0001,0.05,0.02,0.01,2.0,0.0,0.002,0.0,0.2,0.1,0.02,0.2,0.01,0.0,0.0,0.0385334137088227,0.2970787616560654,0.59567629080707,5.124759045229815
Cond00235,100.0,0.002,0.0,0.02,2.0,2.0,0.1,0.5,1.0e-6,0.02,0.0,0.0005,0.22,0.0,0.02,0.2,0.8,0.0,0.02,30.75,2.0,11.0,0.12365555555555546,0.2,0.002,0.02,0.0,10.0,0.0,0.19738133477480563,84.6,0.0001,0.05,0.02,0.01,2.0,0.0,0.002,0.0,0.2,0.1,0.02,0.2,0.01,0.0,0.0,0.05036588304889397,0.2603865135350357,0.7225020825645065,6.144556145457482
Cond00236,100.0,0.002,0.0,0.02,2.0,2.0,0.1,0.5,1.0e-6,0.02,0.0,0.0005,0.22,0.0,0.02,0.2,0.8,0.002,0.02,30.75,2.0,11.0,0.1243499999999999,0.2,0.002,0.02,0.0,10.0,0.0,0.1989271997542194,84.6,0.0001,0.05,0.02,0.01,2.0,0.0,0.002,0.0,0.2,0.1,0.02,0.2,0.01,0.0,0.0,0.06692255922864485,0.23897572720159171,0.6843621035713512,7.300871190086626
Cond00237,100.0,0.002,0.0,0.02,2.0,2.0,0.1,0.5,1.0e-6,0.02,0.0,0.0005,0.22,0.0,0.02,0.2,0.8,0.02,0.02,30.75,2.0,11.0,0.12304444444444458,0.2,0.002,0.02,0.0,10.0,0.0,0.1971775870902778,84.6,0.0001,0.05,0.02,0.01,2.0,0.0,0.002,0.0,0.2,0.1,0.02,0.2,0.01,0.0,0.0,0.0539781011359484,0.268445318655266,0.6499187668654931,5.867478432082116
Cond00238,100.0,0.002,0.0,0.02,2.0,2.0,0.1,0.5,1.0e-6,0.02,0.0,0.0005,0.22,0.0,0.02,0.2,0.8,0.2,0.02,30.75,2.0,11.0,0.12354444444444451,0.2,0.002,0.02,0.0,10.0,0.0,0.198698701643699,84.6,0.0001,0.05,0.02,0.01,2.0,0.0,0.002,0.0,0.2,0.1,0.02,0.2,0.01,0.0,0.0,0.0523485544167299,0.26297223985849144,0.6247592725601854,5.924859657488658
Cond00239,100.0,0.002,0.0,0.02,2.0,2.0,0.1,0.5,1.0e-6,0.02,0.0,0.0005,0.22,0.0,0.02,0.2,0.8,2.0,0.0,30.75,2.0,11.0,0.11129444444444452,0.2,0.002,0.02,0.0,10.0,0.0,0.18600605176195448,84.6,0.0001,0.05,0.02,0.01,2.0,0.0,0.002,0.0,0.2,0.1,0.02,0.2,0.01,0.0,0.0,0.013488731060518568,0.24052367676080294,0.7415943480525591,17.745936696082115
Cond00240,100.0,0.002,0.0,0.02,2.0,2.0,0.1,0.5,1.0e-6,0.02,0.0,0.0005,0.22,0.0,0.02,0.2,0.8,2.0,0.002,30.75,2.0,11.0,0.1162111111111111,0.2,0.002,0.02,0.0,10.0,0.0,0.19644093852030234,84.6,0.0001,0.05,0.02,0.01,2.0,0.0,0.002,0.0,0.2,0.1,0.02,0.2,0.01,0.0,0.0,0.04775970542830952,0.18485421053351245,0.7727665085934449,14.576479651197275
Cond00241,100.0,0.002,0.0,0.02,2.0,2.0,0.1,0.5,1.0e-6,0.02,0.0,0.0005,0.22,0.0,0.02,0.2,0.8,2.0,0.2,30.75,2.0,11.0,0.12346111111111119,0.2,0.002,0.02,0.0,10.0,0.0,0.19752195836961284,84.6,0.0001,0.05,0.02,0.01,2.0,0.0,0.002,0.0,0.2,0.1,0.02,0.2,0.01,0.0,0.0,0.04735524892961585,0.2676980312290147,0.6224154422771443,6.083484468089618
Cond00242,100.0,0.002,0.0,0.02,2.0,2.0,0.1,0.5,1.0e-6,0.02,0.0,0.0005,0.22,0.0,0.02,0.2,0.8,2.0,2.0,30.75,2.0,11.0,0.12390555555555546,0.2,0.002,0.02,0.0,10.0,0.0,0.19754790241346645,84.6,0.0001,0.05,0.02,0.01,2.0,0.0,0.002,0.0,0.2,0.1,0.02,0.2,0.01,0.0,0.0,0.046139052968043846,0.2682904110163531,0.6373008665282861,8.684774384676412
Cond00243,100.0,0.002,0.0,0.02,2.0,2.0,0.1,0.5,1.0e-6,0.02,0.0,0.0005,0.22,0.0,0.02,0.2,0.8,2.0,0.02,30.75,2.0,11.0,0.10473888888888885,0.0,0.002,0.02,0.0,10.0,0.0,0.17949470201632708,84.6,0.0001,0.05,0.02,0.01,2.0,0.0,0.002,0.0,0.2,0.1,0.02,0.2,0.01,0.0,0.0,0.10435161854407396,0.13964160153999833,0.6263025435726346,22.72041964659012
Cond00244,100.0,0.002,0.0,0.02,2.0,2.0,0.1,0.5,1.0e-6,0.02,0.0,0.0005,0.22,0.0,0.02,0.2,0.8,2.0,0.02,30.75,2.0,11.0,0.10604444444444441,0.002,0.002,0.02,0.0,10.0,0.0,0.17968189994927058,84.6,0.0001,0.05,0.02,0.01,2.0,0.0,0.002,0.0,0.2,0.1,0.02,0.2,0.01,0.0,0.0,0.1147315571568703,0.14953404896956515,0.603704944681382,23.786875163293157
Cond00245,100.0,0.002,0.0,0.02,2.0,2.0,0.1,0.5,1.0e-6,0.02,0.0,0.0005,0.22,0.0,0.02,0.2,0.8,2.0,0.02,30.75,2.0,11.0,0.11176666666666657,0.02,0.002,0.02,0.0,10.0,0.0,0.18431426044142354,84.6,0.0001,0.05,0.02,0.01,2.0,0.0,0.002,0.0,0.2,0.1,0.02,0.2,0.01,0.0,0.0,0.12036674101047168,0.1510117366068552,0.6512349636633006,24.411149804849245
Cond00246,100.0,0.002,0.0,0.02,2.0,2.0,0.1,0.5,1.0e-6,0.02,0.0,0.0005,0.22,0.0,0.02,0.2,0.8,2.0,0.02,30.75,2.0,11.0,0.12037777777777792,2.0,0.002,0.02,0.0,10.0,0.0,0.19246003436295692,84.6,0.0001,0.05,0.02,0.01,2.0,0.0,0.002,0.0,0.2,0.1,0.02,0.2,0.01,0.0,0.0,0.027935039104766586,0.21597035097021558,0.7553837605972104,20.48131790642091
Cond00247,100.0,0.002,0.0,0.02,2.0,2.0,0.1,0.5,1.0e-6,0.02,0.0,0.0005,0.22,0.0,0.02,0.2,0.8,2.0,0.02,30.75,2.0,11.0,0.1280722222222223,0.2,0.0,0.02,0.0,10.0,0.0,0.20026164633841476,84.6,0.0001,0.05,0.02,0.01,2.0,0.0,0.002,0.0,0.2,0.1,0.02,0.2,0.01,0.0,0.0,0.09355642987151586,0.18230025816887985,0.69136002244317,15.073603382248386
Cond00248,100.0,0.002,0.0,0.02,2.0,2.0,0.1,0.5,1.0e-6,0.02,0.0,0.0005,0.22,0.0,0.02,0.2,0.8,2.0,0.02,30.75,2.0,11.0,0.1252944444444446,0.2,0.02,0.02,0.0,10.0,0.0,0.19814460344190635,84.6,0.0001,0.05,0.02,0.01,2.0,0.0,0.002,0.0,0.2,0.1,0.02,0.2,0.01,0.0,0.0,0.11440379499453043,0.18050804312446111,0.6585517774461556,14.898518751490437
Cond00249,100.0,0.002,0.0,0.02,2.0,2.0,0.1,0.5,1.0e-6,0.02,0.0,0.0005,0.22,0.0,0.02,0.2,0.8,2.0,0.02,30.75,2.0,11.0,0.1266555555555555,0.2,0.2,0.02,0.0,10.0,0.0,0.19869518540228076,84.6,0.0001,0.05,0.02,0.01,2.0,0.0,0.002,0.0,0.2,0.1,0.02,0.2,0.01,0.0,0.0,0.08334711437205711,0.1890899017317229,0.6173293543656633,14.06687348424612
Cond00250,100.0,0.002,0.0,0.02,2.0,2.0,0.1,0.5,1.0e-6,0.02,0.0,0.0005,0.22,0.0,0.02,0.2,0.8,2.0,0.02,30.75,2.0,11.0,0.1306555555555556,0.2,2.0,0.02,0.0,10.0,0.0,0.20053632459480716,84.6,0.0001,0.05,0.02,0.01,2.0,0.0,0.002,0.0,0.2,0.1,0.02,0.2,0.01,0.0,0.0,0.12205128777430002,0.17200257811025368,0.6824763566516853,14.057102317379787
Cond00251,100.0,0.002,0.0,0.02,2.0,2.0,0.1,0.5,1.0e-6,0.02,0.0,0.0005,0.22,0.0,0.02,0.2,0.8,2.0,0.02,30.75,2.0,11.0,0.13154444444444457,0.2,0.002,0.0,0.0,10.0,0.0,0.20335270598777477,84.6,0.0001,0.05,0.02,0.01,2.0,0.0,0.002,0.0,0.2,0.1,0.02,0.2,0.01,0.0,0.0,0.081616409209115,0.21823276519495927,0.6605737234885625,11.348600208420157
Cond00252,100.0,0.002,0.0,0.02,2.0,2.0,0.1,0.5,1.0e-6,0.02,0.0,0.0005,0.22,0.0,0.02,0.2,0.8,2.0,0.02,30.75,2.0,11.0,0.12676666666666664,0.2,0.002,0.002,0.0,10.0,0.0,0.19856641935484753,84.6,0.0001,0.05,0.02,0.01,2.0,0.0,0.002,0.0,0.2,0.1,0.02,0.2,0.01,0.0,0.0,0.10858516290936664,0.1810283197914709,0.5974872396369074,14.500783707300693
Cond00253,100.0,0.002,0.0,0.02,2.0,2.0,0.1,0.5,1.0e-6,0.02,0.0,0.0005,0.22,0.0,0.02,0.2,0.8,2.0,0.02,30.75,2.0,11.0,0.12182222222222215,0.2,0.002,0.2,0.0,10.0,0.0,0.1948207002273989,84.6,0.0001,0.05,0.02,0.01,2.0,0.0,0.002,0.0,0.2,0.1,0.02,0.2,0.01,0.0,0.0,0.09641077903931901,0.18488739653048028,0.6208228282581022,14.918115228106574
Cond00254,100.0,0.002,0.0,0.02,2.0,2.0,0.1,0.5,1.0e-6,0.02,0.0,0.0005,0.22,0.0,0.02,0.2,0.8,2.0,0.02,30.75,2.0,11.0,0.12704444444444443,0.2,0.002,2.0,0.0,10.0,0.0,0.19857990479971402,84.6,0.0001,0.05,0.02,0.01,2.0,0.0,0.002,0.0,0.2,0.1,0.02,0.2,0.01,0.0,0.0,0.0848139054462226,0.19725759325146572,0.6115308504959588,15.392570806898979
Cond00255,100.0,0.002,0.0,0.02,2.0,2.0,0.1,0.5,1.0e-6,0.02,0.0,0.0005,0.22,0.0,0.02,0.2,0.8,2.0,0.02,30.75,2.0,11.0,0.12268333333333341,0.2,0.002,0.02,0.0,10.0,0.0,0.19555744170574116,84.6,0.0001,0.05,0.02,0.01,0.0,0.0,0.002,0.0,0.2,0.1,0.02,0.2,0.01,0.0,0.0,0.0693811618606084,0.24349834391219266,0.6132522444309241,7.42255332116597
Cond00256,100.0,0.002,0.0,0.02,2.0,2.0,0.1,0.5,1.0e-6,0.02,0.0,0.0005,0.22,0.0,0.02,0.2,0.8,2.0,0.02,30.75,2.0,11.0,0.1254333333333334,0.2,0.002,0.02,0.0,10.0,0.0,0.19809168238892072,84.6,0.0001,0.05,0.02,0.01,0.002,0.0,0.002,0.0,0.2,0.1,0.02,0.2,0.01,0.0,0.0,0.09114947591417849,0.20379648467323022,0.6221603566495603,10.730108011676124
Cond00257,100.0,0.002,0.0,0.02,2.0,2.0,0.1,0.5,1.0e-6,0.02,0.0,0.0005,0.22,0.0,0.02,0.2,0.8,2.0,0.02,30.75,2.0,11.0,0.12868333333333334,0.2,0.002,0.02,0.0,10.0,0.0,0.2010513586227371,84.6,0.0001,0.05,0.02,0.01,0.02,0.0,0.002,0.0,0.2,0.1,0.02,0.2,0.01,0.0,0.0,0.07905081546422237,0.2153551030270396,0.6364628750249829,8.924621294774267
Cond00258,100.0,0.002,0.0,0.02,2.0,2.0,0.1,0.5,1.0e-6,0.02,0.0,0.0005,0.22,0.0,0.02,0.2,0.8,2.0,0.02,30.75,2.0,11.0,0.1257388888888889,0.2,0.002,0.02,0.0,10.0,0.0,0.19846383935541792,84.6,0.0001,0.05,0.02,0.01,0.2,0.0,0.002,0.0,0.2,0.1,0.02,0.2,0.01,0.0,0.0,0.07912503576310667,0.22896869787830929,0.6134719003922549,7.450937946399002
Cond00259,100.0,0.002,0.0,0.02,2.0,2.0,0.1,0.5,1.0e-6,0.02,0.0,0.0005,0.22,0.0,0.02,0.2,0.8,2.0,0.02,30.75,2.0,11.0,0.1251277777777777,0.2,0.002,0.02,0.0,10.0,0.0,0.1956672188106465,84.6,0.0001,0.05,0.02,0.01,2.0,0.002,0.002,0.0,0.2,0.1,0.02,0.2,0.01,0.0,0.0,0.04437606755206427,0.28110477528798117,0.6282673410190708,6.373740583303905
Cond00260,100.0,0.002,0.0,0.02,2.0,2.0,0.1,0.5,1.0e-6,0.02,0.0,0.0005,0.22,0.0,0.02,0.2,0.8,2.0,0.02,30.75,2.0,11.0,0.1292111111111111,0.2,0.002,0.02,0.0,10.0,0.0,0.1983129984032358,84.6,0.0001,0.05,0.02,0.01,2.0,0.02,0.002,0.0,0.2,0.1,0.02,0.2,0.01,0.0,0.0,0.06621960795692651,0.25855315340000806,0.6667259502263079,6.209308633846773
Cond00261,100.0,0.002,0.0,0.02,2.0,2.0,0.1,0.5,1.0e-6,0.02,0.0,0.0005,0.22,0.0,0.02,0.2,0.8,2.0,0.02,30.75,2.0,11.0,0.1511833333333333,0.2,0.002,0.02,0.0,10.0,0.0,0.22442123833611788,84.6,0.0001,0.05,0.02,0.01,2.0,0.2,0.002,0.0,0.2,0.1,0.02,0.2,0.01,0.0,0.0,0.1116838505773566,0.2686457396073767,0.7598099243906133,4.643777150612971
Cond00262,100.0,0.002,0.0,0.02,2.0,2.0,0.1,0.5,1.0e-6,0.02,0.0,0.0005,0.22,0.0,0.02,0.2,0.8,2.0,0.02,30.75,2.0,11.0,0.21684999999999977,0.2,0.002,0.02,0.0,10.0,0.0,0.28684519905162764,84.6,0.0001,0.05,0.02,0.01,2.0,2.0,0.002,0.0,0.2,0.1,0.02,0.2,0.01,0.0,0.0,0.11764699023415243,0.2909620340955311,0.8149295917615986,2.280436288656793
Cond00263,100.0,0.002,0.0,0.02,2.0,2.0,0.1,0.5,1.0e-6,0.02,0.0,0.0005,0.22,0.0,0.02,0.2,0.8,2.0,0.02,30.75,2.0,11.0,0.12846111111111108,0.2,0.002,0.02,0.0,10.0,0.0,0.19652201090469448,84.6,0.0001,0.05,0.02,0.01,2.0,0.0,0.002,0.0,0.0,0.1,0.02,0.2,0.01,0.0,0.0,0.03943427357317138,0.30289170243193586,0.6899540430336396,8.467765616974145
Cond00264,100.0,0.002,0.0,0.02,2.0,2.0,0.1,0.5,1.0e-6,0.02,0.0,0.0005,0.22,0.0,0.02,0.2,0.8,2.0,0.02,30.75,2.0,11.0,0.12682222222222228,0.2,0.002,0.02,0.0,10.0,0.0,0.19572429625105714,84.6,0.0001,0.05,0.02,0.01,2.0,0.0,0.002,0.0,0.002,0.1,0.02,0.2,0.01,0.0,0.0,0.03406974742197186,0.3196150425714801,0.6654352057079383,5.312010944876267
Cond00265,100.0,0.002,0.0,0.02,2.0,2.0,0.1,0.5,1.0e-6,0.02,0.0,0.0005,0.22,0.0,0.02,0.2,0.8,2.0,0.02,30.75,2.0,11.0,0.1266277777777779,0.2,0.002,0.02,0.0,10.0,0.0,0.19509640109490511,84.6,0.0001,0.05,0.02,0.01,2.0,0.0,0.002,0.0,0.02,0.1,0.02,0.2,0.01,0.0,0.0,0.0346444802136973,0.3521387031891783,0.6681896048103907,4.811610678287687
Cond00266,100.0,0.002,0.0,0.02,2.0,2.0,0.1,0.5,1.0e-6,0.02,0.0,0.0005,0.22,0.0,0.02,0.2,0.8,2.0,0.02,30.75,2.0,11.0,0.13310000000000008,0.2,0.002,0.02,0.0,10.0,0.0,0.20398065041469537,84.6,0.0001,0.05,0.02,0.01,2.0,0.0,0.002,0.0,2.0,0.1,0.02,0.2,0.01,0.0,0.0,0.05297770521565909,0.256155468037692,0.6923641092605561,7.742636109283836
Cond00267,100.0,0.002,0.0,0.02,2.0,2.0,0.1,0.5,1.0e-6,0.02,0.0,0.0005,0.22,0.0,0.02,0.2,0.8,2.0,0.02,30.75,2.0,11.0,0.12029444444444458,0.2,0.002,0.02,0.0,10.0,0.0,0.18987695260791787,84.6,0.0001,0.05,0.02,0.01,2.0,0.0,0.002,0.0,0.2,0.1,0.0,0.2,0.01,0.0,0.0,0.03361943096317928,0.3037053096495033,0.6137678754979465,6.341138186389166
Cond00268,100.0,0.002,0.0,0.02,2.0,2.0,0.1,0.5,1.0e-6,0.02,0.0,0.0005,0.22,0.0,0.02,0.2,0.8,2.0,0.02,30.75,2.0,11.0,0.12568333333333326,0.2,0.002,0.02,0.0,10.0,0.0,0.19557380420159048,84.6,0.0001,0.05,0.02,0.01,2.0,0.0,0.002,0.0,0.2,0.1,0.002,0.2,0.01,0.0,0.0,0.05274902412444591,0.26393891491916704,0.6469294697897259,7.692921783597064
Cond00269,100.0,0.002,0.0,0.02,2.0,2.0,0.1,0.5,1.0e-6,0.02,0.0,0.0005,0.22,0.0,0.02,0.2,0.8,2.0,0.02,30.75,2.0,11.0,0.12982222222222217,0.2,0.002,0.02,0.0,10.0,0.0,0.2031594809534043,84.6,0.0001,0.05,0.02,0.01,2.0,0.0,0.002,0.0,0.2,0.1,0.2,0.2,0.01,0.0,0.0,0.03497473086425944,0.3120637168109344,0.6350846155887829,5.226742371097594
Cond00270,100.0,0.002,0.0,0.02,2.0,2.0,0.1,0.5,1.0e-6,0.02,0.0,0.0005,0.22,0.0,0.02,0.2,0.8,2.0,0.02,30.75,2.0,11.0,0.13326666666666653,0.2,0.002,0.02,0.0,10.0,0.0,0.2088621908269656,84.6,0.0001,0.05,0.02,0.01,2.0,0.0,0.002,0.0,0.2,0.1,2.0,0.2,0.01,0.0,0.0,0.03684794388631255,0.3013525885599565,0.611807171781574,4.635248638068404
Cond00271,100.0,0.002,0.0,0.02,2.0,2.0,0.1,0.5,1.0e-6,0.02,0.0,0.0005,0.22,0.0,0.02,0.2,0.8,2.0,0.02,30.75,2.0,11.0,0.11807222222222233,0.2,0.002,0.02,0.0,10.0,0.0,0.18451632828613757,84.6,0.0001,0.05,0.02,0.01,2.0,0.0,0.002,0.0,0.2,0.1,0.02,0.0,0.01,0.0,0.0,0.030485023021555466,0.29828610224913654,0.6148867260687694,6.564932565129613
Cond00272,100.0,0.002,0.0,0.02,2.0,2.0,0.1,0.5,1.0e-6,0.02,0.0,0.0005,0.22,0.0,0.02,0.2,0.8,2.0,0.02,30.75,2.0,11.0,0.1188777777777778,0.2,0.002,0.02,0.0,10.0,0.0,0.18687614335330888,84.6,0.0001,0.05,0.02,0.01,2.0,0.0,0.002,0.0,0.2,0.1,0.02,0.002,0.01,0.0,0.0,0.038383222677966684,0.2936669165481682,0.6175631378546576,6.535844389074974
Cond00273,100.0,0.002,0.0,0.02,2.0,2.0,0.1,0.5,1.0e-6,0.02,0.0,0.0005,0.22,0.0,0.02,0.2,0.8,2.0,0.02,30.75,2.0,11.0,0.11693333333333333,0.2,0.002,0.02,0.0,10.0,0.0,0.18757270668019416,84.6,0.0001,0.05,0.02,0.01,2.0,0.0,0.002,0.0,0.2,0.1,0.02,0.02,0.01,0.0,0.0,0.056209943522663744,0.25946558576308504,0.6444692141584221,8.435390206762868
Cond00274,100.0,0.002,0.0,0.02,2.0,2.0,0.1,0.5,1.0e-6,0.02,0.0,0.0005,0.22,0.0,0.02,0.2,0.8,2.0,0.02,30.75,2.0,11.0,0.12893333333333343,0.2,0.002,0.02,0.0,10.0,0.0,0.20748621554532842,84.6,0.0001,0.05,0.02,0.01,2.0,0.0,0.002,0.0,0.2,0.1,0.02,2.0,0.01,0.0,0.0,0.03579319503205665,0.31110789073333844,0.6470337805977865,4.420137842250166
Cond00275,100.0,0.002,0.0,0.02,2.0,2.0,0.1,0.5,1.0e-6,0.02,0.0,0.0005,0.22,0.0,0.02,0.2,0.8,2.0,0.02,30.75,2.0,11.0,0.12496111111111108,0.2,0.002,0.02,0.0,10.0,0.0,0.19744829402061317,84.6,0.0001,0.05,0.02,0.01,2.0,0.0,0.002,0.0,0.2,0.1,0.02,0.2,0.0,0.0,0.0,0.07541768078834798,0.20458840380351379,0.6176476495241647,10.764795550371348
Cond00276,100.0,0.002,0.0,0.02,2.0,2.0,0.1,0.5,1.0e-6,0.02,0.0,0.0005,0.22,0.0,0.02,0.2,0.8,2.0,0.02,30.75,2.0,11.0,0.12368333333333331,0.2,0.002,0.02,0.0,10.0,0.0,0.19662380341922023,84.6,0.0001,0.05,0.02,0.01,2.0,0.0,0.002,0.0,0.2,0.1,0.02,0.2,0.001,0.0,0.0,0.0720555551500024,0.2363976343705396,0.6158562942386745,12.180733156483136
Cond00277,100.0,0.002,0.0,0.02,2.0,2.0,0.1,0.5,1.0e-6,0.02,0.0,0.0005,0.22,0.0,0.02,0.2,0.8,2.0,0.02,30.75,2.0,11.0,0.1288222222222223,0.2,0.002,0.02,0.0,10.0,0.0,0.20189677102264497,84.6,0.0001,0.05,0.02,0.01,2.0,0.0,0.002,0.0,0.2,0.1,0.02,0.2,0.1,0.0,0.0,0.055736075099582415,0.2658304539311901,0.6283828670037841,7.081464255302822
Cond00278,100.0,0.002,0.0,0.02,2.0,2.0,0.1,0.5,1.0e-6,0.02,0.0,0.0005,0.22,0.0,0.02,0.2,0.8,2.0,0.02,30.75,2.0,11.0,0.13121111111111108,0.2,0.002,0.02,0.0,10.0,0.0,0.20412281342003388,84.6,0.0001,0.05,0.02,0.01,2.0,0.0,0.002,0.0,0.2,0.1,0.02,0.2,1.0,0.0,0.0,0.06732905391048653,0.2363570729964091,0.660899923374187,7.743367184684216
Cond00279,100.0,0.002,0.0,0.02,2.0,2.0,0.1,0.5,1.0e-6,0.02,0.0,0.0005,0.22,0.0,0.02,0.2,0.8,2.0,0.02,30.75,2.0,11.0,0.1258777777777779,0.2,0.002,0.02,0.0,10.0,0.0,0.19840173838879863,84.6,0.0001,0.05,0.02,0.01,2.0,0.0,0.002,0.0,0.2,0.1,0.02,0.2,0.01,0.002,0.0,0.07585707611540854,0.2322550952291751,0.6280076540942691,9.485423245787466
Cond00280,100.0,0.002,0.0,0.02,2.0,2.0,0.1,0.5,1.0e-6,0.02,0.0,0.0005,0.22,0.0,0.02,0.2,0.8,2.0,0.02,30.75,2.0,11.0,0.12757222222222214,0.2,0.002,0.02,0.0,10.0,0.0,0.201271935555123,84.6,0.0001,0.05,0.02,0.01,2.0,0.0,0.002,0.0,0.2,0.1,0.02,0.2,0.01,0.02,0.0,0.06824749740115248,0.23828674315580287,0.6384852476538412,7.553106815498499
Cond00281,100.0,0.002,0.0,0.02,2.0,2.0,0.1,0.5,1.0e-6,0.02,0.0,0.0005,0.22,0.0,0.02,0.2,0.8,2.0,0.02,30.75,2.0,11.0,0.0816277777777777,0.2,0.002,0.02,0.0,10.0,0.0,0.1574699985589374,84.6,0.0001,0.05,0.02,0.01,2.0,0.0,0.002,0.0,0.2,0.1,0.02,0.2,0.01,0.2,0.0,0.15732702363660514,0.1237223359205058,0.8372713413168648,11.145740330632064
Cond00282,100.0,0.002,0.0,0.02,2.0,2.0,0.1,0.5,1.0e-6,0.02,0.0,0.0005,0.22,0.0,0.02,0.2,0.8,2.0,0.02,30.75,2.0,11.0,0.0240722222222222,0.2,0.002,0.02,0.0,10.0,0.0,27.256064868521147,84.6,0.0001,0.05,0.02,0.01,2.0,0.0,0.002,0.0,0.2,0.1,0.02,0.2,0.01,2.0,0.0,0.0011076518565825905,0.259452705753855,0.6512727705284216,25.383435059307185
Cond00283,100.0,0.002,0.0,0.02,2.0,2.0,0.1,0.5,1.0e-6,0.02,0.0,0.0005,0.22,0.0,0.02,0.2,0.8,2.0,0.02,30.75,0.0,11.0,0.12423888888888895,0.2,0.002,0.02,0.0,10.0,0.0,0.19666722890100438,84.6,0.0001,0.05,0.02,0.01,2.0,0.0,0.002,0.0,0.2,0.1,0.02,0.2,0.01,0.0,0.0,0.10850697757583608,0.1721140967616514,0.6122616234798238,17.554437720803307
Cond00284,100.0,0.002,0.0,0.02,2.0,2.0,0.1,0.5,1.0e-6,0.02,0.0,0.0005,0.22,0.0,0.02,0.2,0.8,2.0,0.02,30.75,0.02,11.0,0.1225722222222223,0.2,0.002,0.02,0.0,10.0,0.0,0.19768829845364672,84.6,0.0001,0.05,0.02,0.01,2.0,0.0,0.002,0.0,0.2,0.1,0.02,0.2,0.01,0.0,0.0,0.08803809049007225,0.19395205446041186,0.6442586727920885,12.540911742585399
Cond00285,100.0,0.002,0.0,0.02,2.0,2.0,0.1,0.5,1.0e-6,0.02,0.0,0.0005,0.22,0.0,0.02,0.2,0.8,2.0,0.02,30.75,0.2,11.0,0.12176666666666663,0.2,0.002,0.02,0.0,10.0,0.0,0.19471549689618922,84.6,0.0001,0.05,0.02,0.01,2.0,0.0,0.002,0.0,0.2,0.1,0.02,0.2,0.01,0.0,0.0,0.09572522693421368,0.18810140825481475,0.6278946411689007,18.282108523987656
Cond00286,100.0,0.002,0.0,0.02,2.0,2.0,0.1,0.5,1.0e-6,0.02,0.0,0.0005,0.22,0.0,0.02,0.2,0.8,2.0,0.02,30.75,20.0,11.0,0.12868333333333337,0.2,0.002,0.02,0.0,10.0,0.0,0.20245652060507735,84.6,0.0001,0.05,0.02,0.01,2.0,0.0,0.002,0.0,0.2,0.1,0.02,0.2,0.01,0.0,0.0,0.11046272057649525,0.17158909669428624,0.5902934864959619,18.321459507861846
Cond00287,100.0,0.002,0.0,0.02,2.0,2.0,0.1,0.5,1.0e-6,0.02,0.0,0.0005,0.22,0.0,0.02,0.2,0.8,2.0,0.02,30.75,2.0,11.0,0.12587777777777778,0.2,0.002,0.02,0.0,10.0,0.0,0.19769333971208525,84.6,0.0001,0.05,0.02,0.0,2.0,0.0,0.002,0.0,0.2,0.1,0.02,0.2,0.01,0.0,0.0,0.10557826754727484,0.1704279848107035,0.6242424120466428,12.67400048994414
Cond00288,100.0,0.002,0.0,0.02,2.0,2.0,0.1,0.5,1.0e-6,0.02,0.0,0.0005,0.22,0.0,0.02,0.2,0.8,2.0,0.02,30.75,2.0,11.0,0.1264055555555556,0.2,0.002,0.02,0.0,10.0,0.0,0.20103056148053092,84.6,0.0001,0.05,0.02,0.1,2.0,0.0,0.002,0.0,0.2,0.1,0.02,0.2,0.01,0.0,0.0,0.08748455203366416,0.24673683257914528,0.6335408753106028,13.45093578132784
Cond00289,100.0,0.002,0.0,0.02,2.0,2.0,0.1,0.5,1.0e-6,0.02,0.0,0.0005,0.22,0.0,0.02,0.2,0.8,2.0,0.02,30.75,2.0,11.0,0.1267388888888889,0.2,0.002,0.02,0.0,10.0,0.0,0.19946224259180154,84.6,0.0001,0.05,0.02,1.0,2.0,0.0,0.002,0.0,0.2,0.1,0.02,0.2,0.01,0.0,0.0,0.10309258891808337,0.18490136325157622,0.6486268610968919,13.27602566706469
Cond00290,100.0,0.002,0.0,0.02,2.0,2.0,0.1,0.5,1.0e-6,0.02,0.0,0.0005,0.22,0.0,0.02,0.2,0.8,2.0,0.02,30.75,2.0,11.0,0.12646111111111125,0.2,0.002,0.02,0.0,10.0,0.0,0.19911858080359054,84.6,0.0001,0.05,0.02,10.0,2.0,0.0,0.002,0.0,0.2,0.1,0.02,0.2,0.01,0.0,0.0,0.08164900370774629,0.25851278472332867,0.6166677341891342,9.888909680501165
Cond00291,100.0,0.002,0.0,0.02,2.0,2.0,0.1,0.5,1.0e-6,0.02,0.0,0.0005,0.22,0.0,0.02,0.2,0.8,2.0,0.02,30.75,2.0,11.0,0.0,0.2,0.002,0.02,0.0,0.0002,0.0,4.30559188555981,84.6,0.0001,0.05,0.02,0.01,2.0,0.0,0.002,0.0,0.2,0.1,0.02,0.2,0.01,0.0,0.0,0.06997154136831253,2.0375762730346185,0.0,12.969653440373555
Cond00292,100.0,0.002,0.0,0.02,2.0,2.0,0.1,0.5,1.0e-6,0.02,0.0,0.0005,0.22,0.0,0.02,0.2,0.8,2.0,0.02,30.75,2.0,11.0,0.11151666666666656,0.2,0.002,0.02,0.0,0.01,0.0,0.16967741838301795,84.6,0.0001,0.05,0.02,0.01,2.0,0.0,0.002,0.0,0.2,0.1,0.02,0.2,0.01,0.0,0.0,0.05697946862899691,0.20593875984717774,0.5958724106955999,26.517010166785028
Cond00293,100.0,0.002,0.0,0.02,2.0,2.0,0.1,0.5,1.0e-6,0.02,0.0,0.0005,0.22,0.0,0.02,0.2,0.8,2.0,0.02,30.75,2.0,11.0,0.09165555555555557,0.2,0.002,0.02,0.0,0.1,0.0,0.15649997038248342,84.6,0.0001,0.05,0.02,0.01,2.0,0.0,0.002,0.0,0.2,0.1,0.02,0.2,0.01,0.0,0.0,0.1347243538976305,0.11201613185947308,0.5453135424192905,31.6622051281338
Cond00294,100.0,0.002,0.0,0.02,2.0,2.0,0.1,0.5,1.0e-6,0.02,0.0,0.0005,0.22,0.0,0.02,0.2,0.8,2.0,0.02,30.75,2.0,11.0,0.0971555555555556,0.2,0.002,0.02,0.0,1.0,0.0,0.1663304187716402,84.6,0.0001,0.05,0.02,0.01,2.0,0.0,0.002,0.0,0.2,0.1,0.02,0.2,0.01,0.0,0.0,0.08702007990772048,0.17529286483547274,0.6056777533711143,22.319413043147208
Cond00295,100.0,0.002,0.0,0.02,2.0,2.0,0.1,0.5,1.0e-6,0.02,0.0,0.0005,0.22,0.0,0.02,0.2,0.8,2.0,0.02,30.75,2.0,11.0,0.10123888888888889,0.2,0.002,0.02,0.01,10.0,0.0,0.1741188108591082,84.6,0.0001,0.05,0.02,0.01,2.0,0.0,0.002,0.0,0.2,0.1,0.02,0.2,0.01,0.0,0.0,0.09408613117216764,0.16454877804472856,0.607122752520373,21.114088496300084
Cond00296,100.0,0.002,0.0,0.02,2.0,2.0,0.1,0.5,1.0e-6,0.02,0.0,0.0005,0.22,0.0,0.02,0.2,0.8,2.0,0.02,30.75,2.0,11.0,0.1021555555555555,0.2,0.002,0.02,0.1,10.0,0.0,0.17620344097617222,84.6,0.0001,0.05,0.02,0.01,2.0,0.0,0.002,0.0,0.2,0.1,0.02,0.2,0.01,0.0,0.0,0.12570061679061456,0.14306251138499898,0.6345475036475043,25.88569008278009
Cond00297,100.0,0.002,0.0,0.02,2.0,2.0,0.1,0.5,1.0e-6,0.02,0.0,0.0005,0.22,0.0,0.02,0.2,0.8,2.0,0.02,30.75,2.0,11.0,0.1049888888888891,0.2,0.002,0.02,1.0,10.0,0.0,0.177410887363466,84.6,0.0001,0.05,0.02,0.01,2.0,0.0,0.002,0.0,0.2,0.1,0.02,0.2,0.01,0.0,0.0,0.06809290513922131,0.208661312678131,0.6312035420551322,14.690191174481546
Cond00298,100.0,0.002,0.0,0.02,2.0,2.0,0.1,0.5,1.0e-6,0.02,0.0,0.0005,0.22,0.0,0.02,0.2,0.8,2.0,0.02,30.75,2.0,11.0,0.10848888888888901,0.2,0.002,0.02,10.0,10.0,0.0,0.1834897988713356,84.6,0.0001,0.05,0.02,0.01,2.0,0.0,0.002,0.0,0.2,0.1,0.02,0.2,0.01,0.0,0.0,0.08600941297532981,0.17102782597141722,0.6561153412653654,19.595397039887203
Cond00299,100.0,0.002,0.0,0.02,2.0,2.0,0.0,0.5,1.0e-6,0.02,0.0,0.0005,0.22,0.0,0.02,0.2,0.8,2.0,0.02,30.75,2.0,11.0,0.12646111111111114,0.2,0.002,0.02,0.0,10.0,0.0,0.19820053848344243,84.6,0.0001,0.05,0.02,0.01,2.0,0.0,0.002,0.0,0.2,0.1,0.02,0.2,0.01,0.0,0.0,0.06527141437977915,0.2275595089589707,0.6307423834243083,11.829414918378568
Cond00300,100.0,0.002,0.0,0.02,2.0,2.0,0.001,0.5,1.0e-6,0.02,0.0,0.0005,0.22,0.0,0.02,0.2,0.8,2.0,0.02,30.75,2.0,11.0,0.12318333333333342,0.2,0.002,0.02,0.0,10.0,0.0,0.195798316797578,84.6,0.0001,0.05,0.02,0.01,2.0,0.0,0.002,0.0,0.2,0.1,0.02,0.2,0.01,0.0,0.0,0.07001504519675116,0.22765322037884106,0.6417931069470467,11.77321795711664
Cond00301,100.0,0.002,0.0,0.02,2.0,2.0,0.01,0.5,1.0e-6,0.02,0.0,0.0005,0.22,0.0,0.02,0.2,0.8,2.0,0.02,30.75,2.0,11.0,0.12296111111111105,0.2,0.002,0.02,0.0,10.0,0.0,0.19595017425945688,84.6,0.0001,0.05,0.02,0.01,2.0,0.0,0.002,0.0,0.2,0.1,0.02,0.2,0.01,0.0,0.0,0.053700163123569705,0.26430439251804355,0.6339031229074457,7.555602540887886
Cond00302,100.0,0.002,0.0,0.02,2.0,2.0,1.0,0.5,1.0e-6,0.02,0.0,0.0005,0.22,0.0,0.02,0.2,0.8,2.0,0.02,30.75,2.0,11.0,0.12551666666666678,0.2,0.002,0.02,0.0,10.0,0.0,0.19715152761596222,84.6,0.0001,0.05,0.02,0.01,2.0,0.0,0.002,0.0,0.2,0.1,0.02,0.2,0.01,0.0,0.0,0.06209515438003643,0.269140310559044,0.6194100029433333,7.8480326786547705
Cond00303,100.0,0.002,0.0,0.02,2.0,2.0,0.1,0.0,1.0e-6,0.02,0.0,0.0005,0.22,0.0,0.02,0.2,0.8,2.0,0.02,30.75,2.0,11.0,0.12087777777777786,0.2,0.002,0.02,0.0,10.0,0.0,0.19370875465354093,84.6,0.0001,0.05,0.02,0.01,2.0,0.0,0.002,0.0,0.2,0.1,0.02,0.2,0.01,0.0,0.0,0.06768994747261567,0.21088340762970012,0.5956837855246468,11.60236041509358
Cond00304,100.0,0.002,0.0,0.02,2.0,2.0,0.1,0.0005,1.0e-6,0.02,0.0,0.0005,0.22,0.0,0.02,0.2,0.8,2.0,0.02,30.75,2.0,11.0,0.11976666666666673,0.2,0.002,0.02,0.0,10.0,0.0,0.19523852296181993,84.6,0.0001,0.05,0.02,0.01,2.0,0.0,0.002,0.0,0.2,0.1,0.02,0.2,0.01,0.0,0.0,0.05910554560375947,0.6035223883794893,0.5860255855529253,8.93500951767745
Cond00305,100.0,0.002,0.0,0.02,2.0,2.0,0.1,0.005,1.0e-6,0.02,0.0,0.0005,0.22,0.0,0.02,0.2,0.8,2.0,0.02,30.75,2.0,11.0,0.12060000000000011,0.2,0.002,0.02,0.0,10.0,0.0,0.19407741107414037,84.6,0.0001,0.05,0.02,0.01,2.0,0.0,0.002,0.0,0.2,0.1,0.02,0.2,0.01,0.0,0.0,0.06900574204077395,0.21820649967657485,0.6001809239647552,10.222216292007959
Cond00306,100.0,0.002,0.0,0.02,2.0,2.0,0.1,0.05,1.0e-6,0.02,0.0,0.0005,0.22,0.0,0.02,0.2,0.8,2.0,0.02,30.75,2.0,11.0,0.12507222222222222,0.2,0.002,0.02,0.0,10.0,0.0,0.19832377926440933,84.6,0.0001,0.05,0.02,0.01,2.0,0.0,0.002,0.0,0.2,0.1,0.02,0.2,0.01,0.0,0.0,0.07243400908817002,0.21859788144637887,0.6522866969297312,10.184117125381016
Cond00307,100.0,0.002,0.0,0.02,2.0,2.0,0.1,0.5,1.0e-6,0.02,0.0,0.0005,0.22,0.0,0.02,0.2,0.8,2.0,0.02,30.75,2.0,11.0,0.12287777777777774,0.2,0.002,0.02,0.0,10.0,0.0,0.194603666471012,84.6,0.0001,0.05,0.0,0.01,2.0,0.0,0.002,0.0,0.2,0.1,0.02,0.2,0.01,0.0,0.0,0.05039515198977227,0.24625514926914704,0.6111524169299805,9.780756680258442
Cond00308,100.0,0.002,0.0,0.02,2.0,2.0,0.1,0.5,1.0e-6,0.02,0.0,0.0005,0.22,0.0,0.02,0.2,0.8,2.0,0.02,30.75,2.0,11.0,0.12373888888888879,0.2,0.002,0.02,0.0,10.0,0.0,0.19679103604205506,84.6,0.0001,0.05,0.002,0.01,2.0,0.0,0.002,0.0,0.2,0.1,0.02,0.2,0.01,0.0,0.0,0.06406752551395843,0.2557497241093689,0.6316813891763976,11.499942284747195
Cond00309,100.0,0.002,0.0,0.02,2.0,2.0,0.1,0.5,1.0e-6,0.02,0.0,0.0005,0.22,0.0,0.02,0.2,0.8,2.0,0.02,30.75,2.0,11.0,0.12362777777777782,0.2,0.002,0.02,0.0,10.0,0.0,0.1953084137711418,84.6,0.0001,0.05,0.2,0.01,2.0,0.0,0.002,0.0,0.2,0.1,0.02,0.2,0.01,0.0,0.0,0.057583169075036945,0.23500143081695438,0.6287583345899723,10.473031281917175
Cond00310,100.0,0.002,0.0,0.02,2.0,2.0,0.1,0.5,1.0e-6,0.02,0.0,0.0005,0.22,0.0,0.02,0.2,0.8,2.0,0.02,30.75,2.0,11.0,0.12604444444444446,0.2,0.002,0.02,0.0,10.0,0.0,0.19741864200786596,84.6,0.0001,0.05,2.0,0.01,2.0,0.0,0.002,0.0,0.2,0.1,0.02,0.2,0.01,0.0,0.0,0.045582645052027394,0.27467905721033775,0.6412095257724164,8.966112170973624
Cond00311,100.0,0.002,0.0,0.02,2.0,2.0,0.1,0.5,1.0e-6,0.02,0.0,0.0005,0.22,0.0,0.02,0.2,0.8,2.0,0.02,30.75,2.0,11.0,0.12282222222222229,0.2,0.002,0.02,0.0,10.0,0.0,0.19546620351735053,84.6,0.0001,0.0,0.02,0.01,2.0,0.0,0.002,0.0,0.2,0.1,0.02,0.2,0.01,0.0,0.0,0.041687794546064354,0.26953990609870165,0.623158403076028,8.259806385092672
Cond00312,100.0,0.002,0.0,0.02,2.0,2.0,0.1,0.5,1.0e-6,0.02,0.0,0.0005,0.22,0.0,0.02,0.2,0.8,2.0,0.02,30.75,2.0,11.0,0.12721111111111116,0.2,0.002,0.02,0.0,10.0,0.0,0.19899742967981038,84.6,0.0001,0.5,0.02,0.01,2.0,0.0,0.002,0.0,0.2,0.1,0.02,0.2,0.01,0.0,0.0,0.0446610898637903,0.4671044335320091,0.6372758802001907,7.015281229749012
Cond00313,100.0,0.002,0.0,0.02,2.0,2.0,0.1,0.5,1.0e-6,0.02,0.0,0.0005,0.22,0.0,0.02,0.2,0.8,2.0,0.02,30.75,2.0,11.0,0.12348888888888895,0.2,0.002,0.02,0.0,10.0,0.0,0.19658864887069208,84.6,0.0001,5.0,0.02,0.01,2.0,0.0,0.002,0.0,0.2,0.1,0.02,0.2,0.01,0.0,0.0,0.06372335188213539,0.3020947985547731,0.6257664959148779,15.09579406577032
Cond00314,100.0,0.002,0.0,0.02,2.0,2.0,0.1,0.5,1.0e-6,0.02,0.0,0.0005,0.22,0.0,0.02,0.2,0.8,2.0,0.02,30.75,2.0,11.0,0.11343333333333334,0.2,0.002,0.02,0.0,10.0,0.0,0.18533080567684385,84.6,0.0001,50.0,0.02,0.01,2.0,0.0,0.002,0.0,0.2,0.1,0.02,0.2,0.01,0.0,0.0,0.024746569239807243,0.1778710720288528,0.5077145036637294,25.08660313071662
Cond00315,100.0,0.002,0.0,0.02,2.0,2.0,0.1,0.5,1.0e-6,0.02,5.0e-5,0.0005,0.22,0.0,0.02,0.2,0.8,2.0,0.02,30.75,2.0,11.0,0.12668333333333323,0.2,0.002,0.02,0.0,10.0,0.0,0.19891710098943724,84.6,0.0001,0.05,0.02,0.01,2.0,0.0,0.002,0.0,0.2,0.1,0.02,0.2,0.01,0.0,0.0,0.0731898740016648,0.20597685899481882,0.6368261894852831,12.686694815467408
Cond00316,100.0,0.002,0.0,0.02,2.0,2.0,0.1,0.5,1.0e-6,0.02,0.0005,0.0005,0.22,0.0,0.02,0.2,0.8,2.0,0.02,30.75,2.0,11.0,0.12754444444444446,0.2,0.002,0.02,0.0,10.0,0.0,0.1975583652691115,84.6,0.0001,0.05,0.02,0.01,2.0,0.0,0.002,0.0,0.2,0.1,0.02,0.2,0.01,0.0,0.0,0.08388889220893371,0.21590155213516968,0.6120287548702714,8.865897501687828
Cond00317,100.0,0.002,0.0,0.02,2.0,2.0,0.1,0.5,1.0e-6,0.02,0.005,0.0005,0.22,0.0,0.02,0.2,0.8,2.0,0.02,30.75,2.0,11.0,0.12643333333333331,0.2,0.002,0.02,0.0,10.0,0.0,0.1964706993713006,84.6,0.0001,0.05,0.02,0.01,2.0,0.0,0.002,0.0,0.2,0.1,0.02,0.2,0.01,0.0,0.0,0.0592835393881977,0.24829653848159472,0.6296702089870443,6.831639040031883
Cond00318,100.0,0.002,0.0,0.02,2.0,2.0,0.1,0.5,1.0e-6,0.02,0.05,0.0005,0.22,0.0,0.02,0.2,0.8,2.0,0.02,30.75,2.0,11.0,0.12667500000000004,0.2,0.002,0.02,0.0,10.0,0.0,0.19953038781688182,84.6,0.0001,0.05,0.02,0.01,2.0,0.0,0.002,0.0,0.2,0.1,0.02,0.2,0.01,0.0,0.0,0.09410072612982157,0.17945236929831912,0.592802029958391,13.856663062571368
Cond00319,100.0,0.002,0.0,0.02,2.0,2.0,0.1,0.5,0.0,0.02,0.0,0.0005,0.22,0.0,0.02,0.2,0.8,2.0,0.02,30.75,2.0,11.0,0.12882222222222234,0.2,0.002,0.02,0.0,10.0,0.0,0.2008179812619091,84.6,0.0001,0.05,0.02,0.01,2.0,0.0,0.002,0.0,0.2,0.1,0.02,0.2,0.01,0.0,0.0,0.06483661115748016,0.23591834852770915,0.6432430027362076,11.917979455251418
Cond00320,100.0,0.002,0.0,0.02,2.0,2.0,0.1,0.5,1.0e-5,0.02,0.0,0.0005,0.22,0.0,0.02,0.2,0.8,2.0,0.02,30.75,2.0,11.0,0.1286555555555555,0.2,0.002,0.02,0.0,10.0,0.0,0.20295213220533279,84.6,0.0001,0.05,0.02,0.01,2.0,0.0,0.002,0.0,0.2,0.1,0.02,0.2,0.01,0.0,0.0,0.1186032812934357,0.19204413328718462,0.6790780329224386,20.198675862681537
Cond00321,100.0,0.002,0.0,0.02,2.0,2.0,0.1,0.5,0.0001,0.02,0.0,0.0005,0.22,0.0,0.02,0.2,0.8,2.0,0.02,30.75,2.0,11.0,0.12693333333333345,0.2,0.002,0.02,0.0,10.0,0.0,0.19931100493066323,84.6,0.0001,0.05,0.02,0.01,2.0,0.0,0.002,0.0,0.2,0.1,0.02,0.2,0.01,0.0,0.0,0.08362396908437,0.22139240931778803,0.6521213094181962,9.007595041459238
Cond00322,100.0,0.002,0.0,0.02,2.0,2.0,0.1,0.5,0.001,0.02,0.0,0.0005,0.22,0.0,0.02,0.2,0.8,2.0,0.02,30.75,2.0,11.0,0.12712777777777778,0.2,0.002,0.02,0.0,10.0,0.0,0.2002146783614943,84.6,0.0001,0.05,0.02,0.01,2.0,0.0,0.002,0.0,0.2,0.1,0.02,0.2,0.01,0.0,0.0,0.09163632310788081,0.2115516430589118,0.6598218222909727,12.387106270193717
Cond00323,100.0,0.002,0.0,0.02,2.0,2.0,0.1,0.5,1.0e-6,0.02,0.0,0.0005,0.22,0.0,0.02,0.2,0.8,2.0,0.02,30.75,2.0,11.0,0.12435000000000011,0.2,0.002,0.02,0.0,10.0,0.0,0.19788975402543263,84.6,0.0,0.05,0.02,0.01,2.0,0.0,0.002,0.0,0.2,0.1,0.02,0.2,0.01,0.0,0.0,0.09860927871339432,0.18381825299876567,0.6124320922034111,17.531992318775174
Cond00324,100.0,0.002,0.0,0.02,2.0,2.0,0.1,0.5,1.0e-6,0.02,0.0,0.0005,0.22,0.0,0.02,0.2,0.8,2.0,0.02,30.75,2.0,11.0,0.12307222222222228,0.2,0.002,0.02,0.0,10.0,0.0,0.19602198349472155,84.6,0.001,0.05,0.02,0.01,2.0,0.0,0.002,0.0,0.2,0.1,0.02,0.2,0.01,0.0,0.0,0.09004420674956025,0.18101481576453604,0.6352892079783846,13.21718337434187
Cond00325,100.0,0.002,0.0,0.02,2.0,2.0,0.1,0.5,1.0e-6,0.02,0.0,0.0005,0.22,0.0,0.02,0.2,0.8,2.0,0.02,30.75,2.0,11.0,0.1244333333333333,0.2,0.002,0.02,0.0,10.0,0.0,0.1974572099256427,84.6,0.01,0.05,0.02,0.01,2.0,0.0,0.002,0.0,0.2,0.1,0.02,0.2,0.01,0.0,0.0,0.09539056452853602,0.17744200124130952,0.6190728105255614,18.553670074193743
Cond00326,100.0,0.002,0.0,0.02,2.0,2.0,0.1,0.5,1.0e-6,0.02,0.0,0.0005,0.22,0.0,0.02,0.2,0.8,2.0,0.02,30.75,2.0,11.0,0.12626666666666664,0.2,0.002,0.02,0.0,10.0,0.0,0.1968333668458235,84.6,0.1,0.05,0.02,0.01,2.0,0.0,0.002,0.0,0.2,0.1,0.02,0.2,0.01,0.0,0.0,0.08048281276035046,0.21024430861926324,0.6105094690238142,15.507596767766406
Cond00327,100.0,0.002,0.0,0.02,2.0,2.0,0.1,0.5,1.0e-6,0.02,0.0,0.0005,0.22,0.0,0.02,0.2,0.8,2.0,0.02,30.75,2.0,11.0,0.12454444444444451,0.2,0.002,0.02,0.0,10.0,0.0,0.1981297813815521,84.6,0.0001,0.05,0.02,0.01,2.0,0.0,0.002,0.0,0.2,0.1,0.02,0.2,0.01,0.0,1.0e-5,0.08883648620187658,0.2042303596873664,0.6420453327833404,10.39960081707468
Cond00328,100.0,0.002,0.0,0.02,2.0,2.0,0.1,0.5,1.0e-6,0.02,0.0,0.0005,0.22,0.0,0.02,0.2,0.8,2.0,0.02,30.75,2.0,11.0,0.12587777777777787,0.2,0.002,0.02,0.0,10.0,0.0,0.19813787985963877,84.6,0.0001,0.05,0.02,0.01,2.0,0.0,0.002,0.0,0.2,0.1,0.02,0.2,0.01,0.0,0.0001,0.11367824864616671,0.1635895155617559,0.6304469780249606,16.446348559137515
Cond00329,100.0,0.002,0.0,0.02,2.0,2.0,0.1,0.5,1.0e-6,0.02,0.0,0.0005,0.22,0.0,0.02,0.2,0.8,2.0,0.02,30.75,2.0,11.0,0.12437777777777785,0.2,0.002,0.02,0.0,10.0,0.0,0.1952727769734249,84.6,0.0001,0.05,0.02,0.01,2.0,0.0,0.002,0.0,0.2,0.1,0.02,0.2,0.01,0.0,0.001,0.08985498537014147,0.1848954363113437,0.625449729550664,14.736582491701695
Cond00330,100.0,0.002,0.0,0.02,2.0,2.0,0.1,0.5,1.0e-6,0.02,0.0,0.0005,0.22,0.0,0.02,0.2,0.8,2.0,0.02,30.75,2.0,11.0,0.12571111111111122,0.2,0.002,0.02,0.0,10.0,0.0,0.19754518434752855,84.6,0.0001,0.05,0.02,0.01,2.0,0.0,0.002,0.0,0.2,0.1,0.02,0.2,0.01,0.0,0.01,0.13499182989453296,0.1544624802250022,0.6298550825578851,19.60797864846949
Cond00331,100.0,0.002,0.0,0.02,2.0,2.0,0.1,0.5,1.0e-6,0.02,0.0,0.0005,0.22,0.0,0.02,0.2,0.8,2.0,0.02,30.75,2.0,11.0,0.1261555555555557,0.2,0.002,0.02,0.0,10.0,0.0,0.20078990037325573,84.6,0.0001,0.05,0.02,0.01,2.0,0.0,0.002,0.0,0.2,0.0,0.02,0.2,0.01,0.0,0.0,0.07431455669852978,1.5851678258825432,0.6064496975179777,11.690032127745065
Cond00332,100.0,0.002,0.0,0.02,2.0,2.0,0.1,0.5,1.0e-6,0.02,0.0,0.0005,0.22,0.0,0.02,0.2,0.8,2.0,0.02,30.75,2.0,11.0,0.1381277777777778,0.2,0.002,0.02,0.0,10.0,0.0,0.20464075540447488,84.6,0.0001,0.05,0.02,0.01,2.0,0.0,0.002,0.0,0.2,0.0001,0.02,0.2,0.01,0.0,0.0,0.09207932410042104,0.2093002297963226,0.7262220560555255,11.954068450629244
Cond00333,100.0,0.002,0.0,0.02,2.0,2.0,0.1,0.5,1.0e-6,0.02,0.0,0.0005,0.22,0.0,0.02,0.2,0.8,2.0,0.02,30.75,2.0,11.0,0.1286277777777778,0.2,0.002,0.02,0.0,10.0,0.0,0.19904482769019674,84.6,0.0001,0.05,0.02,0.01,2.0,0.0,0.002,0.0,0.2,0.001,0.02,0.2,0.01,0.0,0.0,0.057933332751985964,1.6910340920093632,0.7015195058701938,8.06543469184957
Cond00334,100.0,0.002,0.0,0.02,2.0,2.0,0.1,0.5,1.0e-6,0.02,0.0,0.0005,0.22,0.0,0.02,0.2,0.8,2.0,0.02,30.75,2.0,11.0,0.12551666666666667,0.2,0.002,0.02,0.0,10.0,0.0,0.19751849014670253,84.6,0.0001,0.05,0.02,0.01,2.0,0.0,0.002,0.0,0.2,0.01,0.02,0.2,0.01,0.0,0.0,0.043352175210741424,0.2633416055663632,0.619476284941304,6.928663784463844
Cond00335,100.0,0.002,0.0,0.02,2.0,2.0,0.1,0.5,1.0e-6,0.02,0.0,0.0005,0.22,0.0,0.02,0.2,0.8,2.0,0.02,30.75,2.0,11.0,0.1281277777777778,0.2,0.002,0.02,0.0,10.0,0.0,0.19895489806380973,84.6,0.0001,0.05,0.02,0.01,2.0,0.0,0.0,0.0,0.2,0.1,0.02,0.2,0.01,0.0,0.0,0.04109693412512659,0.27972449278970685,0.6323433333266592,7.4547550769833215
Cond00336,100.0,0.002,0.0,0.02,2.0,2.0,0.1,0.5,1.0e-6,0.02,0.0,0.0005,0.22,0.0,0.02,0.2,0.8,2.0,0.02,30.75,2.0,11.0,0.12557222222222222,0.2,0.002,0.02,0.0,10.0,0.0,0.19704988704030105,84.6,0.0001,0.05,0.02,0.01,2.0,0.0,0.0002,0.0,0.2,0.1,0.02,0.2,0.01,0.0,0.0,0.051842019290985544,0.26543232950376994,0.6359090450070854,9.946805067160021
Cond00337,100.0,0.002,0.0,0.02,2.0,2.0,0.1,0.5,1.0e-6,0.02,0.0,0.0005,0.22,0.0,0.02,0.2,0.8,2.0,0.02,30.75,2.0,11.0,0.13682222222222223,0.2,0.002,0.02,0.0,10.0,0.0,0.20369227692645023,84.6,0.0001,0.05,0.02,0.01,2.0,0.0,0.02,0.0,0.2,0.1,0.02,0.2,0.01,0.0,0.0,0.11795171892383907,0.28202178963403707,0.7369698335577858,7.839064751090766
Cond00338,100.0,0.002,0.0,0.02,2.0,2.0,0.1,0.5,1.0e-6,0.02,0.0,0.0005,0.22,0.0,0.02,0.2,0.8,2.0,0.02,30.75,2.0,11.0,0.12723888888888893,0.2,0.002,0.02,0.0,10.0,0.0,0.19891553172059376,84.6,0.0001,0.05,0.02,0.01,2.0,0.0,0.2,0.0,0.2,0.1,0.02,0.2,0.01,0.0,0.0,0.047843982324519155,0.2663030014072618,0.6376616445663582,9.013703354289898
Cond00339,100.0,0.002,0.0,0.02,2.0,2.0,0.1,0.5,1.0e-6,0.02,0.0,0.0,0.22,0.0,0.02,0.2,0.8,2.0,0.02,30.75,2.0,11.0,0.1225166666666667,0.2,0.002,0.02,0.0,10.0,0.0,0.19656637059338056,84.6,0.0001,0.05,0.02,0.01,2.0,0.0,0.002,0.0,0.2,0.1,0.02,0.2,0.01,0.0,0.0,0.12475109574702452,0.1554285681862829,0.6408688875417806,20.607704107679776
Cond00340,100.0,0.002,0.0,0.02,2.0,2.0,0.1,0.5,1.0e-6,0.02,0.0,5.0e-6,0.22,0.0,0.02,0.2,0.8,2.0,0.02,30.75,2.0,11.0,0.1265444444444446,0.2,0.002,0.02,0.0,10.0,0.0,0.19987837363786565,84.6,0.0001,0.05,0.02,0.01,2.0,0.0,0.002,0.0,0.2,0.1,0.02,0.2,0.01,0.0,0.0,0.09126449487116912,0.17835861809859097,0.6423956556645033,13.877831969797393
Cond00341,100.0,0.002,0.0,0.02,2.0,2.0,0.1,0.5,1.0e-6,0.02,0.0,5.0e-5,0.22,0.0,0.02,0.2,0.8,2.0,0.02,30.75,2.0,11.0,0.12287777777777774,0.2,0.002,0.02,0.0,10.0,0.0,0.20611629790098907,84.6,0.0001,0.05,0.02,0.01,2.0,0.0,0.002,0.0,0.2,0.1,0.02,0.2,0.01,0.0,0.0,0.12234326018326452,1.144298807694479,0.6268802677435683,17.93538944133418
Cond00342,100.0,0.002,0.0,0.02,2.0,2.0,0.1,0.5,1.0e-6,0.02,0.0,0.005,0.22,0.0,0.02,0.2,0.8,2.0,0.02,30.75,2.0,11.0,0.12360000000000008,0.2,0.002,0.02,0.0,10.0,0.0,0.19473844737850393,84.6,0.0001,0.05,0.02,0.01,2.0,0.0,0.002,0.0,0.2,0.1,0.02,0.2,0.01,0.0,0.0,0.1031479502787162,0.1627030336657475,0.6222502986612222,20.476352640502583
Cond00343,100.0,0.002,0.0,0.02,2.0,2.0,0.1,0.5,1.0e-6,0.02,0.0,0.0005,0.22,0.0,0.02,0.2,0.8,2.0,0.02,30.75,2.0,11.0,0.12434166666666677,0.2,0.002,0.02,0.0,10.0,0.0,0.19711708975200432,84.6,0.0001,0.05,0.02,0.01,2.0,0.0,0.002,5.0e-5,0.2,0.1,0.02,0.2,0.01,0.0,0.0,0.12379320947166123,0.15364820167490537,0.6205359125717809,16.58625661577302
Cond00344,100.0,0.002,0.0,0.02,2.0,2.0,0.1,0.5,1.0e-6,0.02,0.0,0.0005,0.22,0.0,0.02,0.2,0.8,2.0,0.02,30.75,2.0,11.0,0.12501666666666666,0.2,0.002,0.02,0.0,10.0,0.0,0.1975807981716781,84.6,0.0001,0.05,0.02,0.01,2.0,0.0,0.002,0.0005,0.2,0.1,0.02,0.2,0.01,0.0,0.0,0.1152409566592635,0.15507732597470178,0.623430576521846,17.507305434403158
Cond00345,100.0,0.002,0.0,0.02,2.0,2.0,0.1,0.5,1.0e-6,0.02,0.0,0.0005,0.22,0.0,0.02,0.2,0.8,2.0,0.02,30.75,2.0,11.0,0.12079444444444443,0.2,0.002,0.02,0.0,10.0,0.0,0.19089634788618437,84.6,0.0001,0.05,0.02,0.01,2.0,0.0,0.002,0.005,0.2,0.1,0.02,0.2,0.01,0.0,0.0,0.015499423460973652,0.3392462167575132,0.6781170874323846,9.73697803335387
Cond00346,100.0,0.002,0.0,0.02,2.0,2.0,0.1,0.5,1.0e-6,0.02,0.0,0.0005,0.22,0.0,0.02,0.2,0.8,2.0,0.02,30.75,2.0,11.0,0.10693333333333324,0.2,0.002,0.02,0.0,10.0,0.0,16.801159629363163,84.6,0.0001,0.05,0.02,0.01,2.0,0.0,0.002,0.05,0.2,0.1,0.02,0.2,0.01,0.0,0.0,9.7641981234727e-5,0.4430293626677008,0.7230508244662478,16.961467378549678
Cond00347,100.0,0.002,0.0,0.02,2.0,2.0,0.1,0.5,1.0e-6,0.02,0.0,0.0005,0.22,0.0,0.02,0.2,0.0,2.0,0.02,30.75,2.0,11.0,0.12246111111111123,0.2,0.002,0.02,0.0,10.0,0.0,0.19600788119925522,84.6,0.0001,0.05,0.02,0.01,2.0,0.0,0.002,0.0,0.2,0.1,0.02,0.2,0.01,0.0,0.0,0.1115730811369848,0.1574298851092477,0.6149829237019908,19.090633724679144
Cond00348,100.0,0.002,0.0,0.02,2.0,2.0,0.1,0.5,1.0e-6,0.02,0.0,0.0005,0.22,0.0,0.02,0.2,0.0008,2.0,0.02,30.75,2.0,11.0,0.12354444444444446,0.2,0.002,0.02,0.0,10.0,0.0,0.19704063912437594,84.6,0.0001,0.05,0.02,0.01,2.0,0.0,0.002,0.0,0.2,0.1,0.02,0.2,0.01,0.0,0.0,0.10114971114554708,0.17080376527266697,0.6356168047817605,16.429242568416395
Cond00349,100.0,0.002,0.0,0.02,2.0,2.0,0.1,0.5,1.0e-6,0.02,0.0,0.0005,0.22,0.0,0.02,0.2,0.008,2.0,0.02,30.75,2.0,11.0,0.12154444444444445,0.2,0.002,0.02,0.0,10.0,0.0,0.19391689381128627,84.6,0.0001,0.05,0.02,0.01,2.0,0.0,0.002,0.0,0.2,0.1,0.02,0.2,0.01,0.0,0.0,0.09791176870624493,0.20350525689106613,0.6183743594581532,15.49063871573609
Cond00350,100.0,0.002,0.0,0.02,2.0,2.0,0.1,0.5,1.0e-6,0.02,0.0,0.0005,0.22,0.0,0.02,0.2,0.08,2.0,0.02,30.75,2.0,11.0,0.12396111111111112,0.2,0.002,0.02,0.0,10.0,0.0,0.19684194113026526,84.6,0.0001,0.05,0.02,0.01,2.0,0.0,0.002,0.0,0.2,0.1,0.02,0.2,0.01,0.0,0.0,0.10334852666624521,0.17546261086585563,0.6240669155426943,16.28458834630065
Cond00351,100.0,0.002,0.0001,0.02,2.0,2.0,0.1,0.5,1.0e-6,0.02,0.0,0.0005,0.22,0.0,0.02,0.2,0.8,2.0,0.02,30.75,2.0,11.0,0.12375833333333335,0.2,0.002,0.02,0.0,10.0,0.0,0.19803489147846196,84.6,0.0001,0.05,0.02,0.01,2.0,0.0,0.002,0.0,0.2,0.1,0.02,0.2,0.01,0.0,0.0,0.13454651277090998,0.1824270976462882,0.6311065983823976,19.32855578455062
Cond00352,100.0,0.002,0.001,0.02,2.0,2.0,0.1,0.5,1.0e-6,0.02,0.0,0.0005,0.22,0.0,0.02,0.2,0.8,2.0,0.02,30.75,2.0,11.0,0.12734999999999996,0.2,0.002,0.02,0.0,10.0,0.0,0.2022544320152385,84.6,0.0001,0.05,0.02,0.01,2.0,0.0,0.002,0.0,0.2,0.1,0.02,0.2,0.01,0.0,0.0,0.07500034726184729,0.6280180637246814,0.6245256953105828,8.362717900996824
Cond00353,100.0,0.002,0.01,0.02,2.0,2.0,0.1,0.5,1.0e-6,0.02,0.0,0.0005,0.22,0.0,0.02,0.2,0.8,2.0,0.02,30.75,2.0,11.0,0.13626666666666665,0.2,0.002,0.02,0.0,10.0,0.0,0.20680155764164174,84.6,0.0001,0.05,0.02,0.01,2.0,0.0,0.002,0.0,0.2,0.1,0.02,0.2,0.01,0.0,0.0,0.09610098643886142,0.19989447648634734,0.6553116692701682,10.562905938879867
Cond00354,100.0,0.002,0.1,0.02,2.0,2.0,0.1,0.5,1.0e-6,0.02,0.0,0.0005,0.22,0.0,0.02,0.2,0.8,2.0,0.02,30.75,2.0,11.0,0.09623888888888885,0.2,0.002,0.02,0.0,10.0,0.0,0.17484653688727927,84.6,0.0001,0.05,0.02,0.01,2.0,0.0,0.002,0.0,0.2,0.1,0.02,0.2,0.01,0.0,0.0,0.09267464076071233,0.5716028896677483,0.4165662767750682,22.13532678972309
Cond00355,1.0,0.018181818181818184,0.0009090909090909091,0.018181818181818184,0.018181818181818184,0.018181818181818184,0.009090909090909092,0.005,9.090909090909093e-6,0.018181818181818184,0.00045454545454545455,5.0e-5,2.0,0.018181818181818184,0.018181818181818184,0.018181818181818184,0.007272727272727273,0.018181818181818184,0.018181818181818184,0.0615,0.18181818181818182,11.0,0.0,0.018181818181818184,0.018181818181818184,0.018181818181818184,0.09090909090909091,0.09090909090909091,1.0,5.091156440428106,42.3,0.0009090909090909091,0.5,0.018181818181818184,0.09090909090909091,0.018181818181818184,0.018181818181818184,0.0018181818181818182,0.0005,0.018181818181818184,0.0009090909090909091,0.018181818181818184,0.018181818181818184,0.009090909090909092,0.018181818181818184,9.090909090909092e-5,4.1879470004945905,3.0969003459283906,0.0,8.462864336722461
Cond00356,1.0,0.018181818181818184,0.0009090909090909091,0.018181818181818184,0.018181818181818184,0.018181818181818184,0.009090909090909092,0.005,9.090909090909093e-6,0.018181818181818184,0.00045454545454545455,5.0e-5,2.0,0.018181818181818184,0.018181818181818184,0.018181818181818184,0.007272727272727273,0.018181818181818184,0.018181818181818184,30.75,0.18181818181818182,11.0,0.2561277777777777,0.018181818181818184,0.018181818181818184,0.018181818181818184,0.09090909090909091,0.09090909090909091,1.0,0.3336355860032538,42.3,0.0009090909090909091,0.5,0.018181818181818184,0.09090909090909091,0.018181818181818184,0.018181818181818184,0.0018181818181818182,0.0005,0.018181818181818184,0.0009090909090909091,0.018181818181818184,0.018181818181818184,0.009090909090909092,0.018181818181818184,9.090909090909092e-5,0.23782205979759846,0.25450100772649636,1.1554872827049192,2.946293213299932
Cond00357,1.0,0.018181818181818184,0.0009090909090909091,0.018181818181818184,0.018181818181818184,0.018181818181818184,0.009090909090909092,0.005,9.090909090909093e-6,0.018181818181818184,0.00045454545454545455,5.0e-5,2.0,0.018181818181818184,0.018181818181818184,0.018181818181818184,0.007272727272727273,0.018181818181818184,0.018181818181818184,61.5,0.18181818181818182,11.0,0.26239629629629646,0.018181818181818184,0.018181818181818184,0.018181818181818184,0.09090909090909091,0.09090909090909091,1.0,0.33900545682765393,42.3,0.0009090909090909091,0.5,0.018181818181818184,0.09090909090909091,0.018181818181818184,0.018181818181818184,0.0018181818181818182,0.0005,0.018181818181818184,0.0009090909090909091,0.018181818181818184,0.018181818181818184,0.009090909090909092,0.018181818181818184,9.090909090909092e-5,0.17444898624481917,0.2953938287180918,1.1703040474247548,2.6723357226888393
Cond00358,1.0,0.018181818181818184,0.0009090909090909091,0.018181818181818184,0.018181818181818184,0.018181818181818184,0.009090909090909092,0.005,9.090909090909093e-6,0.018181818181818184,0.00045454545454545455,5.0e-5,2.0,0.018181818181818184,0.018181818181818184,0.018181818181818184,0.007272727272727273,0.018181818181818184,0.018181818181818184,92.25,0.18181818181818182,11.0,0.23679444444444467,0.018181818181818184,0.018181818181818184,0.018181818181818184,0.09090909090909091,0.09090909090909091,1.0,0.3085004724769123,42.3,0.0009090909090909091,0.5,0.018181818181818184,0.09090909090909091,0.018181818181818184,0.018181818181818184,0.0018181818181818182,0.0005,0.018181818181818184,0.0009090909090909091,0.018181818181818184,0.018181818181818184,0.009090909090909092,0.018181818181818184,9.090909090909092e-5,0.15530888581476948,0.23935978846534894,1.1545786725324447,3.954166991437349
Cond00359,1.0,0.018181818181818184,0.0009090909090909091,0.018181818181818184,0.018181818181818184,0.018181818181818184,0.009090909090909092,0.005,9.090909090909093e-6,0.018181818181818184,0.00045454545454545455,5.0e-5,2.0,0.018181818181818184,0.018181818181818184,0.018181818181818184,0.007272727272727273,0.018181818181818184,0.018181818181818184,123.0,0.18181818181818182,11.0,0.31771111111111106,0.018181818181818184,0.018181818181818184,0.018181818181818184,0.09090909090909091,0.09090909090909091,1.0,0.3519308643307907,42.3,0.0009090909090909091,0.5,0.018181818181818184,0.09090909090909091,0.018181818181818184,0.018181818181818184,0.0018181818181818182,0.0005,0.018181818181818184,0.0009090909090909091,0.018181818181818184,0.018181818181818184,0.009090909090909092,0.018181818181818184,9.090909090909092e-5,0.11316731890913743,0.2747196651270277,1.1361460136849963,4.146214856637814
Cond00360,1.0,0.018181818181818184,0.0009090909090909091,0.018181818181818184,0.018181818181818184,0.018181818181818184,0.009090909090909092,0.005,9.090909090909093e-6,0.018181818181818184,0.00045454545454545455,5.0e-5,2.0,0.018181818181818184,0.018181818181818184,0.018181818181818184,0.007272727272727273,0.018181818181818184,0.018181818181818184,61.5,0.18181818181818182,0.0385,0.26126666666666665,0.018181818181818184,0.018181818181818184,0.018181818181818184,0.09090909090909091,0.09090909090909091,1.0,0.33744109539781975,42.3,0.0009090909090909091,0.5,0.018181818181818184,0.09090909090909091,0.018181818181818184,0.018181818181818184,0.0018181818181818182,0.0005,0.018181818181818184,0.0009090909090909091,0.018181818181818184,0.018181818181818184,0.009090909090909092,0.018181818181818184,9.090909090909092e-5,0.18590191335873862,0.27869262924871774,1.1900218636650401,2.829133793837823
Cond00361,1.0,0.018181818181818184,0.0009090909090909091,0.018181818181818184,0.018181818181818184,0.018181818181818184,0.009090909090909092,0.005,9.090909090909093e-6,0.018181818181818184,0.00045454545454545455,5.0e-5,2.0,0.018181818181818184,0.018181818181818184,0.018181818181818184,0.007272727272727273,0.018181818181818184,0.018181818181818184,61.5,0.18181818181818182,22.0,0.25968333333333327,0.018181818181818184,0.018181818181818184,0.018181818181818184,0.09090909090909091,0.09090909090909091,1.0,0.33806656497899557,42.3,0.0009090909090909091,0.5,0.018181818181818184,0.09090909090909091,0.018181818181818184,0.018181818181818184,0.0018181818181818182,0.0005,0.018181818181818184,0.0009090909090909091,0.018181818181818184,0.018181818181818184,0.009090909090909092,0.018181818181818184,9.090909090909092e-5,0.19916689821555866,0.2727862152298773,1.162942425120248,2.938156214323406
Cond00362,1.0,0.018181818181818184,0.0009090909090909091,0.018181818181818184,0.018181818181818184,0.018181818181818184,0.009090909090909092,0.005,9.090909090909093e-6,0.018181818181818184,0.00045454545454545455,5.0e-5,2.0,0.018181818181818184,0.018181818181818184,0.018181818181818184,0.007272727272727273,0.018181818181818184,0.018181818181818184,61.5,0.18181818181818182,38.5,0.26062777777777785,0.018181818181818184,0.018181818181818184,0.018181818181818184,0.09090909090909091,0.09090909090909091,1.0,0.337317325809523,42.3,0.0009090909090909091,0.5,0.018181818181818184,0.09090909090909091,0.018181818181818184,0.018181818181818184,0.0018181818181818182,0.0005,0.018181818181818184,0.0009090909090909091,0.018181818181818184,0.018181818181818184,0.009090909090909092,0.018181818181818184,9.090909090909092e-5,0.17593221811220905,0.2787262990250111,1.1651977999466552,2.788411594509263
Cond00363,1.0,0.018181818181818184,0.0009090909090909091,0.018181818181818184,0.018181818181818184,0.018181818181818184,0.009090909090909092,0.005,9.090909090909093e-6,0.018181818181818184,0.00045454545454545455,5.0e-5,2.0,0.018181818181818184,0.018181818181818184,0.018181818181818184,0.007272727272727273,0.018181818181818184,0.018181818181818184,61.5,0.18181818181818182,77.0,0.26796111111111093,0.018181818181818184,0.018181818181818184,0.018181818181818184,0.09090909090909091,0.09090909090909091,1.0,0.3447344093689653,42.3,0.0009090909090909091,0.5,0.018181818181818184,0.09090909090909091,0.018181818181818184,0.018181818181818184,0.0018181818181818182,0.0005,0.018181818181818184,0.0009090909090909091,0.018181818181818184,0.018181818181818184,0.009090909090909092,0.018181818181818184,9.090909090909092e-5,0.16861815547635092,0.27034980411915654,1.2259603428908608,3.050872470296393
Cond00364,1.0,0.018181818181818184,0.0009090909090909091,0.018181818181818184,0.018181818181818184,0.018181818181818184,0.009090909090909092,0.005,9.090909090909093e-6,0.018181818181818184,0.00045454545454545455,5.0e-5,2.0,0.018181818181818184,0.018181818181818184,0.018181818181818184,0.007272727272727273,0.018181818181818184,0.018181818181818184,61.5,0.18181818181818182,11.0,0.2766833333333334,0.018181818181818184,0.018181818181818184,0.018181818181818184,0.09090909090909091,0.09090909090909091,1.0,0.3298568858152009,0.0,0.0009090909090909091,0.5,0.018181818181818184,0.09090909090909091,0.018181818181818184,0.018181818181818184,0.0018181818181818182,0.0005,0.018181818181818184,0.0009090909090909091,0.018181818181818184,0.018181818181818184,0.009090909090909092,0.018181818181818184,9.090909090909092e-5,0.19303098944738717,0.2998958394434278,1.2186725632868347,2.888444524373449
Cond00365,1.0,0.018181818181818184,0.0009090909090909091,0.018181818181818184,0.018181818181818184,0.018181818181818184,0.009090909090909092,0.005,9.090909090909093e-6,0.018181818181818184,0.00045454545454545455,5.0e-5,2.0,0.018181818181818184,0.018181818181818184,0.018181818181818184,0.007272727272727273,0.018181818181818184,0.018181818181818184,61.5,0.18181818181818182,11.0,0.2672388888888891,0.018181818181818184,0.018181818181818184,0.018181818181818184,0.09090909090909091,0.09090909090909091,1.0,0.34271476454087657,21.15,0.0009090909090909091,0.5,0.018181818181818184,0.09090909090909091,0.018181818181818184,0.018181818181818184,0.0018181818181818182,0.0005,0.018181818181818184,0.0009090909090909091,0.018181818181818184,0.018181818181818184,0.009090909090909092,0.018181818181818184,9.090909090909092e-5,0.1733487073800512,0.3131747858860168,1.1728809430664375,2.5030252449413712
Cond00366,1.0,0.018181818181818184,0.0009090909090909091,0.018181818181818184,0.018181818181818184,0.018181818181818184,0.009090909090909092,0.005,9.090909090909093e-6,0.018181818181818184,0.00045454545454545455,5.0e-5,2.0,0.018181818181818184,0.018181818181818184,0.018181818181818184,0.007272727272727273,0.018181818181818184,0.018181818181818184,61.5,0.18181818181818182,11.0,0.2596000000000001,0.018181818181818184,0.018181818181818184,0.018181818181818184,0.09090909090909091,0.09090909090909091,1.0,0.33955494986893564,63.45,0.0009090909090909091,0.5,0.018181818181818184,0.09090909090909091,0.018181818181818184,0.018181818181818184,0.0018181818181818182,0.0005,0.018181818181818184,0.0009090909090909091,0.018181818181818184,0.018181818181818184,0.009090909090909092,0.018181818181818184,9.090909090909092e-5,0.1494633318059017,0.3040883611172912,1.1551827228531668,2.4472446577998515
Cond00367,1.0,0.018181818181818184,0.0009090909090909091,0.018181818181818184,0.018181818181818184,0.018181818181818184,0.009090909090909092,0.005,9.090909090909093e-6,0.018181818181818184,0.00045454545454545455,5.0e-5,2.0,0.018181818181818184,0.018181818181818184,0.018181818181818184,0.007272727272727273,0.018181818181818184,0.018181818181818184,61.5,0.18181818181818182,11.0,0.2562944444444445,0.018181818181818184,0.018181818181818184,0.018181818181818184,0.09090909090909091,0.09090909090909091,1.0,0.33561470385619424,84.6,0.0009090909090909091,0.5,0.018181818181818184,0.09090909090909091,0.018181818181818184,0.018181818181818184,0.0018181818181818182,0.0005,0.018181818181818184,0.0009090909090909091,0.018181818181818184,0.018181818181818184,0.009090909090909092,0.018181818181818184,9.090909090909092e-5,0.14547951914916565,0.27323229618586997,1.1504507568685836,2.8972870224466476
Cond00368,1.0,0.018181818181818184,0.0009090909090909091,0.018181818181818184,0.018181818181818184,0.018181818181818184,0.009090909090909092,0.005,9.090909090909093e-6,0.018181818181818184,0.00045454545454545455,5.0e-5,0.02,0.018181818181818184,0.018181818181818184,0.018181818181818184,0.007272727272727273,0.018181818181818184,0.018181818181818184,61.5,0.18181818181818182,11.0,0.07968333333333327,0.018181818181818184,0.018181818181818184,0.018181818181818184,0.09090909090909091,0.09090909090909091,1.0,0.1594481133368273,42.3,0.0009090909090909091,0.5,0.018181818181818184,0.09090909090909091,0.018181818181818184,0.018181818181818184,0.0018181818181818182,0.0005,0.018181818181818184,0.0009090909090909091,0.018181818181818184,0.018181818181818184,0.009090909090909092,0.018181818181818184,9.090909090909092e-5,0.24242664011295117,0.09667489074440129,0.9599009782091132,12.027468153667167
Cond00369,1.0,0.018181818181818184,0.0009090909090909091,0.018181818181818184,0.018181818181818184,0.018181818181818184,0.009090909090909092,0.005,9.090909090909093e-6,0.018181818181818184,0.00045454545454545455,5.0e-5,0.22,0.018181818181818184,0.018181818181818184,0.018181818181818184,0.007272727272727273,0.018181818181818184,0.018181818181818184,61.5,0.18181818181818182,11.0,0.09771111111111114,0.018181818181818184,0.018181818181818184,0.018181818181818184,0.09090909090909091,0.09090909090909091,1.0,0.17760558755913822,42.3,0.0009090909090909091,0.5,0.018181818181818184,0.09090909090909091,0.018181818181818184,0.018181818181818184,0.0018181818181818182,0.0005,0.018181818181818184,0.0009090909090909091,0.018181818181818184,0.018181818181818184,0.009090909090909092,0.018181818181818184,9.090909090909092e-5,0.33416847053275023,0.12403941656357866,1.2839773711033082,6.740723224262608
Cond00370,1.0,0.018181818181818184,0.0009090909090909091,0.018181818181818184,0.018181818181818184,0.018181818181818184,0.009090909090909092,0.005,9.090909090909093e-6,0.018181818181818184,0.00045454545454545455,5.0e-5,20.0,0.018181818181818184,0.018181818181818184,0.018181818181818184,0.007272727272727273,0.018181818181818184,0.018181818181818184,61.5,0.18181818181818182,11.0,0.40348888888888884,0.018181818181818184,0.018181818181818184,0.018181818181818184,0.09090909090909091,0.09090909090909091,1.0,0.4510193379735269,42.3,0.0009090909090909091,0.5,0.018181818181818184,0.09090909090909091,0.018181818181818184,0.018181818181818184,0.0018181818181818182,0.0005,0.018181818181818184,0.0009090909090909091,0.018181818181818184,0.018181818181818184,0.009090909090909092,0.018181818181818184,9.090909090909092e-5,0.14853703726735273,0.4487821001680879,1.0960564225690457,1.4001134975941953
Cond00371,1.0,0.018181818181818184,0.0009090909090909091,0.018181818181818184,0.018181818181818184,0.018181818181818184,0.009090909090909092,0.005,9.090909090909093e-6,0.018181818181818184,0.00045454545454545455,5.0e-5,200.0,0.018181818181818184,0.018181818181818184,0.018181818181818184,0.007272727272727273,0.018181818181818184,0.018181818181818184,61.5,0.18181818181818182,11.0,0.3861277777777775,0.018181818181818184,0.018181818181818184,0.018181818181818184,0.09090909090909091,0.09090909090909091,1.0,0.45422257708771074,42.3,0.0009090909090909091,0.5,0.018181818181818184,0.09090909090909091,0.018181818181818184,0.018181818181818184,0.0018181818181818182,0.0005,0.018181818181818184,0.0009090909090909091,0.018181818181818184,0.018181818181818184,0.009090909090909092,0.018181818181818184,9.090909090909092e-5,0.08657684934064676,0.4233080521614396,1.1087247109617493,1.737337495257106
Cond00372,0.015,0.018181818181818184,0.0009090909090909091,0.018181818181818184,0.018181818181818184,0.018181818181818184,0.009090909090909092,0.005,9.090909090909093e-6,0.018181818181818184,0.00045454545454545455,5.0e-5,2.0,0.018181818181818184,0.018181818181818184,0.018181818181818184,0.007272727272727273,0.018181818181818184,0.018181818181818184,61.5,0.18181818181818182,11.0,0.24798888888888854,0.018181818181818184,0.018181818181818184,0.018181818181818184,0.09090909090909091,0.09090909090909091,1.0,0.3089060791987508,42.3,0.0009090909090909091,0.5,0.018181818181818184,0.09090909090909091,0.018181818181818184,0.018181818181818184,0.0018181818181818182,0.0005,0.018181818181818184,0.0009090909090909091,0.018181818181818184,0.018181818181818184,0.009090909090909092,0.018181818181818184,9.090909090909092e-5,0.2127141659454149,0.3018815878984492,1.212660929916583,2.8622462510189637
Cond00373,0.115,0.018181818181818184,0.0009090909090909091,0.018181818181818184,0.018181818181818184,0.018181818181818184,0.009090909090909092,0.005,9.090909090909093e-6,0.018181818181818184,0.00045454545454545455,5.0e-5,2.0,0.018181818181818184,0.018181818181818184,0.018181818181818184,0.007272727272727273,0.018181818181818184,0.018181818181818184,61.5,0.18181818181818182,11.0,0.22451666666666684,0.018181818181818184,0.018181818181818184,0.018181818181818184,0.09090909090909091,0.09090909090909091,1.0,0.3038979606897834,42.3,0.0009090909090909091,0.5,0.018181818181818184,0.09090909090909091,0.018181818181818184,0.018181818181818184,0.0018181818181818182,0.0005,0.018181818181818184,0.0009090909090909091,0.018181818181818184,0.018181818181818184,0.009090909090909092,0.018181818181818184,9.090909090909092e-5,0.21861801656229896,0.24222300913965725,1.1103507110573398,3.1058896198053194
Cond00374,10.0,0.018181818181818184,0.0009090909090909091,0.018181818181818184,0.018181818181818184,0.018181818181818184,0.009090909090909092,0.005,9.090909090909093e-6,0.018181818181818184,0.00045454545454545455,5.0e-5,2.0,0.018181818181818184,0.018181818181818184,0.018181818181818184,0.007272727272727273,0.018181818181818184,0.018181818181818184,61.5,0.18181818181818182,11.0,0.2678499999999999,0.018181818181818184,0.018181818181818184,0.018181818181818184,0.09090909090909091,0.09090909090909091,1.0,0.3502280387314785,42.3,0.0009090909090909091,0.5,0.018181818181818184,0.09090909090909091,0.018181818181818184,0.018181818181818184,0.0018181818181818182,0.0005,0.018181818181818184,0.0009090909090909091,0.018181818181818184,0.018181818181818184,0.009090909090909092,0.018181818181818184,9.090909090909092e-5,0.21903968400636897,0.289812767831003,1.2457057587852554,2.411241656824769
Cond00375,100.0,0.018181818181818184,0.0009090909090909091,0.018181818181818184,0.018181818181818184,0.018181818181818184,0.009090909090909092,0.005,9.090909090909093e-6,0.018181818181818184,0.00045454545454545455,5.0e-5,2.0,0.018181818181818184,0.018181818181818184,0.018181818181818184,0.007272727272727273,0.018181818181818184,0.018181818181818184,61.5,0.18181818181818182,11.0,0.2471277777777778,0.018181818181818184,0.018181818181818184,0.018181818181818184,0.09090909090909091,0.09090909090909091,1.0,0.32080860133807404,42.3,0.0009090909090909091,0.5,0.018181818181818184,0.09090909090909091,0.018181818181818184,0.018181818181818184,0.0018181818181818182,0.0005,0.018181818181818184,0.0009090909090909091,0.018181818181818184,0.018181818181818184,0.009090909090909092,0.018181818181818184,9.090909090909092e-5,0.15370224697411666,0.28268308814872,1.0987826463531745,3.2603406588191635
Cond00376,1.0,0.018181818181818184,0.0009090909090909091,0.018181818181818184,0.018181818181818184,0.018181818181818184,0.009090909090909092,0.005,9.090909090909093e-6,0.018181818181818184,0.00045454545454545455,5.0e-5,2.0,0.018181818181818184,0.018181818181818184,0.018181818181818184,0.007272727272727273,0.018181818181818184,0.018181818181818184,61.5,0.18181818181818182,11.0,0.25562777777777784,0.018181818181818184,0.018181818181818184,0.018181818181818184,0.09090909090909091,0.09090909090909091,0.0,0.33060683743274294,42.3,0.0009090909090909091,0.5,0.018181818181818184,0.09090909090909091,0.018181818181818184,0.018181818181818184,0.0018181818181818182,0.0005,0.018181818181818184,0.0009090909090909091,0.018181818181818184,0.018181818181818184,0.009090909090909092,0.018181818181818184,9.090909090909092e-5,0.18122162882926887,0.27670660196848673,1.1855906618681002,2.8881050022914394
Cond00377,1.0,0.018181818181818184,0.0009090909090909091,0.018181818181818184,0.018181818181818184,0.018181818181818184,0.009090909090909092,0.005,9.090909090909093e-6,0.018181818181818184,0.00045454545454545455,5.0e-5,2.0,0.018181818181818184,0.018181818181818184,0.018181818181818184,0.007272727272727273,0.018181818181818184,0.018181818181818184,61.5,0.18181818181818182,11.0,0.26335,0.018181818181818184,0.018181818181818184,0.018181818181818184,0.09090909090909091,0.09090909090909091,0.1,0.33833118935688034,42.3,0.0009090909090909091,0.5,0.018181818181818184,0.09090909090909091,0.018181818181818184,0.018181818181818184,0.0018181818181818182,0.0005,0.018181818181818184,0.0009090909090909091,0.018181818181818184,0.018181818181818184,0.009090909090909092,0.018181818181818184,9.090909090909092e-5,0.17910270848052834,0.29781535739014897,1.151655758394468,2.5768493122000184
Cond00378,1.0,0.018181818181818184,0.0009090909090909091,0.018181818181818184,0.018181818181818184,0.018181818181818184,0.009090909090909092,0.005,9.090909090909093e-6,0.018181818181818184,0.00045454545454545455,5.0e-5,2.0,0.018181818181818184,0.018181818181818184,0.018181818181818184,0.007272727272727273,0.018181818181818184,0.018181818181818184,61.5,0.18181818181818182,11.0,0.26415555555555564,0.018181818181818184,0.018181818181818184,0.018181818181818184,0.09090909090909091,0.09090909090909091,10.0,0.34549123801314896,42.3,0.0009090909090909091,0.5,0.018181818181818184,0.09090909090909091,0.018181818181818184,0.018181818181818184,0.0018181818181818182,0.0005,0.018181818181818184,0.0009090909090909091,0.018181818181818184,0.018181818181818184,0.009090909090909092,0.018181818181818184,9.090909090909092e-5,0.2183784491113046,0.28579350776012047,1.1890845679323778,2.5063379951049165
Cond00379,1.0,0.018181818181818184,0.0009090909090909091,0.018181818181818184,0.018181818181818184,0.018181818181818184,0.009090909090909092,0.005,9.090909090909093e-6,0.018181818181818184,0.00045454545454545455,5.0e-5,2.0,0.018181818181818184,0.018181818181818184,0.018181818181818184,0.007272727272727273,0.018181818181818184,0.018181818181818184,61.5,0.18181818181818182,11.0,0.2789055555555556,0.018181818181818184,0.018181818181818184,0.018181818181818184,0.09090909090909091,0.09090909090909091,100.0,0.36237985692090624,42.3,0.0009090909090909091,0.5,0.018181818181818184,0.09090909090909091,0.018181818181818184,0.018181818181818184,0.0018181818181818182,0.0005,0.018181818181818184,0.0009090909090909091,0.018181818181818184,0.018181818181818184,0.009090909090909092,0.018181818181818184,9.090909090909092e-5,0.18678586551298715,0.279597800248448,1.198777748691919,2.537476015249744
Cond00380,1.0,0.0,0.0009090909090909091,0.018181818181818184,0.018181818181818184,0.018181818181818184,0.009090909090909092,0.005,9.090909090909093e-6,0.018181818181818184,0.00045454545454545455,5.0e-5,2.0,0.018181818181818184,0.018181818181818184,0.018181818181818184,0.007272727272727273,0.018181818181818184,0.018181818181818184,61.5,0.18181818181818182,11.0,0.24851666666666677,0.018181818181818184,0.018181818181818184,0.018181818181818184,0.09090909090909091,0.09090909090909091,1.0,0.32410238789427315,42.3,0.0009090909090909091,0.5,0.018181818181818184,0.09090909090909091,0.018181818181818184,0.018181818181818184,0.0018181818181818182,0.0005,0.018181818181818184,0.0009090909090909091,0.018181818181818184,0.018181818181818184,0.009090909090909092,0.018181818181818184,9.090909090909092e-5,0.13183816914478177,0.28649856686610736,1.1697441963845536,2.7687944290836914
Cond00381,1.0,0.0016528925619834713,0.0009090909090909091,0.018181818181818184,0.018181818181818184,0.018181818181818184,0.009090909090909092,0.005,9.090909090909093e-6,0.018181818181818184,0.00045454545454545455,5.0e-5,2.0,0.018181818181818184,0.018181818181818184,0.018181818181818184,0.007272727272727273,0.018181818181818184,0.018181818181818184,61.5,0.18181818181818182,11.0,0.25457222222222237,0.018181818181818184,0.018181818181818184,0.018181818181818184,0.09090909090909091,0.09090909090909091,1.0,0.3306330659710937,42.3,0.0009090909090909091,0.5,0.018181818181818184,0.09090909090909091,0.018181818181818184,0.018181818181818184,0.0018181818181818182,0.0005,0.018181818181818184,0.0009090909090909091,0.018181818181818184,0.018181818181818184,0.009090909090909092,0.018181818181818184,9.090909090909092e-5,0.14279734510610356,0.29600032793569997,1.2167610510335165,2.617466612643109
Cond00382,1.0,0.2,0.0009090909090909091,0.018181818181818184,0.018181818181818184,0.018181818181818184,0.009090909090909092,0.005,9.090909090909093e-6,0.018181818181818184,0.00045454545454545455,5.0e-5,2.0,0.018181818181818184,0.018181818181818184,0.018181818181818184,0.007272727272727273,0.018181818181818184,0.018181818181818184,61.5,0.18181818181818182,11.0,0.2547111111111111,0.018181818181818184,0.018181818181818184,0.018181818181818184,0.09090909090909091,0.09090909090909091,1.0,0.32985072873418453,42.3,0.0009090909090909091,0.5,0.018181818181818184,0.09090909090909091,0.018181818181818184,0.018181818181818184,0.0018181818181818182,0.0005,0.018181818181818184,0.0009090909090909091,0.018181818181818184,0.018181818181818184,0.009090909090909092,0.018181818181818184,9.090909090909092e-5,0.285220308578766,0.2042753081081659,1.219527747260021,3.6878320520012573
Cond00383,1.0,2.0,0.0009090909090909091,0.018181818181818184,0.018181818181818184,0.018181818181818184,0.009090909090909092,0.005,9.090909090909093e-6,0.018181818181818184,0.00045454545454545455,5.0e-5,2.0,0.018181818181818184,0.018181818181818184,0.018181818181818184,0.007272727272727273,0.018181818181818184,0.018181818181818184,61.5,0.18181818181818182,11.0,0.305461111111111,0.018181818181818184,0.018181818181818184,0.018181818181818184,0.09090909090909091,0.09090909090909091,1.0,0.3735942065910253,42.3,0.0009090909090909091,0.5,0.018181818181818184,0.09090909090909091,0.018181818181818184,0.018181818181818184,0.0018181818181818182,0.0005,0.018181818181818184,0.0009090909090909091,0.018181818181818184,0.018181818181818184,0.009090909090909092,0.018181818181818184,9.090909090909092e-5,0.1617698379586034,0.3108269736517527,1.0764176184142316,2.5746439904778047
Cond00384,1.0,0.018181818181818184,0.0009090909090909091,0.0,0.018181818181818184,0.018181818181818184,0.009090909090909092,0.005,9.090909090909093e-6,0.018181818181818184,0.00045454545454545455,5.0e-5,2.0,0.018181818181818184,0.018181818181818184,0.018181818181818184,0.007272727272727273,0.018181818181818184,0.018181818181818184,61.5,0.18181818181818182,11.0,0.2577388888888888,0.018181818181818184,0.018181818181818184,0.018181818181818184,0.09090909090909091,0.09090909090909091,1.0,0.3316258970938463,42.3,0.0009090909090909091,0.5,0.018181818181818184,0.09090909090909091,0.018181818181818184,0.018181818181818184,0.0018181818181818182,0.0005,0.018181818181818184,0.0009090909090909091,0.018181818181818184,0.018181818181818184,0.009090909090909092,0.018181818181818184,9.090909090909092e-5,0.13651939211765224,0.32051685622641224,1.0903533468845115,2.4291578056848113
Cond00385,1.0,0.018181818181818184,0.0009090909090909091,0.0016528925619834713,0.018181818181818184,0.018181818181818184,0.009090909090909092,0.005,9.090909090909093e-6,0.018181818181818184,0.00045454545454545455,5.0e-5,2.0,0.018181818181818184,0.018181818181818184,0.018181818181818184,0.007272727272727273,0.018181818181818184,0.018181818181818184,61.5,0.18181818181818182,11.0,0.2582111111111113,0.018181818181818184,0.018181818181818184,0.018181818181818184,0.09090909090909091,0.09090909090909091,1.0,0.33249193273755195,42.3,0.0009090909090909091,0.5,0.018181818181818184,0.09090909090909091,0.018181818181818184,0.018181818181818184,0.0018181818181818182,0.0005,0.018181818181818184,0.0009090909090909091,0.018181818181818184,0.018181818181818184,0.009090909090909092,0.018181818181818184,9.090909090909092e-5,0.15781220880513666,0.2896913781524586,1.094433246120577,2.7236921548310855
Cond00386,1.0,0.018181818181818184,0.0009090909090909091,0.2,0.018181818181818184,0.018181818181818184,0.009090909090909092,0.005,9.090909090909093e-6,0.018181818181818184,0.00045454545454545455,5.0e-5,2.0,0.018181818181818184,0.018181818181818184,0.018181818181818184,0.007272727272727273,0.018181818181818184,0.018181818181818184,61.5,0.18181818181818182,11.0,0.27342499999999986,0.018181818181818184,0.018181818181818184,0.018181818181818184,0.09090909090909091,0.09090909090909091,1.0,0.34947964669001114,42.3,0.0009090909090909091,0.5,0.018181818181818184,0.09090909090909091,0.018181818181818184,0.018181818181818184,0.0018181818181818182,0.0005,0.018181818181818184,0.0009090909090909091,0.018181818181818184,0.018181818181818184,0.009090909090909092,0.018181818181818184,9.090909090909092e-5,0.15672882457457227,0.32096833991016327,1.179351687386195,2.419018696845936
Cond00387,1.0,0.018181818181818184,0.0009090909090909091,2.0,0.018181818181818184,0.018181818181818184,0.009090909090909092,0.005,9.090909090909093e-6,0.018181818181818184,0.00045454545454545455,5.0e-5,2.0,0.018181818181818184,0.018181818181818184,0.018181818181818184,0.007272727272727273,0.018181818181818184,0.018181818181818184,61.5,0.18181818181818182,11.0,0.28301666666666664,0.018181818181818184,0.018181818181818184,0.018181818181818184,0.09090909090909091,0.09090909090909091,1.0,0.3565100030584709,42.3,0.0009090909090909091,0.5,0.018181818181818184,0.09090909090909091,0.018181818181818184,0.018181818181818184,0.0018181818181818182,0.0005,0.018181818181818184,0.0009090909090909091,0.018181818181818184,0.018181818181818184,0.009090909090909092,0.018181818181818184,9.090909090909092e-5,0.1783380678975436,0.31462490158393774,1.1736445389047092,2.4199923256416263
Cond00388,1.0,0.018181818181818184,0.0009090909090909091,0.018181818181818184,0.0,0.018181818181818184,0.009090909090909092,0.005,9.090909090909093e-6,0.018181818181818184,0.00045454545454545455,5.0e-5,2.0,0.018181818181818184,0.018181818181818184,0.018181818181818184,0.007272727272727273,0.018181818181818184,0.018181818181818184,61.5,0.18181818181818182,11.0,0.256572222222222,0.018181818181818184,0.018181818181818184,0.018181818181818184,0.09090909090909091,0.09090909090909091,1.0,0.3337966585189671,42.3,0.0009090909090909091,0.5,0.018181818181818184,0.09090909090909091,0.018181818181818184,0.018181818181818184,0.0018181818181818182,0.0005,0.018181818181818184,0.0009090909090909091,0.018181818181818184,0.018181818181818184,0.009090909090909092,0.018181818181818184,9.090909090909092e-5,0.13910229827900897,0.2997069868642844,1.1531332822740972,2.710472854354783
Cond00389,1.0,0.018181818181818184,0.0009090909090909091,0.018181818181818184,0.0016528925619834713,0.018181818181818184,0.009090909090909092,0.005,9.090909090909093e-6,0.018181818181818184,0.00045454545454545455,5.0e-5,2.0,0.018181818181818184,0.018181818181818184,0.018181818181818184,0.007272727272727273,0.018181818181818184,0.018181818181818184,61.5,0.18181818181818182,11.0,0.25487777777777776,0.018181818181818184,0.018181818181818184,0.018181818181818184,0.09090909090909091,0.09090909090909091,1.0,0.3321411642151015,42.3,0.0009090909090909091,0.5,0.018181818181818184,0.09090909090909091,0.018181818181818184,0.018181818181818184,0.0018181818181818182,0.0005,0.018181818181818184,0.0009090909090909091,0.018181818181818184,0.018181818181818184,0.009090909090909092,0.018181818181818184,9.090909090909092e-5,0.15106750975782685,0.27952187333486567,1.2681393091842543,2.9777629779993946
Cond00390,1.0,0.018181818181818184,0.0009090909090909091,0.018181818181818184,0.2,0.018181818181818184,0.009090909090909092,0.005,9.090909090909093e-6,0.018181818181818184,0.00045454545454545455,5.0e-5,2.0,0.018181818181818184,0.018181818181818184,0.018181818181818184,0.007272727272727273,0.018181818181818184,0.018181818181818184,61.5,0.18181818181818182,11.0,0.27218333333333333,0.018181818181818184,0.018181818181818184,0.018181818181818184,0.09090909090909091,0.09090909090909091,1.0,0.35146759028816466,42.3,0.0009090909090909091,0.5,0.018181818181818184,0.09090909090909091,0.018181818181818184,0.018181818181818184,0.0018181818181818182,0.0005,0.018181818181818184,0.0009090909090909091,0.018181818181818184,0.018181818181818184,0.009090909090909092,0.018181818181818184,9.090909090909092e-5,0.14306013163116788,0.3152097293554079,1.1493799310114385,2.518329980829802
Cond00391,1.0,0.018181818181818184,0.0009090909090909091,0.018181818181818184,2.0,0.018181818181818184,0.009090909090909092,0.005,9.090909090909093e-6,0.018181818181818184,0.00045454545454545455,5.0e-5,2.0,0.018181818181818184,0.018181818181818184,0.018181818181818184,0.007272727272727273,0.018181818181818184,0.018181818181818184,61.5,0.18181818181818182,11.0,0.2734055555555558,0.018181818181818184,0.018181818181818184,0.018181818181818184,0.09090909090909091,0.09090909090909091,1.0,0.35084936861997484,42.3,0.0009090909090909091,0.5,0.018181818181818184,0.09090909090909091,0.018181818181818184,0.018181818181818184,0.0018181818181818182,0.0005,0.018181818181818184,0.0009090909090909091,0.018181818181818184,0.018181818181818184,0.009090909090909092,0.018181818181818184,9.090909090909092e-5,0.14587794198567314,0.2954129882829668,1.151737062965383,2.925516293079724
Cond00392,1.0,0.018181818181818184,0.0009090909090909091,0.018181818181818184,0.018181818181818184,0.0,0.009090909090909092,0.005,9.090909090909093e-6,0.018181818181818184,0.00045454545454545455,5.0e-5,2.0,0.018181818181818184,0.018181818181818184,0.018181818181818184,0.007272727272727273,0.018181818181818184,0.018181818181818184,61.5,0.18181818181818182,11.0,0.2735166666666664,0.018181818181818184,0.018181818181818184,0.018181818181818184,0.09090909090909091,0.09090909090909091,1.0,0.33610944200007065,42.3,0.0009090909090909091,0.5,0.018181818181818184,0.09090909090909091,0.018181818181818184,0.018181818181818184,0.0018181818181818182,0.0005,0.018181818181818184,0.0009090909090909091,0.018181818181818184,0.018181818181818184,0.009090909090909092,0.018181818181818184,9.090909090909092e-5,0.024545011816623306,0.38561074535440015,1.0277985864009451,3.6881857853582733
Cond00393,1.0,0.018181818181818184,0.0009090909090909091,0.018181818181818184,0.018181818181818184,0.0016528925619834713,0.009090909090909092,0.005,9.090909090909093e-6,0.018181818181818184,0.00045454545454545455,5.0e-5,2.0,0.018181818181818184,0.018181818181818184,0.018181818181818184,0.007272727272727273,0.018181818181818184,0.018181818181818184,61.5,0.18181818181818182,11.0,0.24840555555555566,0.018181818181818184,0.018181818181818184,0.018181818181818184,0.09090909090909091,0.09090909090909091,1.0,0.3193507608815636,42.3,0.0009090909090909091,0.5,0.018181818181818184,0.09090909090909091,0.018181818181818184,0.018181818181818184,0.0018181818181818182,0.0005,0.018181818181818184,0.0009090909090909091,0.018181818181818184,0.018181818181818184,0.009090909090909092,0.018181818181818184,9.090909090909092e-5,0.048730264434315135,0.29870121258025406,1.1024725381056324,4.049954292332421
Cond00394,1.0,0.018181818181818184,0.0009090909090909091,0.018181818181818184,0.018181818181818184,0.2,0.009090909090909092,0.005,9.090909090909093e-6,0.018181818181818184,0.00045454545454545455,5.0e-5,2.0,0.018181818181818184,0.018181818181818184,0.018181818181818184,0.007272727272727273,0.018181818181818184,0.018181818181818184,61.5,0.18181818181818182,11.0,0.26579444444444456,0.018181818181818184,0.018181818181818184,0.018181818181818184,0.09090909090909091,0.09090909090909091,1.0,0.343912429813571,42.3,0.0009090909090909091,0.5,0.018181818181818184,0.09090909090909091,0.018181818181818184,0.018181818181818184,0.0018181818181818182,0.0005,0.018181818181818184,0.0009090909090909091,0.018181818181818184,0.018181818181818184,0.009090909090909092,0.018181818181818184,9.090909090909092e-5,0.35061928908681445,0.22950619217636847,1.4219905082118278,3.2033083222945953
Cond00395,1.0,0.018181818181818184,0.0009090909090909091,0.018181818181818184,0.018181818181818184,2.0,0.009090909090909092,0.005,9.090909090909093e-6,0.018181818181818184,0.00045454545454545455,5.0e-5,2.0,0.018181818181818184,0.018181818181818184,0.018181818181818184,0.007272727272727273,0.018181818181818184,0.018181818181818184,61.5,0.18181818181818182,11.0,0.3512944444444441,0.018181818181818184,0.018181818181818184,0.018181818181818184,0.09090909090909091,0.09090909090909091,1.0,0.43072426168648775,42.3,0.0009090909090909091,0.5,0.018181818181818184,0.09090909090909091,0.018181818181818184,0.018181818181818184,0.0018181818181818182,0.0005,0.018181818181818184,0.0009090909090909091,0.018181818181818184,0.018181818181818184,0.009090909090909092,0.018181818181818184,9.090909090909092e-5,0.31702752636495135,0.2703694909156192,1.3865548337478895,2.5666305391081443
Cond00396,1.0,0.018181818181818184,0.0009090909090909091,0.018181818181818184,0.018181818181818184,0.018181818181818184,0.009090909090909092,0.005,9.090909090909093e-6,0.0,0.00045454545454545455,5.0e-5,2.0,0.018181818181818184,0.018181818181818184,0.018181818181818184,0.007272727272727273,0.018181818181818184,0.018181818181818184,61.5,0.18181818181818182,11.0,0.25609999999999994,0.018181818181818184,0.018181818181818184,0.018181818181818184,0.09090909090909091,0.09090909090909091,1.0,0.3319330221483956,42.3,0.0009090909090909091,0.5,0.018181818181818184,0.09090909090909091,0.018181818181818184,0.018181818181818184,0.0018181818181818182,0.0005,0.018181818181818184,0.0009090909090909091,0.018181818181818184,0.018181818181818184,0.009090909090909092,0.018181818181818184,9.090909090909092e-5,0.17272828987926298,0.28795139783044976,1.207968680780114,2.6902468696256676
Cond00397,1.0,0.018181818181818184,0.0009090909090909091,0.018181818181818184,0.018181818181818184,0.018181818181818184,0.009090909090909092,0.005,9.090909090909093e-6,0.0016528925619834713,0.00045454545454545455,5.0e-5,2.0,0.018181818181818184,0.018181818181818184,0.018181818181818184,0.007272727272727273,0.018181818181818184,0.018181818181818184,61.5,0.18181818181818182,11.0,0.2539888888888889,0.018181818181818184,0.018181818181818184,0.018181818181818184,0.09090909090909091,0.09090909090909091,1.0,0.3303848492565026,42.3,0.0009090909090909091,0.5,0.018181818181818184,0.09090909090909091,0.018181818181818184,0.018181818181818184,0.0018181818181818182,0.0005,0.018181818181818184,0.0009090909090909091,0.018181818181818184,0.018181818181818184,0.009090909090909092,0.018181818181818184,9.090909090909092e-5,0.16665663613772388,0.2907036681634335,1.1837188349538685,2.701372262326265
Cond00398,1.0,0.018181818181818184,0.0009090909090909091,0.018181818181818184,0.018181818181818184,0.018181818181818184,0.009090909090909092,0.005,9.090909090909093e-6,0.2,0.00045454545454545455,5.0e-5,2.0,0.018181818181818184,0.018181818181818184,0.018181818181818184,0.007272727272727273,0.018181818181818184,0.018181818181818184,61.5,0.18181818181818182,11.0,0.23098888888888888,0.018181818181818184,0.018181818181818184,0.018181818181818184,0.09090909090909091,0.09090909090909091,1.0,0.30629024097758095,42.3,0.0009090909090909091,0.5,0.018181818181818184,0.09090909090909091,0.018181818181818184,0.018181818181818184,0.0018181818181818182,0.0005,0.018181818181818184,0.0009090909090909091,0.018181818181818184,0.018181818181818184,0.009090909090909092,0.018181818181818184,9.090909090909092e-5,0.09981074590919309,0.2558674738766211,1.070203571654427,2.8828478660540764
Cond00399,1.0,0.018181818181818184,0.0009090909090909091,0.018181818181818184,0.018181818181818184,0.018181818181818184,0.009090909090909092,0.005,9.090909090909093e-6,2.0,0.00045454545454545455,5.0e-5,2.0,0.018181818181818184,0.018181818181818184,0.018181818181818184,0.007272727272727273,0.018181818181818184,0.018181818181818184,61.5,0.18181818181818182,11.0,0.22190555555555572,0.018181818181818184,0.018181818181818184,0.018181818181818184,0.09090909090909091,0.09090909090909091,1.0,0.2817136506367792,42.3,0.0009090909090909091,0.5,0.018181818181818184,0.09090909090909091,0.018181818181818184,0.018181818181818184,0.0018181818181818182,0.0005,0.018181818181818184,0.0009090909090909091,0.018181818181818184,0.018181818181818184,0.009090909090909092,0.018181818181818184,9.090909090909092e-5,0.05802240137428153,0.1758814334367619,0.8413551037584601,4.631323815429355
Cond00400,1.0,0.018181818181818184,0.0009090909090909091,0.018181818181818184,0.018181818181818184,0.018181818181818184,0.009090909090909092,0.005,9.090909090909093e-6,0.018181818181818184,0.00045454545454545455,5.0e-5,2.0,0.0,0.018181818181818184,0.018181818181818184,0.007272727272727273,0.018181818181818184,0.018181818181818184,61.5,0.18181818181818182,11.0,0.25957222222222215,0.018181818181818184,0.018181818181818184,0.018181818181818184,0.09090909090909091,0.09090909090909091,1.0,0.3381427976608127,42.3,0.0009090909090909091,0.5,0.018181818181818184,0.09090909090909091,0.018181818181818184,0.018181818181818184,0.0018181818181818182,0.0005,0.018181818181818184,0.0009090909090909091,0.018181818181818184,0.018181818181818184,0.009090909090909092,0.018181818181818184,9.090909090909092e-5,0.2619577046944718,0.2645458489201331,1.2182614045825912,2.697270436037419
Cond00401,1.0,0.018181818181818184,0.0009090909090909091,0.018181818181818184,0.018181818181818184,0.018181818181818184,0.009090909090909092,0.005,9.090909090909093e-6,0.018181818181818184,0.00045454545454545455,5.0e-5,2.0,0.0016528925619834713,0.018181818181818184,0.018181818181818184,0.007272727272727273,0.018181818181818184,0.018181818181818184,61.5,0.18181818181818182,11.0,0.26407222222222226,0.018181818181818184,0.018181818181818184,0.018181818181818184,0.09090909090909091,0.09090909090909091,1.0,0.3409741650764687,42.3,0.0009090909090909091,0.5,0.018181818181818184,0.09090909090909091,0.018181818181818184,0.018181818181818184,0.0018181818181818182,0.0005,0.018181818181818184,0.0009090909090909091,0.018181818181818184,0.018181818181818184,0.009090909090909092,0.018181818181818184,9.090909090909092e-5,0.24772383571670076,0.28192981410105117,1.208384879623068,2.4908966220522264
Cond00402,1.0,0.018181818181818184,0.0009090909090909091,0.018181818181818184,0.018181818181818184,0.018181818181818184,0.009090909090909092,0.005,9.090909090909093e-6,0.018181818181818184,0.00045454545454545455,5.0e-5,2.0,0.2,0.018181818181818184,0.018181818181818184,0.007272727272727273,0.018181818181818184,0.018181818181818184,61.5,0.18181818181818182,11.0,0.25060000000000016,0.018181818181818184,0.018181818181818184,0.018181818181818184,0.09090909090909091,0.09090909090909091,1.0,0.3180922424910268,42.3,0.0009090909090909091,0.5,0.018181818181818184,0.09090909090909091,0.018181818181818184,0.018181818181818184,0.0018181818181818182,0.0005,0.018181818181818184,0.0009090909090909091,0.018181818181818184,0.018181818181818184,0.009090909090909092,0.018181818181818184,9.090909090909092e-5,0.04945858418475699,0.3144025068018524,1.072864961160203,3.0587987070834624
Cond00403,1.0,0.018181818181818184,0.0009090909090909091,0.018181818181818184,0.018181818181818184,0.018181818181818184,0.009090909090909092,0.005,9.090909090909093e-6,0.018181818181818184,0.00045454545454545455,5.0e-5,2.0,2.0,0.018181818181818184,0.018181818181818184,0.007272727272727273,0.018181818181818184,0.018181818181818184,61.5,0.18181818181818182,11.0,0.3165166666666666,0.018181818181818184,0.018181818181818184,0.018181818181818184,0.09090909090909091,0.09090909090909091,1.0,0.38310515331535777,42.3,0.0009090909090909091,0.5,0.018181818181818184,0.09090909090909091,0.018181818181818184,0.018181818181818184,0.0018181818181818182,0.0005,0.018181818181818184,0.0009090909090909091,0.018181818181818184,0.018181818181818184,0.009090909090909092,0.018181818181818184,9.090909090909092e-5,0.02350296272037866,0.41645796314107786,1.0977307112554628,2.0461872814662367
Cond00404,1.0,0.02,0.001,0.02,0.02,0.02,0.01,0.005,1.0e-5,0.02,0.0005,5.0e-5,2.0,0.02,0.02,0.02,0.008,0.02,0.02,0.0615,0.2,11.0,0.0,0.02,0.02,0.02,0.1,0.1,1.0,10.882188784882961,42.3,0.001,0.5,0.02,0.1,0.02,0.02,0.002,0.0005,0.02,0.001,0.02,0.02,0.01,0.02,0.0001,16.670457023196445,0.23917281386626055,0.0,19.284291015377434
Cond00405,1.0,0.02,0.001,0.02,0.02,0.02,0.01,0.005,1.0e-5,0.02,0.0005,5.0e-5,2.0,0.02,0.02,0.02,0.008,0.02,0.02,30.75,0.2,11.0,0.25048888888888887,0.02,0.02,0.02,0.1,0.1,1.0,0.32841018431699903,42.3,0.001,0.5,0.02,0.1,0.02,0.02,0.002,0.0005,0.02,0.001,0.02,0.02,0.01,0.02,0.0001,0.2680038785720973,0.24648735194580362,1.2618824447638877,2.9652059546983285
Cond00406,1.0,0.02,0.001,0.02,0.02,0.02,0.01,0.005,1.0e-5,0.02,0.0005,5.0e-5,2.0,0.02,0.02,0.02,0.008,0.02,0.02,92.25,0.2,11.0,0.4794333333333332,0.02,0.02,0.02,0.1,0.1,1.0,0.49755078350052945,42.3,0.001,0.5,0.02,0.1,0.02,0.02,0.002,0.0005,0.02,0.001,0.02,0.02,0.01,0.02,0.0001,0.125945368270812,0.44945752534379135,1.2233203897703848,2.76259098185489
Cond00407,1.0,0.02,0.001,0.02,0.02,0.02,0.01,0.005,1.0e-5,0.02,0.0005,5.0e-5,2.0,0.02,0.02,0.02,0.008,0.02,0.02,123.0,0.2,11.0,0.2907111111111112,0.02,0.02,0.02,0.1,0.1,1.0,0.32816805298031104,42.3,0.001,0.5,0.02,0.1,0.02,0.02,0.002,0.0005,0.02,0.001,0.02,0.02,0.01,0.02,0.0001,0.1179887886232524,0.25900805381705655,1.0609561419675702,6.590906744101028
Cond00408,1.0,0.02,0.001,0.02,0.02,0.02,0.01,0.005,1.0e-5,0.02,0.0005,5.0e-5,2.0,0.02,0.02,0.02,0.008,0.02,0.02,61.5,0.2,11.0,0.24690555555555552,0.02,0.02,0.02,0.1,0.1,1.0,0.3139443233796026,0.0,0.001,0.5,0.02,0.1,0.02,0.02,0.002,0.0005,0.02,0.001,0.02,0.02,0.01,0.02,0.0001,0.1953243831880208,0.27604698896880797,1.1519044267317635,2.977004897916402
Cond00409,1.0,0.02,0.001,0.02,0.02,0.02,0.01,0.005,1.0e-5,0.02,0.0005,5.0e-5,2.0,0.02,0.02,0.02,0.008,0.02,0.02,61.5,0.2,11.0,0.31162777777777767,0.02,0.02,0.02,0.1,0.1,1.0,0.35583296181865576,21.15,0.001,0.5,0.02,0.1,0.02,0.02,0.002,0.0005,0.02,0.001,0.02,0.02,0.01,0.02,0.0001,0.18464665783693623,0.36907334239644246,1.2006074430513078,2.4763338055584825
Cond00410,1.0,0.02,0.001,0.02,0.02,0.02,0.01,0.005,1.0e-5,0.02,0.0005,5.0e-5,2.0,0.02,0.02,0.02,0.008,0.02,0.02,61.5,0.2,11.0,0.259822222222222,0.02,0.02,0.02,0.1,0.1,1.0,0.33467895398839886,63.45,0.001,0.5,0.02,0.1,0.02,0.02,0.002,0.0005,0.02,0.001,0.02,0.02,0.01,0.02,0.0001,0.14923475713727286,0.2989624044635715,1.1636441993087248,2.5918034809436516
Cond00411,1.0,0.02,0.001,0.02,0.02,0.02,0.01,0.005,1.0e-5,0.02,0.0005,5.0e-5,2.0,0.02,0.02,0.02,0.008,0.02,0.02,61.5,0.2,11.0,0.2800444444444443,0.02,0.02,0.02,0.1,0.1,1.0,0.345003555072818,84.6,0.001,0.5,0.02,0.1,0.02,0.02,0.002,0.0005,0.02,0.001,0.02,0.02,0.01,0.02,0.0001,0.11610703704473618,0.3296774848109182,1.1257640147972463,2.6044627172913737
Cond00412,1.0,0.02,0.001,0.02,0.02,0.02,0.01,0.005,1.0e-5,0.02,0.0005,5.0e-5,0.02,0.02,0.02,0.02,0.008,0.02,0.02,61.5,0.2,11.0,0.08843333333333339,0.02,0.02,0.02,0.1,0.1,1.0,0.1648647834104803,42.3,0.001,0.5,0.02,0.1,0.02,0.02,0.002,0.0005,0.02,0.001,0.02,0.02,0.01,0.02,0.0001,0.16212480079879732,0.12298358992958522,1.0029752732322184,10.942103031016941
Cond00413,1.0,0.02,0.001,0.02,0.02,0.02,0.01,0.005,1.0e-5,0.02,0.0005,5.0e-5,0.22,0.02,0.02,0.02,0.008,0.02,0.02,61.5,0.2,11.0,0.10560000000000007,0.02,0.02,0.02,0.1,0.1,1.0,0.18154419352068288,42.3,0.001,0.5,0.02,0.1,0.02,0.02,0.002,0.0005,0.02,0.001,0.02,0.02,0.01,0.02,0.0001,0.35656872013131674,0.13006826120041604,1.1245780498206468,7.414883575546655
Cond00414,1.0,0.02,0.001,0.02,0.02,0.02,0.01,0.005,1.0e-5,0.02,0.0005,5.0e-5,20.0,0.02,0.02,0.02,0.008,0.02,0.02,61.5,0.2,11.0,0.4231555555555556,0.02,0.02,0.02,0.1,0.1,1.0,0.4624923012902467,42.3,0.001,0.5,0.02,0.1,0.02,0.02,0.002,0.0005,0.02,0.001,0.02,0.02,0.01,0.02,0.0001,0.1781671414796497,0.40883320677413376,1.151691671704805,1.3008476171360759
Cond00415,1.0,0.02,0.001,0.02,0.02,0.02,0.01,0.005,1.0e-5,0.02,0.0005,5.0e-5,200.0,0.02,0.02,0.02,0.008,0.02,0.02,61.5,0.2,11.0,0.3963499999999995,0.02,0.02,0.02,0.1,0.1,1.0,0.45407357007874016,42.3,0.001,0.5,0.02,0.1,0.02,0.02,0.002,0.0005,0.02,0.001,0.02,0.02,0.01,0.02,0.0001,0.0806429956712431,0.42032182924516737,1.0607581650758058,1.7484077725223113
Cond00416,0.015,0.02,0.001,0.02,0.02,0.02,0.01,0.005,1.0e-5,0.02,0.0005,5.0e-5,2.0,0.02,0.02,0.02,0.008,0.02,0.02,61.5,0.2,11.0,0.2846833333333333,0.02,0.02,0.02,0.1,0.1,1.0,0.3355133848246425,42.3,0.001,0.5,0.02,0.1,0.02,0.02,0.002,0.0005,0.02,0.001,0.02,0.02,0.01,0.02,0.0001,0.1456308456014216,0.40649702087037926,1.0951646520023977,2.2689897344509795
Cond00417,0.115,0.02,0.001,0.02,0.02,0.02,0.01,0.005,1.0e-5,0.02,0.0005,5.0e-5,2.0,0.02,0.02,0.02,0.008,0.02,0.02,61.5,0.2,11.0,0.24387777777777797,0.02,0.02,0.02,0.1,0.1,1.0,0.31246079192099047,42.3,0.001,0.5,0.02,0.1,0.02,0.02,0.002,0.0005,0.02,0.001,0.02,0.02,0.01,0.02,0.0001,0.14975093124674027,0.4063586257829468,1.0798560223295877,1.9392011969483143
Cond00418,10.0,0.02,0.001,0.02,0.02,0.02,0.01,0.005,1.0e-5,0.02,0.0005,5.0e-5,2.0,0.02,0.02,0.02,0.008,0.02,0.02,61.5,0.2,11.0,0.2643777777777779,0.02,0.02,0.02,0.1,0.1,1.0,0.34474857509692225,42.3,0.001,0.5,0.02,0.1,0.02,0.02,0.002,0.0005,0.02,0.001,0.02,0.02,0.01,0.02,0.0001,0.23652467533464902,0.27940785234975235,1.1987428478015214,2.6641907617874523
Cond00419,100.0,0.02,0.001,0.02,0.02,0.02,0.01,0.005,1.0e-5,0.02,0.0005,5.0e-5,2.0,0.02,0.02,0.02,0.008,0.02,0.02,61.5,0.2,11.0,0.243488888888889,0.02,0.02,0.02,0.1,0.1,1.0,0.31698671199987316,42.3,0.001,0.5,0.02,0.1,0.02,0.02,0.002,0.0005,0.02,0.001,0.02,0.02,0.01,0.02,0.0001,0.13312254881768984,0.28360059511434155,1.1243185645651224,3.4186955746559247
Cond00420,1.0,0.02,0.001,0.02,0.02,0.02,0.01,0.005,1.0e-5,0.02,0.0005,5.0e-5,2.0,0.02,0.02,0.02,0.008,0.02,0.02,61.5,0.2,11.0,0.26657222222222215,0.02,0.02,0.02,0.1,0.1,0.0,0.33724172953977605,42.3,0.001,0.5,0.02,0.1,0.02,0.02,0.002,0.0005,0.02,0.001,0.02,0.02,0.01,0.02,0.0001,0.15111307152278286,0.3426361502968043,1.126202451545077,2.395918932753309
Cond00421,1.0,0.02,0.001,0.02,0.02,0.02,0.01,0.005,1.0e-5,0.02,0.0005,5.0e-5,2.0,0.02,0.02,0.02,0.008,0.02,0.02,61.5,0.2,11.0,0.25834999999999997,0.02,0.02,0.02,0.1,0.1,0.1,0.33471152319186864,42.3,0.001,0.5,0.02,0.1,0.02,0.02,0.002,0.0005,0.02,0.001,0.02,0.02,0.01,0.02,0.0001,0.15044421375174244,0.3013236052554954,1.131720665744953,2.5645896597530555
Cond00422,1.0,0.02,0.001,0.02,0.02,0.02,0.01,0.005,1.0e-5,0.02,0.0005,5.0e-5,2.0,0.02,0.02,0.02,0.008,0.02,0.02,61.5,0.2,11.0,0.26232222222222235,0.02,0.02,0.02,0.1,0.1,10.0,0.3421257769289382,42.3,0.001,0.5,0.02,0.1,0.02,0.02,0.002,0.0005,0.02,0.001,0.02,0.02,0.01,0.02,0.0001,0.20920761541570188,0.28373591945671695,1.2489303462478922,2.5854265214679777
Cond00423,1.0,0.02,0.001,0.02,0.02,0.02,0.01,0.005,1.0e-5,0.02,0.0005,5.0e-5,2.0,0.02,0.02,0.02,0.008,0.02,0.02,61.5,0.2,11.0,0.27973888888888876,0.02,0.02,0.02,0.1,0.1,100.0,0.36081884991562174,42.3,0.001,0.5,0.02,0.1,0.02,0.02,0.002,0.0005,0.02,0.001,0.02,0.02,0.01,0.02,0.0001,0.16502431664534506,0.31059067190221457,1.152533272881989,2.283519571454477
Cond00424,1.0,0.0,0.001,0.02,0.02,0.02,0.01,0.005,1.0e-5,0.02,0.0005,5.0e-5,2.0,0.02,0.02,0.02,0.008,0.02,0.02,61.5,0.2,11.0,0.338488888888889,0.02,0.02,0.02,0.1,0.1,1.0,0.36194417128873657,42.3,0.001,0.5,0.02,0.1,0.02,0.02,0.002,0.0005,0.02,0.001,0.02,0.02,0.01,0.02,0.0001,0.22645878686779236,0.2964802002525864,1.2437919012325644,3.399091369312234
Cond00425,1.0,0.002,0.001,0.02,0.02,0.02,0.01,0.005,1.0e-5,0.02,0.0005,5.0e-5,2.0,0.02,0.02,0.02,0.008,0.02,0.02,61.5,0.2,11.0,0.3127111111111111,0.02,0.02,0.02,0.1,0.1,1.0,0.35979185648815915,42.3,0.001,0.5,0.02,0.1,0.02,0.02,0.002,0.0005,0.02,0.001,0.02,0.02,0.01,0.02,0.0001,0.1988502660252588,0.3664793001499879,1.191976542626258,2.4504039825732615
Cond00426,1.0,0.2,0.001,0.02,0.02,0.02,0.01,0.005,1.0e-5,0.02,0.0005,5.0e-5,2.0,0.02,0.02,0.02,0.008,0.02,0.02,61.5,0.2,11.0,0.2703500000000001,0.02,0.02,0.02,0.1,0.1,1.0,0.3444503952698755,42.3,0.001,0.5,0.02,0.1,0.02,0.02,0.002,0.0005,0.02,0.001,0.02,0.02,0.01,0.02,0.0001,0.46083792433699977,0.20880353094254125,1.2621990156135745,3.518406317693594
Cond00427,1.0,2.0,0.001,0.02,0.02,0.02,0.01,0.005,1.0e-5,0.02,0.0005,5.0e-5,2.0,0.02,0.02,0.02,0.008,0.02,0.02,61.5,0.2,11.0,0.30748888888888914,0.02,0.02,0.02,0.1,0.1,1.0,0.3782727770114069,42.3,0.001,0.5,0.02,0.1,0.02,0.02,0.002,0.0005,0.02,0.001,0.02,0.02,0.01,0.02,0.0001,0.2273327316577457,0.30047594064283667,1.1345218121557246,2.44754690561802
Cond00428,1.0,0.02,0.001,0.0,0.02,0.02,0.01,0.005,1.0e-5,0.02,0.0005,5.0e-5,2.0,0.02,0.02,0.02,0.008,0.02,0.02,61.5,0.2,11.0,0.2711000000000001,0.02,0.02,0.02,0.1,0.1,1.0,0.33970500514867685,42.3,0.001,0.5,0.02,0.1,0.02,0.02,0.002,0.0005,0.02,0.001,0.02,0.02,0.01,0.02,0.0001,0.18400283631441364,0.3342677734612935,1.0886918543499444,2.3848481653569142
Cond00429,1.0,0.02,0.001,0.002,0.02,0.02,0.01,0.005,1.0e-5,0.02,0.0005,5.0e-5,2.0,0.02,0.02,0.02,0.008,0.02,0.02,61.5,0.2,11.0,0.34934999999999966,0.02,0.02,0.02,0.1,0.1,1.0,0.3806588943450547,42.3,0.001,0.5,0.02,0.1,0.02,0.02,0.002,0.0005,0.02,0.001,0.02,0.02,0.01,0.02,0.0001,0.2630122196207519,0.3660697636424523,1.1997799741879376,2.5840328559228807
Cond00430,1.0,0.02,0.001,0.2,0.02,0.02,0.01,0.005,1.0e-5,0.02,0.0005,5.0e-5,2.0,0.02,0.02,0.02,0.008,0.02,0.02,61.5,0.2,11.0,0.3115444444444442,0.02,0.02,0.02,0.1,0.1,1.0,0.36262201753629225,42.3,0.001,0.5,0.02,0.1,0.02,0.02,0.002,0.0005,0.02,0.001,0.02,0.02,0.01,0.02,0.0001,0.24181617118463983,0.3436314625012075,1.1956018635797152,2.306256400632538
Cond00431,1.0,0.02,0.001,2.0,0.02,0.02,0.01,0.005,1.0e-5,0.02,0.0005,5.0e-5,2.0,0.02,0.02,0.02,0.008,0.02,0.02,61.5,0.2,11.0,0.2815722222222223,0.02,0.02,0.02,0.1,0.1,1.0,0.35792661611124,42.3,0.001,0.5,0.02,0.1,0.02,0.02,0.002,0.0005,0.02,0.001,0.02,0.02,0.01,0.02,0.0001,0.2219317458154281,0.3146233472619226,1.1355310846815296,2.3037464107256778
Cond00432,1.0,0.02,0.001,0.02,0.0,0.02,0.01,0.005,1.0e-5,0.02,0.0005,5.0e-5,2.0,0.02,0.02,0.02,0.008,0.02,0.02,61.5,0.2,11.0,0.2656555555555557,0.02,0.02,0.02,0.1,0.1,1.0,0.3319795996613304,42.3,0.001,0.5,0.02,0.1,0.02,0.02,0.002,0.0005,0.02,0.001,0.02,0.02,0.01,0.02,0.0001,0.2220162061078756,0.2667338440288036,1.1596969479817332,3.05424407496707
Cond00433,1.0,0.02,0.001,0.02,0.002,0.02,0.01,0.005,1.0e-5,0.02,0.0005,5.0e-5,2.0,0.02,0.02,0.02,0.008,0.02,0.02,61.5,0.2,11.0,0.2624888888888888,0.02,0.02,0.02,0.1,0.1,1.0,0.333325330926423,42.3,0.001,0.5,0.02,0.1,0.02,0.02,0.002,0.0005,0.02,0.001,0.02,0.02,0.01,0.02,0.0001,0.2067806112735927,0.28737968670210484,1.1720108733093033,2.78781797763618
Cond00434,1.0,0.02,0.001,0.02,0.2,0.02,0.01,0.005,1.0e-5,0.02,0.0005,5.0e-5,2.0,0.02,0.02,0.02,0.008,0.02,0.02,61.5,0.2,11.0,0.2650444444444444,0.02,0.02,0.02,0.1,0.1,1.0,0.34156095729636327,42.3,0.001,0.5,0.02,0.1,0.02,0.02,0.002,0.0005,0.02,0.001,0.02,0.02,0.01,0.02,0.0001,0.21571134723815058,0.2739860105142664,1.1518476408591327,2.7832285260578065
Cond00435,1.0,0.02,0.001,0.02,2.0,0.02,0.01,0.005,1.0e-5,0.02,0.0005,5.0e-5,2.0,0.02,0.02,0.02,0.008,0.02,0.02,61.5,0.2,11.0,0.2850444444444441,0.02,0.02,0.02,0.1,0.1,1.0,0.3522914757267658,42.3,0.001,0.5,0.02,0.1,0.02,0.02,0.002,0.0005,0.02,0.001,0.02,0.02,0.01,0.02,0.0001,0.21184169809287867,0.32660688471926763,1.21424363115522,2.4243011804897767
Cond00436,1.0,0.02,0.001,0.02,0.02,0.0,0.01,0.005,1.0e-5,0.02,0.0005,5.0e-5,2.0,0.02,0.02,0.02,0.008,0.02,0.02,61.5,0.2,11.0,0.26693333333333347,0.02,0.02,0.02,0.1,0.1,1.0,0.32848739462594445,42.3,0.001,0.5,0.02,0.1,0.02,0.02,0.002,0.0005,0.02,0.001,0.02,0.02,0.01,0.02,0.0001,0.046297972961008994,0.37584198681728676,0.9881095539628709,3.6788789699114934
Cond00437,1.0,0.02,0.001,0.02,0.02,0.002,0.01,0.005,1.0e-5,0.02,0.0005,5.0e-5,2.0,0.02,0.02,0.02,0.008,0.02,0.02,61.5,0.2,11.0,0.2556833333333334,0.02,0.02,0.02,0.1,0.1,1.0,0.3233024387321566,42.3,0.001,0.5,0.02,0.1,0.02,0.02,0.002,0.0005,0.02,0.001,0.02,0.02,0.01,0.02,0.0001,0.06791782845617861,0.31347268981673365,1.029032789726141,3.360600553985226
Cond00438,1.0,0.02,0.001,0.02,0.02,0.2,0.01,0.005,1.0e-5,0.02,0.0005,5.0e-5,2.0,0.02,0.02,0.02,0.008,0.02,0.02,61.5,0.2,11.0,0.2660444444444443,0.02,0.02,0.02,0.1,0.1,1.0,0.33699514696660315,42.3,0.001,0.5,0.02,0.1,0.02,0.02,0.002,0.0005,0.02,0.001,0.02,0.02,0.01,0.02,0.0001,0.49700870423187155,0.20937574841574796,1.4158906209174418,4.015656061964469
Cond00439,1.0,0.02,0.001,0.02,0.02,2.0,0.01,0.005,1.0e-5,0.02,0.0005,5.0e-5,2.0,0.02,0.02,0.02,0.008,0.02,0.02,61.5,0.2,11.0,0.36965555555555596,0.02,0.02,0.02,0.1,0.1,1.0,0.42637263469211784,42.3,0.001,0.5,0.02,0.1,0.02,0.02,0.002,0.0005,0.02,0.001,0.02,0.02,0.01,0.02,0.0001,0.5847613326697098,0.2669196135235469,1.2048946338661497,3.200667690789868
Cond00440,1.0,0.02,0.001,0.02,0.02,0.02,0.01,0.005,1.0e-5,0.0,0.0005,5.0e-5,2.0,0.02,0.02,0.02,0.008,0.02,0.02,61.5,0.2,11.0,0.36576666666666674,0.02,0.02,0.02,0.1,0.1,1.0,0.3710141256280768,42.3,0.001,0.5,0.02,0.1,0.02,0.02,0.002,0.0005,0.02,0.001,0.02,0.02,0.01,0.02,0.0001,0.2286054857618567,0.38360568765072406,1.1610864693327299,2.925094032240639
Cond00441,1.0,0.02,0.001,0.02,0.02,0.02,0.01,0.005,1.0e-5,0.002,0.0005,5.0e-5,2.0,0.02,0.02,0.02,0.008,0.02,0.02,61.5,0.2,11.0,0.23837777777777783,0.02,0.02,0.02,0.1,0.1,1.0,0.3105908906280303,42.3,0.001,0.5,0.02,0.1,0.02,0.02,0.002,0.0005,0.02,0.001,0.02,0.02,0.01,0.02,0.0001,0.2607677064192332,0.23910161933298038,1.1992731352537893,3.3894099649398073
Cond00442,1.0,0.02,0.001,0.02,0.02,0.02,0.01,0.005,1.0e-5,0.2,0.0005,5.0e-5,2.0,0.02,0.02,0.02,0.008,0.02,0.02,61.5,0.2,11.0,0.20135,0.02,0.02,0.02,0.1,0.1,1.0,0.280973537206359,42.3,0.001,0.5,0.02,0.1,0.02,0.02,0.002,0.0005,0.02,0.001,0.02,0.02,0.01,0.02,0.0001,0.1869037541765297,0.2016948634954168,1.0769620086335565,3.298976230049357
Cond00443,1.0,0.02,0.001,0.02,0.02,0.02,0.01,0.005,1.0e-5,2.0,0.0005,5.0e-5,2.0,0.02,0.02,0.02,0.008,0.02,0.02,61.5,0.2,11.0,0.20857222222222235,0.02,0.02,0.02,0.1,0.1,1.0,0.24807194614808395,42.3,0.001,0.5,0.02,0.1,0.02,0.02,0.002,0.0005,0.02,0.001,0.02,0.02,0.01,0.02,0.0001,0.05669241453135235,0.1814031133283966,0.8501128215356083,10.156496659965896
Cond00444,1.0,0.02,0.001,0.02,0.02,0.02,0.01,0.005,1.0e-5,0.02,0.0005,5.0e-5,2.0,0.0,0.02,0.02,0.008,0.02,0.02,61.5,0.2,11.0,0.27809999999999996,0.02,0.02,0.02,0.1,0.1,1.0,0.33801561875846037,42.3,0.001,0.5,0.02,0.1,0.02,0.02,0.002,0.0005,0.02,0.001,0.02,0.02,0.01,0.02,0.0001,0.48230568312923544,0.2683699325569713,1.247075224135924,3.3406822465877957
Cond00445,1.0,0.02,0.001,0.02,0.02,0.02,0.01,0.005,1.0e-5,0.02,0.0005,5.0e-5,2.0,0.002,0.02,0.02,0.008,0.02,0.02,61.5,0.2,11.0,0.27537777777777805,0.02,0.02,0.02,0.1,0.1,1.0,0.34218192965089383,42.3,0.001,0.5,0.02,0.1,0.02,0.02,0.002,0.0005,0.02,0.001,0.02,0.02,0.01,0.02,0.0001,0.47160691758363704,0.26292116083436334,1.229584504295254,3.444359502566014
Cond00446,1.0,0.02,0.001,0.02,0.02,0.02,0.01,0.005,1.0e-5,0.02,0.0005,5.0e-5,2.0,0.2,0.02,0.02,0.008,0.02,0.02,61.5,0.2,11.0,0.24318333333333347,0.02,0.02,0.02,0.1,0.1,1.0,0.3124868553378209,42.3,0.001,0.5,0.02,0.1,0.02,0.02,0.002,0.0005,0.02,0.001,0.02,0.02,0.01,0.02,0.0001,0.10859628814614274,0.2507447819887952,1.1361914720203448,3.302347913803614
Cond00447,1.0,0.02,0.001,0.02,0.02,0.02,0.01,0.005,1.0e-5,0.02,0.0005,5.0e-5,2.0,2.0,0.02,0.02,0.008,0.02,0.02,61.5,0.2,11.0,0.2975444444444443,0.02,0.02,0.02,0.1,0.1,1.0,0.3686966797587526,42.3,0.001,0.5,0.02,0.1,0.02,0.02,0.002,0.0005,0.02,0.001,0.02,0.02,0.01,0.02,0.0001,0.040109418095371684,0.3617152830548995,1.0413062165692002,2.8640475089967583
Cond00448,1.0,0.02,0.001,0.02,0.02,0.02,0.01,0.005,1.0e-5,0.02,0.0005,5.0e-5,2.0,0.02,0.0,0.02,0.008,0.02,0.02,61.5,0.2,11.0,0.269488888888889,0.02,0.02,0.02,0.1,0.1,1.0,0.3441052546646699,42.3,0.001,0.5,0.02,0.1,0.02,0.02,0.002,0.0005,0.02,0.001,0.02,0.02,0.01,0.02,0.0001,0.2838768631987646,0.29207152864453945,1.2148023250680253,2.635202608622953
Cond00449,1.0,0.02,0.001,0.02,0.02,0.02,0.01,0.005,1.0e-5,0.02,0.0005,5.0e-5,2.0,0.02,0.002,0.02,0.008,0.02,0.02,61.5,0.2,11.0,0.34376666666666666,0.02,0.02,0.02,0.1,0.1,1.0,0.39605894780327033,42.3,0.001,0.5,0.02,0.1,0.02,0.02,0.002,0.0005,0.02,0.001,0.02,0.02,0.01,0.02,0.0001,0.2757155369384765,0.40784729312421764,1.1326200473857266,1.7666226676754424
Cond00450,1.0,0.02,0.001,0.02,0.02,0.02,0.01,0.005,1.0e-5,0.02,0.0005,5.0e-5,2.0,0.02,0.2,0.02,0.008,0.02,0.02,61.5,0.2,11.0,0.356627777777778,0.02,0.02,0.02,0.1,0.1,1.0,0.40179379215176575,42.3,0.001,0.5,0.02,0.1,0.02,0.02,0.002,0.0005,0.02,0.001,0.02,0.02,0.01,0.02,0.0001,0.2808334626588145,0.3974706286093062,1.2940303500059256,1.984164644237786
Cond00451,1.0,0.02,0.001,0.02,0.02,0.02,0.01,0.005,1.0e-5,0.02,0.0005,5.0e-5,2.0,0.02,2.0,0.02,0.008,0.02,0.02,61.5,0.2,11.0,0.34698888888888885,0.02,0.02,0.02,0.1,0.1,1.0,0.41704739998732243,42.3,0.001,0.5,0.02,0.1,0.02,0.02,0.002,0.0005,0.02,0.001,0.02,0.02,0.01,0.02,0.0001,0.1359300683009668,0.36794251002693623,1.1204538611855925,1.6789621518359457
Cond00452,1.0,0.02,0.001,0.02,0.02,0.02,0.01,0.005,1.0e-5,0.02,0.0005,5.0e-5,2.0,0.02,0.02,0.0,0.008,0.02,0.02,61.5,0.2,11.0,0.26929444444444434,0.02,0.02,0.02,0.1,0.1,1.0,0.3423933725690537,42.3,0.001,0.5,0.02,0.1,0.02,0.02,0.002,0.0005,0.02,0.001,0.02,0.02,0.01,0.02,0.0001,0.26643461332905133,0.29742265067790996,1.2827349301331004,2.5723653446655375
Cond00453,1.0,0.02,0.001,0.02,0.02,0.02,0.01,0.005,1.0e-5,0.02,0.0005,5.0e-5,2.0,0.02,0.02,0.002,0.008,0.02,0.02,61.5,0.2,11.0,0.2679611111111112,0.02,0.02,0.02,0.1,0.1,1.0,0.34245738025186495,42.3,0.001,0.5,0.02,0.1,0.02,0.02,0.002,0.0005,0.02,0.001,0.02,0.02,0.01,0.02,0.0001,0.23888151065706145,0.2840226346628535,1.1797308909925757,2.6914068418288943
Cond00454,1.0,0.02,0.001,0.02,0.02,0.02,0.01,0.005,1.0e-5,0.02,0.0005,5.0e-5,2.0,0.02,0.02,0.2,0.008,0.02,0.02,61.5,0.2,11.0,0.26748888888888905,0.02,0.02,0.02,0.1,0.1,1.0,0.343702310150084,42.3,0.001,0.5,0.02,0.1,0.02,0.02,0.002,0.0005,0.02,0.001,0.02,0.02,0.01,0.02,0.0001,0.20780812958030156,0.29341787664331986,1.0988450215236165,2.669801028356367
Cond00455,1.0,0.02,0.001,0.02,0.02,0.02,0.01,0.005,1.0e-5,0.02,0.0005,5.0e-5,2.0,0.02,0.02,2.0,0.008,0.02,0.02,61.5,0.2,11.0,0.28504444444444454,0.02,0.02,0.02,0.1,0.1,1.0,0.365191784162629,42.3,0.001,0.5,0.02,0.1,0.02,0.02,0.002,0.0005,0.02,0.001,0.02,0.02,0.01,0.02,0.0001,0.2893166213341372,0.2323322434882752,1.2078431060179775,3.191534173814945
Cond00456,1.0,0.02,0.001,0.02,0.02,0.02,0.01,0.005,1.0e-5,0.02,0.0005,5.0e-5,2.0,0.02,0.02,0.02,0.008,0.0,0.02,61.5,0.2,11.0,0.2511555555555556,0.02,0.02,0.02,0.1,0.1,1.0,0.3237789392432529,42.3,0.001,0.5,0.02,0.1,0.02,0.02,0.002,0.0005,0.02,0.001,0.02,0.02,0.01,0.02,0.0001,0.18695748553276906,0.2719784513107197,1.231117578680393,2.9214694743852028
Cond00457,1.0,0.02,0.001,0.02,0.02,0.02,0.01,0.005,1.0e-5,0.02,0.0005,5.0e-5,2.0,0.02,0.02,0.02,0.008,0.002,0.02,61.5,0.2,11.0,0.2515444444444442,0.02,0.02,0.02,0.1,0.1,1.0,0.3246658434377253,42.3,0.001,0.5,0.02,0.1,0.02,0.02,0.002,0.0005,0.02,0.001,0.02,0.02,0.01,0.02,0.0001,0.1630771520282799,0.2892944666952168,1.1756703958332708,2.7551221978315086
Cond00458,1.0,0.02,0.001,0.02,0.02,0.02,0.01,0.005,1.0e-5,0.02,0.0005,5.0e-5,2.0,0.02,0.02,0.02,0.008,0.2,0.02,61.5,0.2,11.0,0.25826666666666664,0.02,0.02,0.02,0.1,0.1,1.0,0.33126870892824867,42.3,0.001,0.5,0.02,0.1,0.02,0.02,0.002,0.0005,0.02,0.001,0.02,0.02,0.01,0.02,0.0001,0.13713773973936952,0.3047726414725939,1.150406305710701,2.669605911930876
Cond00459,1.0,0.02,0.001,0.02,0.02,0.02,0.01,0.005,1.0e-5,0.02,0.0005,5.0e-5,2.0,0.02,0.02,0.02,0.008,2.0,0.02,61.5,0.2,11.0,0.2634055555555555,0.02,0.02,0.02,0.1,0.1,1.0,0.3317585947316635,42.3,0.001,0.5,0.02,0.1,0.02,0.02,0.002,0.0005,0.02,0.001,0.02,0.02,0.01,0.02,0.0001,0.20769706650134465,0.2606236344300255,1.2276378775405583,3.166031265956865
Cond00460,1.0,0.02,0.001,0.02,0.02,0.02,0.01,0.005,1.0e-5,0.02,0.0005,5.0e-5,2.0,0.02,0.02,0.02,0.008,0.02,0.0,61.5,0.2,11.0,0.0,0.02,0.02,0.02,0.1,0.1,1.0,7.871938997382945,42.3,0.001,0.5,0.02,0.1,0.02,0.02,0.002,0.0005,0.02,0.001,0.02,0.02,0.01,0.02,0.0001,2.1277453175963204,2.075753842268133,0.0,8.97386731703498
Cond00461,1.0,0.02,0.001,0.02,0.02,0.02,0.01,0.005,1.0e-5,0.02,0.0005,5.0e-5,2.0,0.02,0.02,0.02,0.008,0.02,0.002,61.5,0.2,11.0,0.004569444444444443,0.02,0.02,0.02,0.1,0.1,1.0,0.0907746701950603,42.3,0.001,0.5,0.02,0.1,0.02,0.02,0.002,0.0005,0.02,0.001,0.02,0.02,0.01,0.02,0.0001,5.319758047431787,0.312040745696049,0.4239554945010345,24.405713364696986
Cond00462,1.0,0.02,0.001,0.02,0.02,0.02,0.01,0.005,1.0e-5,0.02,0.0005,5.0e-5,2.0,0.02,0.02,0.02,0.008,0.02,0.2,61.5,0.2,11.0,0.25596111111111086,0.02,0.02,0.02,0.1,0.1,1.0,0.33456133061521526,42.3,0.001,0.5,0.02,0.1,0.02,0.02,0.002,0.0005,0.02,0.001,0.02,0.02,0.01,0.02,0.0001,0.1660532777141039,0.2899345166535627,1.3168274463454464,2.5699689430256196
Cond00463,1.0,0.02,0.001,0.02,0.02,0.02,0.01,0.005,1.0e-5,0.02,0.0005,5.0e-5,2.0,0.02,0.02,0.02,0.008,0.02,2.0,61.5,0.2,11.0,0.25809999999999983,0.02,0.02,0.02,0.1,0.1,1.0,0.33274504231317326,42.3,0.001,0.5,0.02,0.1,0.02,0.02,0.002,0.0005,0.02,0.001,0.02,0.02,0.01,0.02,0.0001,0.057203577260874945,0.3620823129945353,1.0408359641715286,2.8548925029216354
Cond00464,1.0,0.02,0.001,0.02,0.02,0.02,0.01,0.005,1.0e-5,0.02,0.0005,5.0e-5,2.0,0.02,0.02,0.02,0.008,0.02,0.02,61.5,0.2,11.0,0.2320444444444447,0.0,0.02,0.02,0.1,0.1,1.0,0.30725395190226495,42.3,0.001,0.5,0.02,0.1,0.02,0.02,0.002,0.0005,0.02,0.001,0.02,0.02,0.01,0.02,0.0001,0.11520141607651754,0.2489091497124255,1.1598268420120665,3.0840311909740143
Cond00465,1.0,0.02,0.001,0.02,0.02,0.02,0.01,0.005,1.0e-5,0.02,0.0005,5.0e-5,2.0,0.02,0.02,0.02,0.008,0.02,0.02,61.5,0.2,11.0,0.22796111111111092,0.002,0.02,0.02,0.1,0.1,1.0,0.30181322662089527,42.3,0.001,0.5,0.02,0.1,0.02,0.02,0.002,0.0005,0.02,0.001,0.02,0.02,0.01,0.02,0.0001,0.17671893926647061,0.2164877888491268,1.0586943754539613,3.369771455586606
Cond00466,1.0,0.02,0.001,0.02,0.02,0.02,0.01,0.005,1.0e-5,0.02,0.0005,5.0e-5,2.0,0.02,0.02,0.02,0.008,0.02,0.02,61.5,0.2,11.0,0.2108222222222222,0.2,0.02,0.02,0.1,0.1,1.0,0.2912226909558191,42.3,0.001,0.5,0.02,0.1,0.02,0.02,0.002,0.0005,0.02,0.001,0.02,0.02,0.01,0.02,0.0001,0.28124483093071506,0.22377152333549702,1.1726823562368482,2.3979162604497244
Cond00467,1.0,0.02,0.001,0.02,0.02,0.02,0.01,0.005,1.0e-5,0.02,0.0005,5.0e-5,2.0,0.02,0.02,0.02,0.008,0.02,0.02,61.5,0.2,11.0,0.2556277777777777,2.0,0.02,0.02,0.1,0.1,1.0,0.3243112109214104,42.3,0.001,0.5,0.02,0.1,0.02,0.02,0.002,0.0005,0.02,0.001,0.02,0.02,0.01,0.02,0.0001,0.025424048081234916,0.4325333777361479,1.0224594776995073,2.428098915768348
Cond00468,1.0,0.02,0.001,0.02,0.02,0.02,0.01,0.005,1.0e-5,0.02,0.0005,5.0e-5,2.0,0.02,0.02,0.02,0.008,0.02,0.02,61.5,0.2,11.0,0.26973888888888903,0.02,0.0,0.02,0.1,0.1,1.0,0.32521035687768457,42.3,0.001,0.5,0.02,0.1,0.02,0.02,0.002,0.0005,0.02,0.001,0.02,0.02,0.01,0.02,0.0001,0.024993249580224936,0.39131592053239833,1.10595897944305,3.1715473407650734
Cond00469,1.0,0.02,0.001,0.02,0.02,0.02,0.01,0.005,1.0e-5,0.02,0.0005,5.0e-5,2.0,0.02,0.02,0.02,0.008,0.02,0.02,61.5,0.2,11.0,0.2516555555555558,0.02,0.002,0.02,0.1,0.1,1.0,0.3215500320359139,42.3,0.001,0.5,0.02,0.1,0.02,0.02,0.002,0.0005,0.02,0.001,0.02,0.02,0.01,0.02,0.0001,0.15651613270517545,0.29538538267813563,1.1475511305035464,2.9094898495965733
Cond00470,1.0,0.02,0.001,0.02,0.02,0.02,0.01,0.005,1.0e-5,0.02,0.0005,5.0e-5,2.0,0.02,0.02,0.02,0.008,0.02,0.02,61.5,0.2,11.0,0.27232222222222213,0.02,0.2,0.02,0.1,0.1,1.0,0.34193978928536967,42.3,0.001,0.5,0.02,0.1,0.02,0.02,0.002,0.0005,0.02,0.001,0.02,0.02,0.01,0.02,0.0001,0.31096965266928595,0.22664088583159192,1.244771432170625,3.7778245815529194
Cond00471,1.0,0.02,0.001,0.02,0.02,0.02,0.01,0.005,1.0e-5,0.02,0.0005,5.0e-5,2.0,0.02,0.02,0.02,0.008,0.02,0.02,61.5,0.2,11.0,0.2749055555555556,0.02,2.0,0.02,0.1,0.1,1.0,0.3433938860916803,42.3,0.001,0.5,0.02,0.1,0.02,0.02,0.002,0.0005,0.02,0.001,0.02,0.02,0.01,0.02,0.0001,0.16538254791316337,0.2961082492872133,1.1650885887341165,2.8005002988214827
Cond00472,1.0,0.02,0.001,0.02,0.02,0.02,0.01,0.005,1.0e-5,0.02,0.0005,5.0e-5,2.0,0.02,0.02,0.02,0.008,0.02,0.02,61.5,0.2,11.0,0.306238888888889,0.02,0.02,0.0,0.1,0.1,1.0,0.3445260687089724,42.3,0.001,0.5,0.02,0.1,0.02,0.02,0.002,0.0005,0.02,0.001,0.02,0.02,0.01,0.02,0.0001,0.024039444489114346,0.3668876658512071,0.882038477074403,10.00203841453362
Cond00473,1.0,0.02,0.001,0.02,0.02,0.02,0.01,0.005,1.0e-5,0.02,0.0005,5.0e-5,2.0,0.02,0.02,0.02,0.008,0.02,0.02,61.5,0.2,11.0,0.2447388888888888,0.02,0.02,0.002,0.1,0.1,1.0,0.3229671908181339,42.3,0.001,0.5,0.02,0.1,0.02,0.02,0.002,0.0005,0.02,0.001,0.02,0.02,0.01,0.02,0.0001,0.1320618417872287,0.2873302437146237,1.0027439337531032,2.786190184245727
Cond00474,1.0,0.02,0.001,0.02,0.02,0.02,0.01,0.005,1.0e-5,0.02,0.0005,5.0e-5,2.0,0.02,0.02,0.02,0.008,0.02,0.02,61.5,0.2,11.0,0.27210000000000006,0.02,0.02,0.2,0.1,0.1,1.0,0.3499141308038817,42.3,0.001,0.5,0.02,0.1,0.02,0.02,0.002,0.0005,0.02,0.001,0.02,0.02,0.01,0.02,0.0001,0.1948296290879851,0.3235707587214077,1.206024711365859,2.270916455407798
Cond00475,1.0,0.02,0.001,0.02,0.02,0.02,0.01,0.005,1.0e-5,0.02,0.0005,5.0e-5,2.0,0.02,0.02,0.02,0.008,0.02,0.02,61.5,0.2,11.0,0.2696000000000002,0.02,0.02,2.0,0.1,0.1,1.0,0.3459066887005834,42.3,0.001,0.5,0.02,0.1,0.02,0.02,0.002,0.0005,0.02,0.001,0.02,0.02,0.01,0.02,0.0001,0.2712374461324946,0.2993037590493277,1.1956341001531765,2.40921787662605
Cond00476,1.0,0.02,0.001,0.02,0.02,0.02,0.01,0.005,1.0e-5,0.02,0.0005,5.0e-5,2.0,0.02,0.02,0.02,0.008,0.02,0.02,61.5,0.2,11.0,0.24359999999999993,0.02,0.02,0.02,0.1,0.1,1.0,0.31984046325529053,42.3,0.001,0.5,0.02,0.1,0.0,0.02,0.002,0.0005,0.02,0.001,0.02,0.02,0.01,0.02,0.0001,0.125951613267128,0.3066902842810837,1.178365157482291,2.6388072289457067
Cond00477,1.0,0.02,0.001,0.02,0.02,0.02,0.01,0.005,1.0e-5,0.02,0.0005,5.0e-5,2.0,0.02,0.02,0.02,0.008,0.02,0.02,61.5,0.2,11.0,0.2553777777777777,0.02,0.02,0.02,0.1,0.1,1.0,0.330720749198799,42.3,0.001,0.5,0.02,0.1,0.002,0.02,0.002,0.0005,0.02,0.001,0.02,0.02,0.01,0.02,0.0001,0.1695560606607985,0.28270533612898485,1.1583043480382376,2.851497684828128
Cond00478,1.0,0.02,0.001,0.02,0.02,0.02,0.01,0.005,1.0e-5,0.02,0.0005,5.0e-5,2.0,0.02,0.02,0.02,0.008,0.02,0.02,61.5,0.2,11.0,0.26085000000000025,0.02,0.02,0.02,0.1,0.1,1.0,0.33723010929571623,42.3,0.001,0.5,0.02,0.1,0.2,0.02,0.002,0.0005,0.02,0.001,0.02,0.02,0.01,0.02,0.0001,0.19647741339675562,0.27983952245174026,1.2042521260171484,2.7668739258360535
Cond00479,1.0,0.02,0.001,0.02,0.02,0.02,0.01,0.005,1.0e-5,0.02,0.0005,5.0e-5,2.0,0.02,0.02,0.02,0.008,0.02,0.02,61.5,0.2,11.0,0.2571277777777776,0.02,0.02,0.02,0.1,0.1,1.0,0.3353361066156803,42.3,0.001,0.5,0.02,0.1,2.0,0.02,0.002,0.0005,0.02,0.001,0.02,0.02,0.01,0.02,0.0001,0.23500013942819237,0.2650772927437856,1.2336498795431283,2.726612147402847
Cond00480,1.0,0.02,0.001,0.02,0.02,0.02,0.01,0.005,1.0e-5,0.02,0.0005,5.0e-5,2.0,0.02,0.02,0.02,0.008,0.02,0.02,61.5,0.2,11.0,0.25240555555555555,0.02,0.02,0.02,0.1,0.1,1.0,0.3261485965292825,42.3,0.001,0.5,0.02,0.1,0.02,0.0,0.002,0.0005,0.02,0.001,0.02,0.02,0.01,0.02,0.0001,0.15824047498151897,0.298747723202261,1.1515411836624851,2.6343106225784236
Cond00481,1.0,0.02,0.001,0.02,0.02,0.02,0.01,0.005,1.0e-5,0.02,0.0005,5.0e-5,2.0,0.02,0.02,0.02,0.008,0.02,0.02,61.5,0.2,11.0,0.2525166666666663,0.02,0.02,0.02,0.1,0.1,1.0,0.32842572345110693,42.3,0.001,0.5,0.02,0.1,0.02,0.002,0.002,0.0005,0.02,0.001,0.02,0.02,0.01,0.02,0.0001,0.14859858004681434,0.30536655379452277,1.1565342405394818,2.493575253298223
Cond00482,1.0,0.02,0.001,0.02,0.02,0.02,0.01,0.005,1.0e-5,0.02,0.0005,5.0e-5,2.0,0.02,0.02,0.02,0.008,0.02,0.02,61.5,0.2,11.0,0.2730166666666666,0.02,0.02,0.02,0.1,0.1,1.0,0.3465450112901516,42.3,0.001,0.5,0.02,0.1,0.02,0.2,0.002,0.0005,0.02,0.001,0.02,0.02,0.01,0.02,0.0001,0.1253046891160363,0.335969904641213,1.1468145296072456,2.419295499252959
Cond00483,1.0,0.02,0.001,0.02,0.02,0.02,0.01,0.005,1.0e-5,0.02,0.0005,5.0e-5,2.0,0.02,0.02,0.02,0.008,0.02,0.02,61.5,0.2,11.0,0.3818777777777773,0.02,0.02,0.02,0.1,0.1,1.0,0.44912236530873645,42.3,0.001,0.5,0.02,0.1,0.02,2.0,0.002,0.0005,0.02,0.001,0.02,0.02,0.01,0.02,0.0001,0.10986525650438267,0.34816938553315796,1.0943414443519914,2.1982084499749286
Cond00484,1.0,0.02,0.001,0.02,0.02,0.02,0.01,0.005,1.0e-5,0.02,0.0005,5.0e-5,2.0,0.02,0.02,0.02,0.008,0.02,0.02,61.5,0.2,11.0,0.2603777777777776,0.02,0.02,0.02,0.1,0.1,1.0,0.33502449389865785,42.3,0.001,0.5,0.02,0.1,0.02,0.02,0.002,0.0005,0.0,0.001,0.02,0.02,0.01,0.02,0.0001,0.1001458260356879,0.3251913664774004,1.128802153701224,2.5904628749389995
Cond00485,1.0,0.02,0.001,0.02,0.02,0.02,0.01,0.005,1.0e-5,0.02,0.0005,5.0e-5,2.0,0.02,0.02,0.02,0.008,0.02,0.02,61.5,0.2,11.0,0.25498888888888893,0.02,0.02,0.02,0.1,0.1,1.0,0.3308250054496186,42.3,0.001,0.5,0.02,0.1,0.02,0.02,0.002,0.0005,0.002,0.001,0.02,0.02,0.01,0.02,0.0001,0.12250873588410593,0.33377358201308316,1.1496535054162325,2.3196366194535027
Cond00486,1.0,0.02,0.001,0.02,0.02,0.02,0.01,0.005,1.0e-5,0.02,0.0005,5.0e-5,2.0,0.02,0.02,0.02,0.008,0.02,0.02,61.5,0.2,11.0,0.25501666666666684,0.02,0.02,0.02,0.1,0.1,1.0,0.33433049921106417,42.3,0.001,0.5,0.02,0.1,0.02,0.02,0.002,0.0005,0.2,0.001,0.02,0.02,0.01,0.02,0.0001,0.22080469710900943,0.24133302387292133,1.292180500588551,2.7943616906925026
Cond00487,1.0,0.02,0.001,0.02,0.02,0.02,0.01,0.005,1.0e-5,0.02,0.0005,5.0e-5,2.0,0.02,0.02,0.02,0.008,0.02,0.02,61.5,0.2,11.0,0.2598499999999999,0.02,0.02,0.02,0.1,0.1,1.0,0.3499029990494165,42.3,0.001,0.5,0.02,0.1,0.02,0.02,0.002,0.0005,2.0,0.001,0.02,0.02,0.01,0.02,0.0001,0.47814427806647253,0.13883889572296348,1.1883216329564865,3.5361936994555574
Cond00488,1.0,0.02,0.001,0.02,0.02,0.02,0.01,0.005,1.0e-5,0.02,0.0005,5.0e-5,2.0,0.02,0.02,0.02,0.008,0.02,0.02,61.5,0.2,11.0,0.24857222222222233,0.02,0.02,0.02,0.1,0.1,1.0,0.3219335105353036,42.3,0.001,0.5,0.02,0.1,0.02,0.02,0.002,0.0005,0.02,0.001,0.0,0.02,0.01,0.02,0.0001,0.10208513475442774,0.29563569677554496,1.0864838825949787,3.436681131553675
Cond00489,1.0,0.02,0.001,0.02,0.02,0.02,0.01,0.005,1.0e-5,0.02,0.0005,5.0e-5,2.0,0.02,0.02,0.02,0.008,0.02,0.02,61.5,0.2,11.0,0.25398888888888893,0.02,0.02,0.02,0.1,0.1,1.0,0.33020447608394127,42.3,0.001,0.5,0.02,0.1,0.02,0.02,0.002,0.0005,0.02,0.001,0.002,0.02,0.01,0.02,0.0001,0.10707438995564425,0.33177713525552277,1.1875887510747862,2.4588933137365014
Cond00490,1.0,0.02,0.001,0.02,0.02,0.02,0.01,0.005,1.0e-5,0.02,0.0005,5.0e-5,2.0,0.02,0.02,0.02,0.008,0.02,0.02,61.5,0.2,11.0,0.2645444444444443,0.02,0.02,0.02,0.1,0.1,1.0,0.3412777693468156,42.3,0.001,0.5,0.02,0.1,0.02,0.02,0.002,0.0005,0.02,0.001,0.2,0.02,0.01,0.02,0.0001,0.1336167345799084,0.3157176140152606,1.1592170902910282,2.6194550601490385
Cond00491,1.0,0.02,0.001,0.02,0.02,0.02,0.01,0.005,1.0e-5,0.02,0.0005,5.0e-5,2.0,0.02,0.02,0.02,0.008,0.02,0.02,61.5,0.2,11.0,0.284127777777778,0.02,0.02,0.02,0.1,0.1,1.0,0.3667243788945449,42.3,0.001,0.5,0.02,0.1,0.02,0.02,0.002,0.0005,0.02,0.001,2.0,0.02,0.01,0.02,0.0001,0.09289369506847654,0.36972218336696017,1.1240880197063396,2.1762976849099287
Cond00492,1.0,0.02,0.001,0.02,0.02,0.02,0.01,0.005,1.0e-5,0.02,0.0005,5.0e-5,2.0,0.02,0.02,0.02,0.008,0.02,0.02,61.5,0.2,11.0,0.25193333333333356,0.02,0.02,0.02,0.1,0.1,1.0,0.3296409568079791,42.3,0.001,0.5,0.02,0.1,0.02,0.02,0.002,0.0005,0.02,0.001,0.02,0.0,0.01,0.02,0.0001,0.130728379826487,0.3168004104779179,1.1871098419276584,2.506893432957134
Cond00493,1.0,0.02,0.001,0.02,0.02,0.02,0.01,0.005,1.0e-5,0.02,0.0005,5.0e-5,2.0,0.02,0.02,0.02,0.008,0.02,0.02,61.5,0.2,11.0,0.24396111111111107,0.02,0.02,0.02,0.1,0.1,1.0,0.3205489302195922,42.3,0.001,0.5,0.02,0.1,0.02,0.02,0.002,0.0005,0.02,0.001,0.02,0.002,0.01,0.02,0.0001,0.18160962230898847,0.2708460635285214,1.1585392952119067,3.059637914612276
Cond00494,1.0,0.02,0.001,0.02,0.02,0.02,0.01,0.005,1.0e-5,0.02,0.0005,5.0e-5,2.0,0.02,0.02,0.02,0.008,0.02,0.02,61.5,0.2,11.0,0.26071111111111095,0.02,0.02,0.02,0.1,0.1,1.0,0.3371802463318765,42.3,0.001,0.5,0.02,0.1,0.02,0.02,0.002,0.0005,0.02,0.001,0.02,0.2,0.01,0.02,0.0001,0.14695511321651422,0.3136271512111397,1.2365465752040092,2.494100967202576
Cond00495,1.0,0.02,0.001,0.02,0.02,0.02,0.01,0.005,1.0e-5,0.02,0.0005,5.0e-5,2.0,0.02,0.02,0.02,0.008,0.02,0.02,61.5,0.2,11.0,0.3014888888888889,0.02,0.02,0.02,0.1,0.1,1.0,0.3828941839469262,42.3,0.001,0.5,0.02,0.1,0.02,0.02,0.002,0.0005,0.02,0.001,0.02,2.0,0.01,0.02,0.0001,0.17150076107109713,0.3378362763854557,1.2024821108874262,2.1369113043536183
Cond00496,1.0,0.02,0.001,0.02,0.02,0.02,0.01,0.005,1.0e-5,0.02,0.0005,5.0e-5,2.0,0.02,0.02,0.02,0.008,0.02,0.02,61.5,0.2,11.0,0.289516666666666,0.02,0.02,0.02,0.1,0.1,1.0,0.3506173474866705,42.3,0.001,0.5,0.02,0.1,0.02,0.02,0.002,0.0005,0.02,0.001,0.02,0.02,0.0,0.02,0.0001,0.13902506076751053,0.37025694649516644,1.148482111535858,2.3475121048149448
Cond00497,1.0,0.02,0.001,0.02,0.02,0.02,0.01,0.005,1.0e-5,0.02,0.0005,5.0e-5,2.0,0.02,0.02,0.02,0.008,0.02,0.02,61.5,0.2,11.0,0.2590999999999999,0.02,0.02,0.02,0.1,0.1,1.0,0.32803280455936057,42.3,0.001,0.5,0.02,0.1,0.02,0.02,0.002,0.0005,0.02,0.001,0.02,0.02,0.001,0.02,0.0001,0.15838585213774,0.29753587109410035,1.1454474038488458,2.748672387685935
Cond00498,1.0,0.02,0.001,0.02,0.02,0.02,0.01,0.005,1.0e-5,0.02,0.0005,5.0e-5,2.0,0.02,0.02,0.02,0.008,0.02,0.02,61.5,0.2,11.0,0.2704055555555556,0.02,0.02,0.02,0.1,0.1,1.0,0.3377817595534318,42.3,0.001,0.5,0.02,0.1,0.02,0.02,0.002,0.0005,0.02,0.001,0.02,0.02,0.1,0.02,0.0001,0.14078690581809677,0.3310797630727214,1.169694832069643,2.4982150050430296
Cond00499,1.0,0.02,0.001,0.02,0.02,0.02,0.01,0.005,1.0e-5,0.02,0.0005,5.0e-5,2.0,0.02,0.02,0.02,0.008,0.02,0.02,61.5,0.2,11.0,0.25800277777777786,0.02,0.02,0.02,0.1,0.1,1.0,0.33040303441658064,42.3,0.001,0.5,0.02,0.1,0.02,0.02,0.002,0.0005,0.02,0.001,0.02,0.02,1.0,0.02,0.0001,0.14981192101729887,0.2990485762991895,1.122676382220929,2.694252316254042
Cond00500,1.0,0.02,0.001,0.02,0.02,0.02,0.01,0.005,1.0e-5,0.02,0.0005,5.0e-5,2.0,0.02,0.02,0.02,0.008,0.02,0.02,61.5,0.2,11.0,0.2431138888888894,0.02,0.02,0.02,0.1,0.1,1.0,0.31725637203844076,42.3,0.001,0.5,0.02,0.1,0.02,0.02,0.002,0.0005,0.02,0.001,0.02,0.02,0.01,0.0,0.0001,0.1428737816188354,0.24645364465386047,1.184671391530821,3.0512758473400248
Cond00501,1.0,0.02,0.001,0.02,0.02,0.02,0.01,0.005,1.0e-5,0.02,0.0005,5.0e-5,2.0,0.02,0.02,0.02,0.008,0.02,0.02,61.5,0.2,11.0,0.2419472222222214,0.02,0.02,0.02,0.1,0.1,1.0,0.31792843240719776,42.3,0.001,0.5,0.02,0.1,0.02,0.02,0.002,0.0005,0.02,0.001,0.02,0.02,0.01,0.002,0.0001,0.1812386308031938,0.23728290446763037,1.2876194814105557,3.089432279210966
Cond00502,1.0,0.02,0.001,0.02,0.02,0.02,0.01,0.005,1.0e-5,0.02,0.0005,5.0e-5,2.0,0.02,0.02,0.02,0.008,0.02,0.02,61.5,0.2,11.0,0.16850277777777745,0.02,0.02,0.02,0.1,0.1,1.0,0.20824420713610153,42.3,0.001,0.5,0.02,0.1,0.02,0.02,0.002,0.0005,0.02,0.001,0.02,0.02,0.01,0.2,0.0001,0.34659147262308065,0.1995767174871015,1.2563968659808393,5.038769012745933
Cond00503,1.0,0.02,0.001,0.02,0.02,0.02,0.01,0.005,1.0e-5,0.02,0.0005,5.0e-5,2.0,0.02,0.02,0.02,0.008,0.02,0.02,61.5,0.2,11.0,0.1051277777777782,0.02,0.02,0.02,0.1,0.1,1.0,0.17431619930605433,42.3,0.001,0.5,0.02,0.1,0.02,0.02,0.002,0.0005,0.02,0.001,0.02,0.02,0.01,2.0,0.0001,0.09085183303115335,0.1066240980001702,0.7268361729928168,19.054607208402892
Cond00504,1.0,0.02,0.001,0.02,0.02,0.02,0.01,0.005,1.0e-5,0.02,0.0005,5.0e-5,2.0,0.02,0.02,0.02,0.008,0.02,0.02,61.5,0.0,11.0,0.27065555555555587,0.02,0.02,0.02,0.1,0.1,1.0,0.3349695324081317,42.3,0.001,0.5,0.02,0.1,0.02,0.02,0.002,0.0005,0.02,0.001,0.02,0.02,0.01,0.02,0.0001,0.15458123039872157,0.3208397105013324,1.1476911394739937,2.615824967495103
Cond00505,1.0,0.02,0.001,0.02,0.02,0.02,0.01,0.005,1.0e-5,0.02,0.0005,5.0e-5,2.0,0.02,0.02,0.02,0.008,0.02,0.02,61.5,0.02,11.0,0.26791944444444454,0.02,0.02,0.02,0.1,0.1,1.0,0.33623064364985744,42.3,0.001,0.5,0.02,0.1,0.02,0.02,0.002,0.0005,0.02,0.001,0.02,0.02,0.01,0.02,0.0001,0.15661143676937683,0.3304396398668948,1.1169235638654345,2.536140020597349
Cond00506,1.0,0.02,0.001,0.02,0.02,0.02,0.01,0.005,1.0e-5,0.02,0.0005,5.0e-5,2.0,0.02,0.02,0.02,0.008,0.02,0.02,61.5,2.0,11.0,0.25594722222222216,0.02,0.02,0.02,0.1,0.1,1.0,0.33327566053941277,42.3,0.001,0.5,0.02,0.1,0.02,0.02,0.002,0.0005,0.02,0.001,0.02,0.02,0.01,0.02,0.0001,0.1503326403137958,0.46802570652504166,1.1300941430451803,2.5146782311706066
Cond00507,1.0,0.02,0.001,0.02,0.02,0.02,0.01,0.005,1.0e-5,0.02,0.0005,5.0e-5,2.0,0.02,0.02,0.02,0.008,0.02,0.02,61.5,20.0,11.0,0.2631277777777774,0.02,0.02,0.02,0.1,0.1,1.0,0.33662420354917094,42.3,0.001,0.5,0.02,0.1,0.02,0.02,0.002,0.0005,0.02,0.001,0.02,0.02,0.01,0.02,0.0001,0.13664021307100915,0.30696732527118326,1.1081096427177477,2.5726900928346397
Cond00508,1.0,0.02,0.001,0.02,0.02,0.02,0.01,0.005,1.0e-5,0.02,0.0005,5.0e-5,2.0,0.02,0.02,0.02,0.008,0.02,0.02,61.5,0.2,11.0,0.26183611111111116,0.02,0.02,0.02,0.1,0.1,1.0,0.3335722301927624,42.3,0.001,0.5,0.02,0.0,0.02,0.02,0.002,0.0005,0.02,0.001,0.02,0.02,0.01,0.02,0.0001,0.16382863173172815,0.3176475382034592,1.1558264228328539,2.5162937588695136
Cond00509,1.0,0.02,0.001,0.02,0.02,0.02,0.01,0.005,1.0e-5,0.02,0.0005,5.0e-5,2.0,0.02,0.02,0.02,0.008,0.02,0.02,61.5,0.2,11.0,0.2675722222222225,0.02,0.02,0.02,0.1,0.1,1.0,0.3383063348303533,42.3,0.001,0.5,0.02,0.01,0.02,0.02,0.002,0.0005,0.02,0.001,0.02,0.02,0.01,0.02,0.0001,0.1715541678429492,0.3173059214772217,1.1270477539914294,2.4936580015703385
Cond00510,1.0,0.02,0.001,0.02,0.02,0.02,0.01,0.005,1.0e-5,0.02,0.0005,5.0e-5,2.0,0.02,0.02,0.02,0.008,0.02,0.02,61.5,0.2,11.0,0.26075277777777806,0.02,0.02,0.02,0.1,0.1,1.0,0.33474985537476115,42.3,0.001,0.5,0.02,1.0,0.02,0.02,0.002,0.0005,0.02,0.001,0.02,0.02,0.01,0.02,0.0001,0.1709152728381967,0.2995597638770041,1.1613178381750684,2.640155044799608
Cond00511,1.0,0.02,0.001,0.02,0.02,0.02,0.01,0.005,1.0e-5,0.02,0.0005,5.0e-5,2.0,0.02,0.02,0.02,0.008,0.02,0.02,61.5,0.2,11.0,0.29058611111111105,0.02,0.02,0.02,0.1,0.1,1.0,0.35591209379765315,42.3,0.001,0.5,0.02,10.0,0.02,0.02,0.002,0.0005,0.02,0.001,0.02,0.02,0.01,0.02,0.0001,0.19637335989892843,0.33811809587665104,1.216348914802277,2.2900566139508047
Cond00512,1.0,0.02,0.001,0.02,0.02,0.02,0.01,0.005,1.0e-5,0.02,0.0005,5.0e-5,2.0,0.02,0.02,0.02,0.008,0.02,0.02,61.5,0.2,11.0,0.2572666666666668,0.02,0.02,0.02,0.1,0.0002,1.0,0.3342096881813871,42.3,0.001,0.5,0.02,0.1,0.02,0.02,0.002,0.0005,0.02,0.001,0.02,0.02,0.01,0.02,0.0001,0.21556622666759503,0.30037906132488384,1.1243086960484778,2.4161101441933592
Cond00513,1.0,0.02,0.001,0.02,0.02,0.02,0.01,0.005,1.0e-5,0.02,0.0005,5.0e-5,2.0,0.02,0.02,0.02,0.008,0.02,0.02,61.5,0.2,11.0,0.25054444444444457,0.02,0.02,0.02,0.1,0.01,1.0,0.32766841468178987,42.3,0.001,0.5,0.02,0.1,0.02,0.02,0.002,0.0005,0.02,0.001,0.02,0.02,0.01,0.02,0.0001,0.17964951393272197,0.282143297913568,1.1409600156350836,2.6481570336651017
Cond00514,1.0,0.02,0.001,0.02,0.02,0.02,0.01,0.005,1.0e-5,0.02,0.0005,5.0e-5,2.0,0.02,0.02,0.02,0.008,0.02,0.02,61.5,0.2,11.0,0.25618333333333315,0.02,0.02,0.02,0.1,1.0,1.0,0.33157142903921716,42.3,0.001,0.5,0.02,0.1,0.02,0.02,0.002,0.0005,0.02,0.001,0.02,0.02,0.01,0.02,0.0001,0.17419304552342077,0.29763065450622195,1.12578228691468,2.5622504715712098
Cond00515,1.0,0.02,0.001,0.02,0.02,0.02,0.01,0.005,1.0e-5,0.02,0.0005,5.0e-5,2.0,0.02,0.02,0.02,0.008,0.02,0.02,61.5,0.2,11.0,0.23726666666666674,0.02,0.02,0.02,0.1,10.0,1.0,0.3134057430124833,42.3,0.001,0.5,0.02,0.1,0.02,0.02,0.002,0.0005,0.02,0.001,0.02,0.02,0.01,0.02,0.0001,0.22253705961165648,0.20445045680885196,1.140121864723359,3.7931426674669666
Cond00516,1.0,0.02,0.001,0.02,0.02,0.02,0.01,0.005,1.0e-5,0.02,0.0005,5.0e-5,2.0,0.02,0.02,0.02,0.008,0.02,0.02,61.5,0.2,11.0,0.2614888888888889,0.02,0.02,0.02,0.0,0.1,1.0,0.33579221602038484,42.3,0.001,0.5,0.02,0.1,0.02,0.02,0.002,0.0005,0.02,0.001,0.02,0.02,0.01,0.02,0.0001,0.19641789452979266,0.28400156490344275,1.1391854570122004,2.6909508365300265
Cond00517,1.0,0.02,0.001,0.02,0.02,0.02,0.01,0.005,1.0e-5,0.02,0.0005,5.0e-5,2.0,0.02,0.02,0.02,0.008,0.02,0.02,61.5,0.2,11.0,0.2674888888888889,0.02,0.02,0.02,0.01,0.1,1.0,0.33843903185611324,42.3,0.001,0.5,0.02,0.1,0.02,0.02,0.002,0.0005,0.02,0.001,0.02,0.02,0.01,0.02,0.0001,0.18828647220436848,0.3009865568551796,1.2170108487591784,2.5862875508422647
Cond00518,1.0,0.02,0.001,0.02,0.02,0.02,0.01,0.005,1.0e-5,0.02,0.0005,5.0e-5,2.0,0.02,0.02,0.02,0.008,0.02,0.02,61.5,0.2,11.0,0.2589333333333334,0.02,0.02,0.02,1.0,0.1,1.0,0.3339591513866113,42.3,0.001,0.5,0.02,0.1,0.02,0.02,0.002,0.0005,0.02,0.001,0.02,0.02,0.01,0.02,0.0001,0.18900367670128235,0.29865764504935516,1.1622154749363554,2.530940627368608
Cond00519,1.0,0.02,0.001,0.02,0.02,0.02,0.01,0.005,1.0e-5,0.02,0.0005,5.0e-5,2.0,0.02,0.02,0.02,0.008,0.02,0.02,61.5,0.2,11.0,0.2455166666666665,0.02,0.02,0.02,10.0,0.1,1.0,0.32208645679927106,42.3,0.001,0.5,0.02,0.1,0.02,0.02,0.002,0.0005,0.02,0.001,0.02,0.02,0.01,0.02,0.0001,0.22202315106365753,0.22691634525733562,1.1257756990843513,3.327841456647443
Cond00520,1.0,0.02,0.001,0.02,0.02,0.02,0.0,0.005,1.0e-5,0.02,0.0005,5.0e-5,2.0,0.02,0.02,0.02,0.008,0.02,0.02,61.5,0.2,11.0,0.25862777777777773,0.02,0.02,0.02,0.1,0.1,1.0,0.32850145299542,42.3,0.001,0.5,0.02,0.1,0.02,0.02,0.002,0.0005,0.02,0.001,0.02,0.02,0.01,0.02,0.0001,0.14035273395083966,0.3232028793312005,1.1195345934046794,2.6236261927597027
Cond00521,1.0,0.02,0.001,0.02,0.02,0.02,0.001,0.005,1.0e-5,0.02,0.0005,5.0e-5,2.0,0.02,0.02,0.02,0.008,0.02,0.02,61.5,0.2,11.0,0.2616833333333333,0.02,0.02,0.02,0.1,0.1,1.0,0.33249601570260096,42.3,0.001,0.5,0.02,0.1,0.02,0.02,0.002,0.0005,0.02,0.001,0.02,0.02,0.01,0.02,0.0001,0.14546087706401242,0.30281093880604204,1.147479286119107,2.713045570414437
Cond00522,1.0,0.02,0.001,0.02,0.02,0.02,0.1,0.005,1.0e-5,0.02,0.0005,5.0e-5,2.0,0.02,0.02,0.02,0.008,0.02,0.02,61.5,0.2,11.0,0.2630444444444445,0.02,0.02,0.02,0.1,0.1,1.0,0.33034147916631,42.3,0.001,0.5,0.02,0.1,0.02,0.02,0.002,0.0005,0.02,0.001,0.02,0.02,0.01,0.02,0.0001,0.12117347711098082,0.3349109584497778,1.092760639724149,2.585023915523879
Cond00523,1.0,0.02,0.001,0.02,0.02,0.02,1.0,0.005,1.0e-5,0.02,0.0005,5.0e-5,2.0,0.02,0.02,0.02,0.008,0.02,0.02,61.5,0.2,11.0,0.2821555555555556,0.02,0.02,0.02,0.1,0.1,1.0,0.352784455402425,42.3,0.001,0.5,0.02,0.1,0.02,0.02,0.002,0.0005,0.02,0.001,0.02,0.02,0.01,0.02,0.0001,0.20170606876190247,0.2636566776411847,1.1818836072552512,2.940477883244302
Cond00524,1.0,0.02,0.001,0.02,0.02,0.02,0.01,0.0,1.0e-5,0.02,0.0005,5.0e-5,2.0,0.02,0.02,0.02,0.008,0.02,0.02,61.5,0.2,11.0,0.2617944444444446,0.02,0.02,0.02,0.1,0.1,1.0,0.33132704546289843,42.3,0.001,0.5,0.02,0.1,0.02,0.02,0.002,0.0005,0.02,0.001,0.02,0.02,0.01,0.02,0.0001,0.14329235388649308,0.3287059906377772,1.1625772263084013,2.520925728410958
Cond00525,1.0,0.02,0.001,0.02,0.02,0.02,0.01,0.0005,1.0e-5,0.02,0.0005,5.0e-5,2.0,0.02,0.02,0.02,0.008,0.02,0.02,61.5,0.2,11.0,0.26493333333333347,0.02,0.02,0.02,0.1,0.1,1.0,0.3347067698827708,42.3,0.001,0.5,0.02,0.1,0.02,0.02,0.002,0.0005,0.02,0.001,0.02,0.02,0.01,0.02,0.0001,0.13871371954308961,0.32276092527794176,1.1643402650146242,2.565563825912198
Cond00526,1.0,0.02,0.001,0.02,0.02,0.02,0.01,0.05,1.0e-5,0.02,0.0005,5.0e-5,2.0,0.02,0.02,0.02,0.008,0.02,0.02,61.5,0.2,11.0,0.26721111111111095,0.02,0.02,0.02,0.1,0.1,1.0,0.3361902873310429,42.3,0.001,0.5,0.02,0.1,0.02,0.02,0.002,0.0005,0.02,0.001,0.02,0.02,0.01,0.02,0.0001,0.1478373156891345,0.3177666257677689,1.1256359671797262,2.6255307436423525
Cond00527,1.0,0.02,0.001,0.02,0.02,0.02,0.01,0.5,1.0e-5,0.02,0.0005,5.0e-5,2.0,0.02,0.02,0.02,0.008,0.02,0.02,61.5,0.2,11.0,0.25687777777777787,0.02,0.02,0.02,0.1,0.1,1.0,0.3254150086826079,42.3,0.001,0.5,0.02,0.1,0.02,0.02,0.002,0.0005,0.02,0.001,0.02,0.02,0.01,0.02,0.0001,0.1544637738537472,0.2805810158824601,1.2009889241591656,2.9755059475321155
Cond00528,1.0,0.02,0.001,0.02,0.02,0.02,0.01,0.005,1.0e-5,0.02,0.0005,5.0e-5,2.0,0.02,0.02,0.02,0.008,0.02,0.02,61.5,0.2,11.0,0.2597111111111111,0.02,0.02,0.02,0.1,0.1,1.0,0.32844507760233715,42.3,0.001,0.5,0.0,0.1,0.02,0.02,0.002,0.0005,0.02,0.001,0.02,0.02,0.01,0.02,0.0001,0.1912210416459127,0.29969160476655027,1.1966329513105827,2.606630364540084
Cond00529,1.0,0.02,0.001,0.02,0.02,0.02,0.01,0.005,1.0e-5,0.02,0.0005,5.0e-5,2.0,0.02,0.02,0.02,0.008,0.02,0.02,61.5,0.2,11.0,0.282877777777778,0.02,0.02,0.02,0.1,0.1,1.0,0.34204380436681747,42.3,0.001,0.5,0.002,0.1,0.02,0.02,0.002,0.0005,0.02,0.001,0.02,0.02,0.01,0.02,0.0001,0.20296318103623878,0.3160141050873309,1.1924588351789382,2.644785427215769
Cond00530,1.0,0.02,0.001,0.02,0.02,0.02,0.01,0.005,1.0e-5,0.02,0.0005,5.0e-5,2.0,0.02,0.02,0.02,0.008,0.02,0.02,61.5,0.2,11.0,0.2511277777777779,0.02,0.02,0.02,0.1,0.1,1.0,0.3275143462911054,42.3,0.001,0.5,0.2,0.1,0.02,0.02,0.002,0.0005,0.02,0.001,0.02,0.02,0.01,0.02,0.0001,0.18257489805175753,0.2778019471537831,1.1610536990255764,2.6987783536537706
Cond00531,1.0,0.02,0.001,0.02,0.02,0.02,0.01,0.005,1.0e-5,0.02,0.0005,5.0e-5,2.0,0.02,0.02,0.02,0.008,0.02,0.02,61.5,0.2,11.0,0.27626666666666666,0.02,0.02,0.02,0.1,0.1,1.0,0.3494051462610343,42.3,0.001,0.5,2.0,0.1,0.02,0.02,0.002,0.0005,0.02,0.001,0.02,0.02,0.01,0.02,0.0001,0.21878905456468895,0.3252239293576358,1.1760202574973904,2.290534804774929
Cond00532,1.0,0.02,0.001,0.02,0.02,0.02,0.01,0.005,1.0e-5,0.02,0.0005,5.0e-5,2.0,0.02,0.02,0.02,0.008,0.02,0.02,61.5,0.2,11.0,0.2786277777777776,0.02,0.02,0.02,0.1,0.1,1.0,0.34642898419827906,42.3,0.001,0.0,0.02,0.1,0.02,0.02,0.002,0.0005,0.02,0.001,0.02,0.02,0.01,0.02,0.0001,0.2175539519549608,0.2915937407526852,1.164014843292816,2.7253213692387543
Cond00533,1.0,0.02,0.001,0.02,0.02,0.02,0.01,0.005,1.0e-5,0.02,0.0005,5.0e-5,2.0,0.02,0.02,0.02,0.008,0.02,0.02,61.5,0.2,11.0,0.2626555555555554,0.02,0.02,0.02,0.1,0.1,1.0,0.3356617827917608,42.3,0.001,0.05,0.02,0.1,0.02,0.02,0.002,0.0005,0.02,0.001,0.02,0.02,0.01,0.02,0.0001,0.23149856341425348,0.2800774312990937,1.2104218646576148,2.6932711931465287
Cond00534,1.0,0.02,0.001,0.02,0.02,0.02,0.01,0.005,1.0e-5,0.02,0.0005,5.0e-5,2.0,0.02,0.02,0.02,0.008,0.02,0.02,61.5,0.2,11.0,0.2616277777777777,0.02,0.02,0.02,0.1,0.1,1.0,0.3343382781957017,42.3,0.001,5.0,0.02,0.1,0.02,0.02,0.002,0.0005,0.02,0.001,0.02,0.02,0.01,0.02,0.0001,0.19198322751174185,0.2936942040001572,1.1600843914409722,2.5614248515945266
Cond00535,1.0,0.02,0.001,0.02,0.02,0.02,0.01,0.005,1.0e-5,0.02,0.0005,5.0e-5,2.0,0.02,0.02,0.02,0.008,0.02,0.02,61.5,0.2,11.0,0.3081833333333337,0.02,0.02,0.02,0.1,0.1,1.0,0.33798254236190167,42.3,0.001,50.0,0.02,0.1,0.02,0.02,0.002,0.0005,0.02,0.001,0.02,0.02,0.01,0.02,0.0001,0.07768291460326127,0.39550480114894737,1.0728184932341114,2.851480099547455
Cond00536,1.0,0.02,0.001,0.02,0.02,0.02,0.01,0.005,1.0e-5,0.02,0.0,5.0e-5,2.0,0.02,0.02,0.02,0.008,0.02,0.02,61.5,0.2,11.0,0.22004444444444454,0.02,0.02,0.02,0.1,0.1,1.0,0.29592267435706077,42.3,0.001,0.5,0.02,0.1,0.02,0.02,0.002,0.0005,0.02,0.001,0.02,0.02,0.01,0.02,0.0001,0.21318913012499544,0.27861582863592305,1.1819642866575117,2.3047386013837254
Cond00537,1.0,0.02,0.001,0.02,0.02,0.02,0.01,0.005,1.0e-5,0.02,5.0e-5,5.0e-5,2.0,0.02,0.02,0.02,0.008,0.02,0.02,61.5,0.2,11.0,0.23390555555555548,0.02,0.02,0.02,0.1,0.1,1.0,0.311637039249303,42.3,0.001,0.5,0.02,0.1,0.02,0.02,0.002,0.0005,0.02,0.001,0.02,0.02,0.01,0.02,0.0001,0.23100951934290098,0.25456556467701597,1.1769927590554259,2.733107977207409
Cond00538,1.0,0.02,0.001,0.02,0.02,0.02,0.01,0.005,1.0e-5,0.02,0.005,5.0e-5,2.0,0.02,0.02,0.02,0.008,0.02,0.02,61.5,0.2,11.0,0.2622944444444444,0.02,0.02,0.02,0.1,0.1,1.0,0.33719314028783354,42.3,0.001,0.5,0.02,0.1,0.02,0.02,0.002,0.0005,0.02,0.001,0.02,0.02,0.01,0.02,0.0001,0.196847643609673,0.2813525983407289,1.25323792344083,2.7048106003954735
Cond00539,1.0,0.02,0.001,0.02,0.02,0.02,0.01,0.005,1.0e-5,0.02,0.05,5.0e-5,2.0,0.02,0.02,0.02,0.008,0.02,0.02,61.5,0.2,11.0,0.2589888888888891,0.02,0.02,0.02,0.1,0.1,1.0,0.33568585494014935,42.3,0.001,0.5,0.02,0.1,0.02,0.02,0.002,0.0005,0.02,0.001,0.02,0.02,0.01,0.02,0.0001,0.17968793058674715,0.29773122994678675,1.098531792418318,2.6967804339337373
Cond00540,1.0,0.02,0.001,0.02,0.02,0.02,0.01,0.005,0.0,0.02,0.0005,5.0e-5,2.0,0.02,0.02,0.02,0.008,0.02,0.02,61.5,0.2,11.0,0.2659333333333332,0.02,0.02,0.02,0.1,0.1,1.0,0.342658927666611,42.3,0.001,0.5,0.02,0.1,0.02,0.02,0.002,0.0005,0.02,0.001,0.02,0.02,0.01,0.02,0.0001,0.19792612028828854,0.3117029715622534,1.1800166618853816,2.3443250600473475
Cond00541,1.0,0.02,0.001,0.02,0.02,0.02,0.01,0.005,1.0e-6,0.02,0.0005,5.0e-5,2.0,0.02,0.02,0.02,0.008,0.02,0.02,61.5,0.2,11.0,0.25471111111111094,0.02,0.02,0.02,0.1,0.1,1.0,0.33296062772309315,42.3,0.001,0.5,0.02,0.1,0.02,0.02,0.002,0.0005,0.02,0.001,0.02,0.02,0.01,0.02,0.0001,0.2334352800098473,0.26910521325497383,1.1826123106339381,2.7399090765918426
Cond00542,1.0,0.02,0.001,0.02,0.02,0.02,0.01,0.005,0.0001,0.02,0.0005,5.0e-5,2.0,0.02,0.02,0.02,0.008,0.02,0.02,61.5,0.2,11.0,0.261822222222222,0.02,0.02,0.02,0.1,0.1,1.0,0.33980316233914926,42.3,0.001,0.5,0.02,0.1,0.02,0.02,0.002,0.0005,0.02,0.001,0.02,0.02,0.01,0.02,0.0001,0.20266430820703435,0.28049027700756823,1.167166169447033,2.613665028200333
Cond00543,1.0,0.02,0.001,0.02,0.02,0.02,0.01,0.005,0.001,0.02,0.0005,5.0e-5,2.0,0.02,0.02,0.02,0.008,0.02,0.02,61.5,0.2,11.0,0.2605999999999999,0.02,0.02,0.02,0.1,0.1,1.0,0.33779700942017266,42.3,0.001,0.5,0.02,0.1,0.02,0.02,0.002,0.0005,0.02,0.001,0.02,0.02,0.01,0.02,0.0001,0.18412487601718175,0.2904829922748008,1.23553231405156,2.7133258226603676
Cond00544,1.0,0.02,0.001,0.02,0.02,0.02,0.01,0.005,1.0e-5,0.02,0.0005,5.0e-5,2.0,0.02,0.02,0.02,0.008,0.02,0.02,61.5,0.2,11.0,0.25832222222222195,0.02,0.02,0.02,0.1,0.1,1.0,0.3314904498916293,42.3,0.0,0.5,0.02,0.1,0.02,0.02,0.002,0.0005,0.02,0.001,0.02,0.02,0.01,0.02,0.0001,0.17226751305898297,0.2985127970857345,1.1530866132515174,2.566225798219875
Cond00545,1.0,0.02,0.001,0.02,0.02,0.02,0.01,0.005,1.0e-5,0.02,0.0005,5.0e-5,2.0,0.02,0.02,0.02,0.008,0.02,0.02,61.5,0.2,11.0,0.25582222222222206,0.02,0.02,0.02,0.1,0.1,1.0,0.3313430025588775,42.3,0.0001,0.5,0.02,0.1,0.02,0.02,0.002,0.0005,0.02,0.001,0.02,0.02,0.01,0.02,0.0001,0.19342365379224077,0.27563164544435614,1.1610365056288212,2.740825538078001
Cond00546,1.0,0.02,0.001,0.02,0.02,0.02,0.01,0.005,1.0e-5,0.02,0.0005,5.0e-5,2.0,0.02,0.02,0.02,0.008,0.02,0.02,61.5,0.2,11.0,0.2578777777777778,0.02,0.02,0.02,0.1,0.1,1.0,0.3307578229852647,42.3,0.01,0.5,0.02,0.1,0.02,0.02,0.002,0.0005,0.02,0.001,0.02,0.02,0.01,0.02,0.0001,0.1766147974774866,0.3028121659079809,1.1975289247576197,2.5093436090798082
Cond00547,1.0,0.02,0.001,0.02,0.02,0.02,0.01,0.005,1.0e-5,0.02,0.0005,5.0e-5,2.0,0.02,0.02,0.02,0.008,0.02,0.02,61.5,0.2,11.0,0.26529444444444433,0.02,0.02,0.02,0.1,0.1,1.0,0.3394566592176817,42.3,0.1,0.5,0.02,0.1,0.02,0.02,0.002,0.0005,0.02,0.001,0.02,0.02,0.01,0.02,0.0001,0.18782596167098634,0.30083104726591026,1.1080233969379032,2.554751612280603
Cond00548,1.0,0.02,0.001,0.02,0.02,0.02,0.01,0.005,1.0e-5,0.02,0.0005,5.0e-5,2.0,0.02,0.02,0.02,0.008,0.02,0.02,61.5,0.2,11.0,0.27060000000000006,0.02,0.02,0.02,0.1,0.1,1.0,0.3383550554339712,42.3,0.001,0.5,0.02,0.1,0.02,0.02,0.002,0.0005,0.02,0.001,0.02,0.02,0.01,0.02,0.0,0.1904493429689041,0.31561988952086123,1.1638258590189292,2.4400826343733497
Cond00549,1.0,0.02,0.001,0.02,0.02,0.02,0.01,0.005,1.0e-5,0.02,0.0005,5.0e-5,2.0,0.02,0.02,0.02,0.008,0.02,0.02,61.5,0.2,11.0,0.26371111111111123,0.02,0.02,0.02,0.1,0.1,1.0,0.3342975396296668,42.3,0.001,0.5,0.02,0.1,0.02,0.02,0.002,0.0005,0.02,0.001,0.02,0.02,0.01,0.02,1.0e-5,0.18731618416947246,0.30783273517540055,1.1245889336968586,2.5152505212225567
Cond00550,1.0,0.02,0.001,0.02,0.02,0.02,0.01,0.005,1.0e-5,0.02,0.0005,5.0e-5,2.0,0.02,0.02,0.02,0.008,0.02,0.02,61.5,0.2,11.0,0.2784333333333333,0.02,0.02,0.02,0.1,0.1,1.0,0.34846199202982747,42.3,0.001,0.5,0.02,0.1,0.02,0.02,0.002,0.0005,0.02,0.001,0.02,0.02,0.01,0.02,0.001,0.19977058562637567,0.3172211367298382,1.1440114278530527,2.3752503713425273
Cond00551,1.0,0.02,0.001,0.02,0.02,0.02,0.01,0.005,1.0e-5,0.02,0.0005,5.0e-5,2.0,0.02,0.02,0.02,0.008,0.02,0.02,61.5,0.2,11.0,0.26737777777777777,0.02,0.02,0.02,0.1,0.1,1.0,0.3449961727632399,42.3,0.001,0.5,0.02,0.1,0.02,0.02,0.002,0.0005,0.02,0.001,0.02,0.02,0.01,0.02,0.01,0.1945539313040832,0.29604896649077095,1.1535704950315602,2.4694758443705442
Cond00552,1.0,0.02,0.001,0.02,0.02,0.02,0.01,0.005,1.0e-5,0.02,0.0005,5.0e-5,2.0,0.02,0.02,0.02,0.008,0.02,0.02,61.5,0.2,11.0,0.2535999999999998,0.02,0.02,0.02,0.1,0.1,1.0,0.3305716868479461,42.3,0.001,0.5,0.02,0.1,0.02,0.02,0.002,0.0005,0.02,0.0,0.02,0.02,0.01,0.02,0.0001,0.22420275501479545,0.2630546467939314,1.2065974829802832,2.919208184314046
Cond00553,1.0,0.02,0.001,0.02,0.02,0.02,0.01,0.005,1.0e-5,0.02,0.0005,5.0e-5,2.0,0.02,0.02,0.02,0.008,0.02,0.02,61.5,0.2,11.0,0.3001555555555553,0.02,0.02,0.02,0.1,0.1,1.0,0.36773517105436443,42.3,0.001,0.5,0.02,0.1,0.02,0.02,0.002,0.0005,0.02,0.0001,0.02,0.02,0.01,0.02,0.0001,0.24438279567672602,0.5477694955752429,1.2451737805306087,1.9611612739977298
Cond00554,1.0,0.02,0.001,0.02,0.02,0.02,0.01,0.005,1.0e-5,0.02,0.0005,5.0e-5,2.0,0.02,0.02,0.02,0.008,0.02,0.02,61.5,0.2,11.0,0.2741277777777777,0.02,0.02,0.02,0.1,0.1,1.0,0.35131982850814714,42.3,0.001,0.5,0.02,0.1,0.02,0.02,0.002,0.0005,0.02,0.01,0.02,0.02,0.01,0.02,0.0001,0.2730371686607851,0.30669466471531304,1.263211739946211,2.343816998151061
Cond00555,1.0,0.02,0.001,0.02,0.02,0.02,0.01,0.005,1.0e-5,0.02,0.0005,5.0e-5,2.0,0.02,0.02,0.02,0.008,0.02,0.02,61.5,0.2,11.0,0.2689333333333333,0.02,0.02,0.02,0.1,0.1,1.0,0.34747663993494776,42.3,0.001,0.5,0.02,0.1,0.02,0.02,0.002,0.0005,0.02,0.1,0.02,0.02,0.01,0.02,0.0001,0.25623053940685964,0.2867198440354273,1.1561714841428161,2.4584185787220125
Cond00556,1.0,0.02,0.001,0.02,0.02,0.02,0.01,0.005,1.0e-5,0.02,0.0005,5.0e-5,2.0,0.02,0.02,0.02,0.008,0.02,0.02,61.5,0.2,11.0,0.2722666666666669,0.02,0.02,0.02,0.1,0.1,1.0,0.3506532195530977,42.3,0.001,0.5,0.02,0.1,0.02,0.02,0.0,0.0005,0.02,0.001,0.02,0.02,0.01,0.02,0.0001,0.2541778188156308,0.2942028855671724,1.1684552626057751,2.4069167243382967
Cond00557,1.0,0.02,0.001,0.02,0.02,0.02,0.01,0.005,1.0e-5,0.02,0.0005,5.0e-5,2.0,0.02,0.02,0.02,0.008,0.02,0.02,61.5,0.2,11.0,0.27387777777777766,0.02,0.02,0.02,0.1,0.1,1.0,0.34900782635865524,42.3,0.001,0.5,0.02,0.1,0.02,0.02,0.0002,0.0005,0.02,0.001,0.02,0.02,0.01,0.02,0.0001,0.25396904679373544,0.30479580897107134,1.2395111101355072,2.4212358765817226
Cond00558,1.0,0.02,0.001,0.02,0.02,0.02,0.01,0.005,1.0e-5,0.02,0.0005,5.0e-5,2.0,0.02,0.02,0.02,0.008,0.02,0.02,61.5,0.2,11.0,0.28584999999999994,0.02,0.02,0.02,0.1,0.1,1.0,0.36070905244901963,42.3,0.001,0.5,0.02,0.1,0.02,0.02,0.02,0.0005,0.02,0.001,0.02,0.02,0.01,0.02,0.0001,0.25974058737737177,0.32671629616223063,1.208907205403054,2.1295912182742462
Cond00559,1.0,0.02,0.001,0.02,0.02,0.02,0.01,0.005,1.0e-5,0.02,0.0005,5.0e-5,2.0,0.02,0.02,0.02,0.008,0.02,0.02,61.5,0.2,11.0,0.2692027777777779,0.02,0.02,0.02,0.1,0.1,1.0,0.3495832007560078,42.3,0.001,0.5,0.02,0.1,0.02,0.02,0.2,0.0005,0.02,0.001,0.02,0.02,0.01,0.02,0.0001,0.25473997649211066,0.28844388787832925,1.1710441425486708,2.532015438571998
Cond00560,1.0,0.02,0.001,0.02,0.02,0.02,0.01,0.005,1.0e-5,0.02,0.0005,0.0,2.0,0.02,0.02,0.02,0.008,0.02,0.02,61.5,0.2,11.0,0.2867388888888888,0.02,0.02,0.02,0.1,0.1,1.0,0.34433818952448964,42.3,0.001,0.5,0.02,0.1,0.02,0.02,0.002,0.0005,0.02,0.001,0.02,0.02,0.01,0.02,0.0001,0.1821678871838136,0.3283565310635701,1.1877566308214307,2.6572445188784
Cond00561,1.0,0.02,0.001,0.02,0.02,0.02,0.01,0.005,1.0e-5,0.02,0.0005,5.0e-6,2.0,0.02,0.02,0.02,0.008,0.02,0.02,61.5,0.2,11.0,0.27096111111111104,0.02,0.02,0.02,0.1,0.1,1.0,0.33672107696341264,42.3,0.001,0.5,0.02,0.1,0.02,0.02,0.002,0.0005,0.02,0.001,0.02,0.02,0.01,0.02,0.0001,0.21736588488566166,0.31501515822033394,1.1922391511193808,2.6304286457503707
Cond00562,1.0,0.02,0.001,0.02,0.02,0.02,0.01,0.005,1.0e-5,0.02,0.0005,0.0005,2.0,0.02,0.02,0.02,0.008,0.02,0.02,61.5,0.2,11.0,0.26101666666666645,0.02,0.02,0.02,0.1,0.1,1.0,0.3337425687029561,42.3,0.001,0.5,0.02,0.1,0.02,0.02,0.002,0.0005,0.02,0.001,0.02,0.02,0.01,0.02,0.0001,0.1769245170319398,0.29566561774922007,1.2170759740155723,2.6190060735179923
Cond00563,1.0,0.02,0.001,0.02,0.02,0.02,0.01,0.005,1.0e-5,0.02,0.0005,0.005,2.0,0.02,0.02,0.02,0.008,0.02,0.02,61.5,0.2,11.0,0.25301666666666667,0.02,0.02,0.02,0.1,0.1,1.0,0.3311399308049694,42.3,0.001,0.5,0.02,0.1,0.02,0.02,0.002,0.0005,0.02,0.001,0.02,0.02,0.01,0.02,0.0001,0.19612831288072152,0.26927957546546516,1.2302912023007087,2.869962767791197
Cond00564,1.0,0.02,0.001,0.02,0.02,0.02,0.01,0.005,1.0e-5,0.02,0.0005,5.0e-5,2.0,0.02,0.02,0.02,0.008,0.02,0.02,61.5,0.2,11.0,0.2621833333333334,0.02,0.02,0.02,0.1,0.1,1.0,0.33676160216412115,42.3,0.001,0.5,0.02,0.1,0.02,0.02,0.002,0.0,0.02,0.001,0.02,0.02,0.01,0.02,0.0001,0.18337105413831653,0.3146008911281202,1.1521609834453592,2.37705134200518
Cond00565,1.0,0.02,0.001,0.02,0.02,0.02,0.01,0.005,1.0e-5,0.02,0.0005,5.0e-5,2.0,0.02,0.02,0.02,0.008,0.02,0.02,61.5,0.2,11.0,0.2694888888888889,0.02,0.02,0.02,0.1,0.1,1.0,0.3372586339563876,42.3,0.001,0.5,0.02,0.1,0.02,0.02,0.002,5.0e-5,0.02,0.001,0.02,0.02,0.01,0.02,0.0001,0.1846859156105006,0.3168537799043977,1.1695833309207262,2.528612447284069
Cond00566,1.0,0.02,0.001,0.02,0.02,0.02,0.01,0.005,1.0e-5,0.02,0.0005,5.0e-5,2.0,0.02,0.02,0.02,0.008,0.02,0.02,61.5,0.2,11.0,0.30071111111111115,0.02,0.02,0.02,0.1,0.1,1.0,0.3602106171022575,42.3,0.001,0.5,0.02,0.1,0.02,0.02,0.002,0.005,0.02,0.001,0.02,0.02,0.01,0.02,0.0001,0.22286101681136655,0.3422233637135843,1.1638391210342987,2.361332175427468
Cond00567,1.0,0.02,0.001,0.02,0.02,0.02,0.01,0.005,1.0e-5,0.02,0.0005,5.0e-5,2.0,0.02,0.02,0.02,0.008,0.02,0.02,61.5,0.2,11.0,0.2477111111111111,0.02,0.02,0.02,0.1,0.1,1.0,0.32371671096869314,42.3,0.001,0.5,0.02,0.1,0.02,0.02,0.002,0.05,0.02,0.001,0.02,0.02,0.01,0.02,0.0001,0.20595090429985538,0.2516804102043269,1.17295758225639,3.1658765454145072
Cond00568,1.0,0.02,0.001,0.02,0.02,0.02,0.01,0.005,1.0e-5,0.02,0.0005,5.0e-5,2.0,0.02,0.02,0.02,0.0,0.02,0.02,61.5,0.2,11.0,0.2826277777777777,0.02,0.02,0.02,0.1,0.1,1.0,0.34533373355705077,42.3,0.001,0.5,0.02,0.1,0.02,0.02,0.002,0.0005,0.02,0.001,0.02,0.02,0.01,0.02,0.0001,0.20122226877490262,0.3037162663928039,1.2068188602999985,2.7868222750346074
Cond00569,1.0,0.02,0.001,0.02,0.02,0.02,0.01,0.005,1.0e-5,0.02,0.0005,5.0e-5,2.0,0.02,0.02,0.02,0.0008,0.02,0.02,61.5,0.2,11.0,0.27823888888888887,0.02,0.02,0.02,0.1,0.1,1.0,0.34291016027792387,42.3,0.001,0.5,0.02,0.1,0.02,0.02,0.002,0.0005,0.02,0.001,0.02,0.02,0.01,0.02,0.0001,0.204139405851022,0.3154930629596925,1.1964620441862874,2.7085427727527946
Cond00570,1.0,0.02,0.001,0.02,0.02,0.02,0.01,0.005,1.0e-5,0.02,0.0005,5.0e-5,2.0,0.02,0.02,0.02,0.08,0.02,0.02,61.5,0.2,11.0,0.2637666666666666,0.02,0.02,0.02,0.1,0.1,1.0,0.33484579981708107,42.3,0.001,0.5,0.02,0.1,0.02,0.02,0.002,0.0005,0.02,0.001,0.02,0.02,0.01,0.02,0.0001,0.22283846899726983,0.2714230545196884,1.1284727902023575,2.960234719976396
Cond00571,1.0,0.02,0.001,0.02,0.02,0.02,0.01,0.005,1.0e-5,0.02,0.0005,5.0e-5,2.0,0.02,0.02,0.02,0.8,0.02,0.02,61.5,0.2,11.0,0.2888777777777777,0.02,0.02,0.02,0.1,0.1,1.0,0.3498803927981302,42.3,0.001,0.5,0.02,0.1,0.02,0.02,0.002,0.0005,0.02,0.001,0.02,0.02,0.01,0.02,0.0001,0.1411422695190439,0.3438409177223397,1.1237591540804837,2.479418906594511
Cond00572,1.0,0.02,0.0,0.02,0.02,0.02,0.01,0.005,1.0e-5,0.02,0.0005,5.0e-5,2.0,0.02,0.02,0.02,0.008,0.02,0.02,61.5,0.2,11.0,0.27829444444444446,0.02,0.02,0.02,0.1,0.1,1.0,0.34622958804947523,42.3,0.001,0.5,0.02,0.1,0.02,0.02,0.002,0.0005,0.02,0.001,0.02,0.02,0.01,0.02,0.0001,0.24176661524215806,0.33432241654633527,1.211130516459329,2.4315146704297548
Cond00573,1.0,0.02,0.0001,0.02,0.02,0.02,0.01,0.005,1.0e-5,0.02,0.0005,5.0e-5,2.0,0.02,0.02,0.02,0.008,0.02,0.02,61.5,0.2,11.0,0.2634611111111112,0.02,0.02,0.02,0.1,0.1,1.0,0.33531287865316817,42.3,0.001,0.5,0.02,0.1,0.02,0.02,0.002,0.0005,0.02,0.001,0.02,0.02,0.01,0.02,0.0001,0.22025663161678166,0.2955003452172503,1.136615140210531,2.937726928575539
Cond00574,1.0,0.02,0.01,0.02,0.02,0.02,0.01,0.005,1.0e-5,0.02,0.0005,5.0e-5,2.0,0.02,0.02,0.02,0.008,0.02,0.02,61.5,0.2,11.0,0.27943333333333353,0.02,0.02,0.02,0.1,0.1,1.0,0.352084924390466,42.3,0.001,0.5,0.02,0.1,0.02,0.02,0.002,0.0005,0.02,0.001,0.02,0.02,0.01,0.02,0.0001,0.26419112479454404,0.29800411949566996,1.1932280600720777,2.669303724721745
Cond00575,1.0,0.02,0.1,0.02,0.02,0.02,0.01,0.005,1.0e-5,0.02,0.0005,5.0e-5,2.0,0.02,0.02,0.02,0.008,0.02,0.02,61.5,0.2,11.0,0.2650444444444445,0.02,0.02,0.02,0.1,0.1,1.0,0.33832978002763753,42.3,0.001,0.5,0.02,0.1,0.02,0.02,0.002,0.0005,0.02,0.001,0.02,0.02,0.01,0.02,0.0001,0.18820946032775787,0.2940994076605029,1.1337156071723145,2.5955806032600774
Cond00576,1.0,2.0,0.0,0.2,2.0,0.2,1.0,0.05,0.0001,0.0,0.005,0.0,20.0,2.0,2.0,0.02,0.8,0.002,0.002,0.0615,2.0,0.0385,0.0007027777777777779,2.0,0.02,0.0,1.0,10.0,1.0,4.862347242770352,0.0,0.001,0.0,2.0,1.0,0.02,2.0,0.002,0.005,2.0,0.01,0.02,0.2,1.0,0.2,1.0e-5,12.272856212928211,4.2409215195799606,0.0,12.613488671788769
Cond00577,1.0,2.0,0.0,0.2,2.0,0.2,1.0,0.05,0.0001,0.0,0.005,0.0,20.0,2.0,2.0,0.02,0.8,0.002,0.002,30.75,2.0,0.0385,1.2261694444444449,2.0,0.02,0.0,1.0,10.0,1.0,1.2369036959492923,0.0,0.001,0.0,2.0,1.0,0.02,2.0,0.002,0.005,2.0,0.01,0.02,0.2,1.0,0.2,1.0e-5,6.462730173261025e-5,0.4004862488037188,0.6576985275332123,9.057339565714082
Cond00578,1.0,2.0,0.0,0.2,2.0,0.2,1.0,0.05,0.0001,0.0,0.005,0.0,20.0,2.0,2.0,0.02,0.8,0.002,0.002,61.5,2.0,0.0385,1.235035119047617,2.0,0.02,0.0,1.0,10.0,1.0,2.310145027138999,0.0,0.001,0.0,2.0,1.0,0.02,2.0,0.002,0.005,2.0,0.01,0.02,0.2,1.0,0.2,1.0e-5,0.9351312292756385,0.35230705725827766,0.5515324102944772,10.747499967877896
Cond00579,1.0,2.0,0.0,0.2,2.0,0.2,1.0,0.05,0.0001,0.0,0.005,0.0,20.0,2.0,2.0,0.02,0.8,0.002,0.002,92.25,2.0,0.0385,1.2160722222222227,2.0,0.02,0.0,1.0,10.0,1.0,1.2140777036736614,0.0,0.001,0.0,2.0,1.0,0.02,2.0,0.002,0.005,2.0,0.01,0.02,0.2,1.0,0.2,1.0e-5,0.0001896100544106226,0.3189669208784507,0.5474728951621703,7.326853372607305
Cond00580,1.0,2.0,0.0,0.2,2.0,0.2,1.0,0.05,0.0001,0.0,0.005,0.0,20.0,2.0,2.0,0.02,0.8,0.002,0.002,123.0,2.0,0.0385,0.41707222222222246,2.0,0.02,0.0,1.0,10.0,1.0,18.69674973571625,0.0,0.001,0.0,2.0,1.0,0.02,2.0,0.002,0.005,2.0,0.01,0.02,0.2,1.0,0.2,1.0e-5,0.0003829766749099132,0.23150274645067898,0.29920319422520897,22.491614404939057
Cond00581,1.0,2.0,0.0,0.2,2.0,0.2,1.0,0.05,0.0001,0.0,0.005,0.0,20.0,2.0,2.0,0.02,0.8,0.002,0.002,61.5,2.0,11.0,1.2530999999999999,2.0,0.02,0.0,1.0,10.0,1.0,1.2499278181363227,0.0,0.001,0.0,2.0,1.0,0.02,2.0,0.002,0.005,2.0,0.01,0.02,0.2,1.0,0.2,1.0e-5,0.00012051889149630164,0.4159231318964282,0.6846058969695995,3.650096891233756
Cond00582,1.0,2.0,0.0,0.2,2.0,0.2,1.0,0.05,0.0001,0.0,0.005,0.0,20.0,2.0,2.0,0.02,0.8,0.002,0.002,61.5,2.0,22.0,1.2309055555555557,2.0,0.02,0.0,1.0,10.0,1.0,1.2338545452190748,0.0,0.001,0.0,2.0,1.0,0.02,2.0,0.002,0.005,2.0,0.01,0.02,0.2,1.0,0.2,1.0e-5,0.00016011296453785325,0.41619228660535695,0.6648427176845938,3.3986196765915837
Cond00583,1.0,2.0,0.0,0.2,2.0,0.2,1.0,0.05,0.0001,0.0,0.005,0.0,20.0,2.0,2.0,0.02,0.8,0.002,0.002,61.5,2.0,38.5,1.0498222222222235,2.0,0.02,0.0,1.0,10.0,1.0,1.0239582343858067,0.0,0.001,0.0,2.0,1.0,0.02,2.0,0.002,0.005,2.0,0.01,0.02,0.2,1.0,0.2,1.0e-5,0.00022749702247672275,0.43901012239088655,0.6775840616072515,4.563714528006584
Cond00584,1.0,2.0,0.0,0.2,2.0,0.2,1.0,0.05,0.0001,0.0,0.005,0.0,20.0,2.0,2.0,0.02,0.8,0.002,0.002,61.5,2.0,77.0,0.8518222222222221,2.0,0.02,0.0,1.0,10.0,1.0,0.8878049772247496,0.0,0.001,0.0,2.0,1.0,0.02,2.0,0.002,0.005,2.0,0.01,0.02,0.2,1.0,0.2,1.0e-5,0.0003126537960489943,0.4395270659325446,0.6858178201100087,4.619388490920581
Cond00585,1.0,2.0,0.0,0.2,2.0,0.2,1.0,0.05,0.0001,0.0,0.005,0.0,20.0,2.0,2.0,0.02,0.8,0.002,0.002,61.5,2.0,0.0385,1.2818777777777781,2.0,0.02,0.0,1.0,10.0,1.0,1.2624717441852318,2.115,0.001,0.0,2.0,1.0,0.02,2.0,0.002,0.005,2.0,0.01,0.02,0.2,1.0,0.2,1.0e-5,4.6204323090852846e-5,0.4186982615799226,0.6674847683519816,6.066480956441657
Cond00586,1.0,2.0,0.0,0.2,2.0,0.2,1.0,0.05,0.0001,0.0,0.005,0.0,20.0,2.0,2.0,0.02,0.8,0.002,0.002,61.5,2.0,0.0385,1.2722944444444444,2.0,0.02,0.0,1.0,10.0,1.0,1.2789879137771007,21.15,0.001,0.0,2.0,1.0,0.02,2.0,0.002,0.005,2.0,0.01,0.02,0.2,1.0,0.2,1.0e-5,0.00011646439366728149,0.42632556059783877,0.6462076981657898,3.034731986596902
Cond00587,1.0,2.0,0.0,0.2,2.0,0.2,1.0,0.05,0.0001,0.0,0.005,0.0,20.0,2.0,2.0,0.02,0.8,0.002,0.002,61.5,2.0,0.0385,1.1425166666666664,2.0,0.02,0.0,1.0,10.0,1.0,1.1121008993666628,42.3,0.001,0.0,2.0,1.0,0.02,2.0,0.002,0.005,2.0,0.01,0.02,0.2,1.0,0.2,1.0e-5,0.00017987767465345468,0.45165804891511246,0.6583972514915792,2.9690744923875463
Cond00588,1.0,2.0,0.0,0.2,2.0,0.2,1.0,0.05,0.0001,0.0,0.005,0.0,20.0,2.0,2.0,0.02,0.8,0.002,0.002,61.5,2.0,0.0385,1.0278222222222222,2.0,0.02,0.0,1.0,10.0,1.0,0.9739936342131083,63.45,0.001,0.0,2.0,1.0,0.02,2.0,0.002,0.005,2.0,0.01,0.02,0.2,1.0,0.2,1.0e-5,0.00022901401575317037,0.44277961815142425,0.7176821210452367,4.587984910727113
Cond00589,1.0,2.0,0.0,0.2,2.0,0.2,1.0,0.05,0.0001,0.0,0.005,0.0,20.0,2.0,2.0,0.02,0.8,0.002,0.002,61.5,2.0,0.0385,0.9508499999999999,2.0,0.02,0.0,1.0,10.0,1.0,0.9475294992030958,84.6,0.001,0.0,2.0,1.0,0.02,2.0,0.002,0.005,2.0,0.01,0.02,0.2,1.0,0.2,1.0e-5,0.00038527056438953733,0.4338958484977343,0.670958796383251,3.4713032191112343
Cond00590,1.0,2.0,0.0,0.2,2.0,0.2,1.0,0.05,0.0001,0.0,0.005,0.0,0.02,2.0,2.0,0.02,0.8,0.002,0.002,61.5,2.0,0.0385,0.19573888888888896,2.0,0.02,0.0,1.0,10.0,1.0,8.29881918834733,0.0,0.001,0.0,2.0,1.0,0.02,2.0,0.002,0.005,2.0,0.01,0.02,0.2,1.0,0.2,1.0e-5,0.00018092366130177142,0.21227692911219403,0.36087751061867956,25.521643382703303
Cond00591,1.0,2.0,0.0,0.2,2.0,0.2,1.0,0.05,0.0001,0.0,0.005,0.0,0.22,2.0,2.0,0.02,0.8,0.002,0.002,61.5,2.0,0.0385,0.28037777777777806,2.0,0.02,0.0,1.0,10.0,1.0,0.3415097136074421,0.0,0.001,0.0,2.0,1.0,0.02,2.0,0.002,0.005,2.0,0.01,0.02,0.2,1.0,0.2,1.0e-5,0.001517481389299118,0.18435836166502453,0.3870442951328719,10.955743172860382
Cond00592,1.0,2.0,0.0,0.2,2.0,0.2,1.0,0.05,0.0001,0.0,0.005,0.0,2.0,2.0,2.0,0.02,0.8,0.002,0.002,61.5,2.0,0.0385,0.8427777777777771,2.0,0.02,0.0,1.0,10.0,1.0,0.9056557545104165,0.0,0.001,0.0,2.0,1.0,0.02,2.0,0.002,0.005,2.0,0.01,0.02,0.2,1.0,0.2,1.0e-5,0.0008975442823134341,0.2267730690572932,0.2687827785223385,23.693110293463477
Cond00593,1.0,2.0,0.0,0.2,2.0,0.2,1.0,0.05,0.0001,0.0,0.005,0.0,40.0,2.0,2.0,0.02,0.8,0.002,0.002,61.5,2.0,0.0385,1.252072222222222,2.0,0.02,0.0,1.0,10.0,1.0,1.2879961726068094,0.0,0.001,0.0,2.0,1.0,0.02,2.0,0.002,0.005,2.0,0.01,0.02,0.2,1.0,0.2,1.0e-5,5.507097746075368e-5,0.4106804309013468,0.6421660992288788,3.99675395350886
Cond00594,1.0,2.0,0.0,0.2,2.0,0.2,1.0,0.05,0.0001,0.0,0.005,0.0,200.0,2.0,2.0,0.02,0.8,0.002,0.002,61.5,2.0,0.0385,1.0305166666666663,2.0,0.02,0.0,1.0,10.0,1.0,1.0490138149989994,0.0,0.001,0.0,2.0,1.0,0.02,2.0,0.002,0.005,2.0,0.01,0.02,0.2,1.0,0.2,1.0e-5,9.185874882582627e-5,0.4266849336999823,0.7147856712570833,7.426053303687141
Cond00595,0.015,2.0,0.0,0.2,2.0,0.2,1.0,0.05,0.0001,0.0,0.005,0.0,20.0,2.0,2.0,0.02,0.8,0.002,0.002,61.5,2.0,0.0385,1.2263222222222223,2.0,0.02,0.0,1.0,10.0,1.0,1.1390314072544785,0.0,0.001,0.0,2.0,1.0,0.02,2.0,0.002,0.005,2.0,0.01,0.02,0.2,1.0,0.2,1.0e-5,0.00015817287998189816,0.2750449423758322,0.48862144133285784,8.220096818561261
Cond00596,0.115,2.0,0.0,0.2,2.0,0.2,1.0,0.05,0.0001,0.0,0.005,0.0,20.0,2.0,2.0,0.02,0.8,0.002,0.002,61.5,2.0,0.0385,0.8246833333333338,2.0,0.02,0.0,1.0,10.0,1.0,3.813949425133167,0.0,0.001,0.0,2.0,1.0,0.02,2.0,0.002,0.005,2.0,0.01,0.02,0.2,1.0,0.2,1.0e-5,0.0018071911236254583,1.5033675862186286,0.6127943833990909,7.862519669215633
Cond00597,5.0,2.0,0.0,0.2,2.0,0.2,1.0,0.05,0.0001,0.0,0.005,0.0,20.0,2.0,2.0,0.02,0.8,0.002,0.002,61.5,2.0,0.0385,1.2535444444444446,2.0,0.02,0.0,1.0,10.0,1.0,1.2185342753127804,0.0,0.001,0.0,2.0,1.0,0.02,2.0,0.002,0.005,2.0,0.01,0.02,0.2,1.0,0.2,1.0e-5,9.137689005021742e-5,0.43622841241422494,0.7199920717374956,2.907475642597394
Cond00598,10.0,2.0,0.0,0.2,2.0,0.2,1.0,0.05,0.0001,0.0,0.005,0.0,20.0,2.0,2.0,0.02,0.8,0.002,0.002,61.5,2.0,0.0385,1.225905555555555,2.0,0.02,0.0,1.0,10.0,1.0,1.187353007759555,0.0,0.001,0.0,2.0,1.0,0.02,2.0,0.002,0.005,2.0,0.01,0.02,0.2,1.0,0.2,1.0e-5,0.00012805414904857074,0.44061210507307985,0.7547856627432015,3.514766566486519
Cond00599,100.0,2.0,0.0,0.2,2.0,0.2,1.0,0.05,0.0001,0.0,0.005,0.0,20.0,2.0,2.0,0.02,0.8,0.002,0.002,61.5,2.0,0.0385,0.8241909090909092,2.0,0.02,0.0,1.0,10.0,1.0,0.801951679919079,0.0,0.001,0.0,2.0,1.0,0.02,2.0,0.002,0.005,2.0,0.01,0.02,0.2,1.0,0.2,1.0e-5,0.00044150991976017013,0.5044269665643895,0.7920772311618656,2.5051881469085866
Cond00600,1.0,2.0,0.0,0.2,2.0,0.2,1.0,0.05,0.0001,0.0,0.005,0.0,20.0,2.0,2.0,0.02,0.8,0.002,0.002,61.5,2.0,0.0385,1.2490000000000003,2.0,0.02,0.0,1.0,10.0,0.0,1.259333202798485,0.0,0.001,0.0,2.0,1.0,0.02,2.0,0.002,0.005,2.0,0.01,0.02,0.2,1.0,0.2,1.0e-5,0.00022151256361092368,0.3232350573167987,0.4115106514958616,4.285915952788313
Cond00601,1.0,2.0,0.0,0.2,2.0,0.2,1.0,0.05,0.0001,0.0,0.005,0.0,20.0,2.0,2.0,0.02,0.8,0.002,0.002,61.5,2.0,0.0385,1.2406555555555563,2.0,0.02,0.0,1.0,10.0,0.1,1.2746515130858849,0.0,0.001,0.0,2.0,1.0,0.02,2.0,0.002,0.005,2.0,0.01,0.02,0.2,1.0,0.2,1.0e-5,0.0003720529723612004,0.3330211957317106,0.510475675756711,3.62782092103103
Cond00602,1.0,2.0,0.0,0.2,2.0,0.2,1.0,0.05,0.0001,0.0,0.005,0.0,20.0,2.0,2.0,0.02,0.8,0.002,0.002,61.5,2.0,0.0385,1.2837111111111126,2.0,0.02,0.0,1.0,10.0,5.0,1.2983037230043315,0.0,0.001,0.0,2.0,1.0,0.02,2.0,0.002,0.005,2.0,0.01,0.02,0.2,1.0,0.2,1.0e-5,0.0001354071942720572,0.39554285951179247,0.5838565322284018,2.789315090061507
Cond00603,1.0,2.0,0.0,0.2,2.0,0.2,1.0,0.05,0.0001,0.0,0.005,0.0,20.0,2.0,2.0,0.02,0.8,0.002,0.002,61.5,2.0,0.0385,1.2449611111111105,2.0,0.02,0.0,1.0,10.0,10.0,1.2196258915315168,0.0,0.001,0.0,2.0,1.0,0.02,2.0,0.002,0.005,2.0,0.01,0.02,0.2,1.0,0.2,1.0e-5,0.00011044739412190206,0.4239394185705133,0.6783712472513872,6.162343031383917
Cond00605,1.0,0.0,0.0,0.2,2.0,0.2,1.0,0.05,0.0001,0.0,0.005,0.0,20.0,2.0,2.0,0.02,0.8,0.002,0.002,61.5,2.0,0.0385,1.2329333333333328,2.0,0.02,0.0,1.0,10.0,1.0,1.2696690787840947,0.0,0.001,0.0,2.0,1.0,0.02,2.0,0.002,0.005,2.0,0.01,0.02,0.2,1.0,0.2,1.0e-5,0.000112398543099411,0.35549895590472713,0.5279015573258925,2.2724773702145136
Cond00606,1.0,0.002,0.0,0.2,2.0,0.2,1.0,0.05,0.0001,0.0,0.005,0.0,20.0,2.0,2.0,0.02,0.8,0.002,0.002,61.5,2.0,0.0385,1.2825722222222218,2.0,0.02,0.0,1.0,10.0,1.0,1.2521889930782453,0.0,0.001,0.0,2.0,1.0,0.02,2.0,0.002,0.005,2.0,0.01,0.02,0.2,1.0,0.2,1.0e-5,8.157317030278483e-5,0.39962527266395403,0.5979469960614607,8.527971229673053
Cond00607,1.0,0.02,0.0,0.2,2.0,0.2,1.0,0.05,0.0001,0.0,0.005,0.0,20.0,2.0,2.0,0.02,0.8,0.002,0.002,61.5,2.0,0.0385,1.2494333333333334,2.0,0.02,0.0,1.0,10.0,1.0,1.2723031308753316,0.0,0.001,0.0,2.0,1.0,0.02,2.0,0.002,0.005,2.0,0.01,0.02,0.2,1.0,0.2,1.0e-5,5.757618158014737e-5,0.38249423947449096,0.5048909662695116,2.3253036760028696
Cond00608,1.0,0.2,0.0,0.2,2.0,0.2,1.0,0.05,0.0001,0.0,0.005,0.0,20.0,2.0,2.0,0.02,0.8,0.002,0.002,61.5,2.0,0.0385,1.2533222222222224,2.0,0.02,0.0,1.0,10.0,1.0,1.266645755871485,0.0,0.001,0.0,2.0,1.0,0.02,2.0,0.002,0.005,2.0,0.01,0.02,0.2,1.0,0.2,1.0e-5,7.787574351767836e-5,0.37109241791546843,0.5594624627659965,3.432290124065719
Cond00609,1.0,4.0,0.0,0.2,2.0,0.2,1.0,0.05,0.0001,0.0,0.005,0.0,20.0,2.0,2.0,0.02,0.8,0.002,0.002,61.5,2.0,0.0385,1.2412388888888881,2.0,0.02,0.0,1.0,10.0,1.0,1.2238906211590714,0.0,0.001,0.0,2.0,1.0,0.02,2.0,0.002,0.005,2.0,0.01,0.02,0.2,1.0,0.2,1.0e-5,3.981037357786339e-5,0.4246551925323449,0.6195407091825412,4.361110787863064
Cond00610,1.0,2.0,0.0,0.0,2.0,0.2,1.0,0.05,0.0001,0.0,0.005,0.0,20.0,2.0,2.0,0.02,0.8,0.002,0.002,61.5,2.0,0.0385,1.2482388888888893,2.0,0.02,0.0,1.0,10.0,1.0,1.2549204773724911,0.0,0.001,0.0,2.0,1.0,0.02,2.0,0.002,0.005,2.0,0.01,0.02,0.2,1.0,0.2,1.0e-5,5.7774912265284133e-5,0.38067811920965977,0.5288020340130716,3.9075570343147366
Cond00611,1.0,2.0,0.0,0.002,2.0,0.2,1.0,0.05,0.0001,0.0,0.005,0.0,20.0,2.0,2.0,0.02,0.8,0.002,0.002,61.5,2.0,0.0385,1.2572666666666665,2.0,0.02,0.0,1.0,10.0,1.0,1.2335994035515083,0.0,0.001,0.0,2.0,1.0,0.02,2.0,0.002,0.005,2.0,0.01,0.02,0.2,1.0,0.2,1.0e-5,5.1349069425326096e-5,0.39680460551841484,0.5417986768846687,8.138996566649407
Cond00612,1.0,2.0,0.0,0.02,2.0,0.2,1.0,0.05,0.0001,0.0,0.005,0.0,20.0,2.0,2.0,0.02,0.8,0.002,0.002,61.5,2.0,0.0385,1.2779888888888895,2.0,0.02,0.0,1.0,10.0,1.0,1.2752266402805472,0.0,0.001,0.0,2.0,1.0,0.02,2.0,0.002,0.005,2.0,0.01,0.02,0.2,1.0,0.2,1.0e-5,6.268832708959453e-5,0.39305168001271795,0.5329545681049594,7.222528552029183
Cond00613,1.0,2.0,0.0,1.0,2.0,0.2,1.0,0.05,0.0001,0.0,0.005,0.0,20.0,2.0,2.0,0.02,0.8,0.002,0.002,61.5,2.0,0.0385,1.2807305555555561,2.0,0.02,0.0,1.0,10.0,1.0,1.3161210227978126,0.0,0.001,0.0,2.0,1.0,0.02,2.0,0.002,0.005,2.0,0.01,0.02,0.2,1.0,0.2,1.0e-5,0.0001837587689945814,0.3046917873547997,0.3472101965604226,13.440043874030671
Cond00614,1.0,2.0,0.0,2.0,2.0,0.2,1.0,0.05,0.0001,0.0,0.005,0.0,20.0,2.0,2.0,0.02,0.8,0.002,0.002,61.5,2.0,0.0385,1.3076000000000012,2.0,0.02,0.0,1.0,10.0,1.0,1.2855137885489905,0.0,0.001,0.0,2.0,1.0,0.02,2.0,0.002,0.005,2.0,0.01,0.02,0.2,1.0,0.2,1.0e-5,5.523059698422501e-5,0.39885377237256836,0.6754910347554461,7.950252453772261
Cond00615,1.0,2.0,0.0,0.2,0.0,0.2,1.0,0.05,0.0001,0.0,0.005,0.0,20.0,2.0,2.0,0.02,0.8,0.002,0.002,61.5,2.0,0.0385,1.2533777777777784,2.0,0.02,0.0,1.0,10.0,1.0,1.2473886489116284,0.0,0.001,0.0,2.0,1.0,0.02,2.0,0.002,0.005,2.0,0.01,0.02,0.2,1.0,0.2,1.0e-5,0.0002950847977700427,0.49045760751422407,0.6803995475514024,3.0046000463594247
Cond00616,1.0,2.0,0.0,0.2,0.002,0.2,1.0,0.05,0.0001,0.0,0.005,0.0,20.0,2.0,2.0,0.02,0.8,0.002,0.002,61.5,2.0,0.0385,1.229322222222223,2.0,0.02,0.0,1.0,10.0,1.0,1.2390101286664443,0.0,0.001,0.0,2.0,1.0,0.02,2.0,0.002,0.005,2.0,0.01,0.02,0.2,1.0,0.2,1.0e-5,0.00038434588667327877,0.42707346965398496,0.5380837954150962,2.7546398972544526
Cond00617,1.0,2.0,0.0,0.2,0.02,0.2,1.0,0.05,0.0001,0.0,0.005,0.0,20.0,2.0,2.0,0.02,0.8,0.002,0.002,61.5,2.0,0.0385,1.2578499999999997,2.0,0.02,0.0,1.0,10.0,1.0,1.2516474192253295,0.0,0.001,0.0,2.0,1.0,0.02,2.0,0.002,0.005,2.0,0.01,0.02,0.2,1.0,0.2,1.0e-5,0.00029916713296501327,0.4688416588218426,0.6722728931995237,2.2671120552777215
Cond00618,1.0,2.0,0.0,0.2,0.2,0.2,1.0,0.05,0.0001,0.0,0.005,0.0,20.0,2.0,2.0,0.02,0.8,0.002,0.002,61.5,2.0,0.0385,1.2091555555555558,2.0,0.02,0.0,1.0,10.0,1.0,1.2482807480329825,0.0,0.001,0.0,2.0,1.0,0.02,2.0,0.002,0.005,2.0,0.01,0.02,0.2,1.0,0.2,1.0e-5,0.0003222822450989357,0.3928390697057773,0.5622369618452097,2.1574923820761644
Cond00619,1.0,2.0,0.0,0.2,4.0,0.2,1.0,0.05,0.0001,0.0,0.005,0.0,20.0,2.0,2.0,0.02,0.8,0.002,0.002,61.5,2.0,0.0385,1.3093222222222216,2.0,0.02,0.0,1.0,10.0,1.0,1.311121188061635,0.0,0.001,0.0,2.0,1.0,0.02,2.0,0.002,0.005,2.0,0.01,0.02,0.2,1.0,0.2,1.0e-5,0.00041826235367276737,0.4535537819720734,0.6350390445453591,2.3956144988071326
Cond00620,1.0,2.0,0.0,0.2,2.0,0.0,1.0,0.05,0.0001,0.0,0.005,0.0,20.0,2.0,2.0,0.02,0.8,0.002,0.002,61.5,2.0,0.0385,1.2543500000000007,2.0,0.02,0.0,1.0,10.0,1.0,1.2561661120318746,0.0,0.001,0.0,2.0,1.0,0.02,2.0,0.002,0.005,2.0,0.01,0.02,0.2,1.0,0.2,1.0e-5,0.00026105113723420565,0.4191715230726555,0.5478896877007711,2.419833081024519
Cond00621,1.0,2.0,0.0,0.2,2.0,0.002,1.0,0.05,0.0001,0.0,0.005,0.0,20.0,2.0,2.0,0.02,0.8,0.002,0.002,61.5,2.0,0.0385,1.263461111111113,2.0,0.02,0.0,1.0,10.0,1.0,1.2634433522554105,0.0,0.001,0.0,2.0,1.0,0.02,2.0,0.002,0.005,2.0,0.01,0.02,0.2,1.0,0.2,1.0e-5,0.0002685759147580053,0.4358198404720839,0.6360000701084444,5.742517094765608
Cond00622,1.0,2.0,0.0,0.2,2.0,0.02,1.0,0.05,0.0001,0.0,0.005,0.0,20.0,2.0,2.0,0.02,0.8,0.002,0.002,61.5,2.0,0.0385,1.2914055555555553,2.0,0.02,0.0,1.0,10.0,1.0,1.2828083030567465,0.0,0.001,0.0,2.0,1.0,0.02,2.0,0.002,0.005,2.0,0.01,0.02,0.2,1.0,0.2,1.0e-5,0.00016128424018601624,0.5123334844318582,0.7515044968574459,2.1691416482003536
Cond00623,1.0,2.0,0.0,0.2,2.0,1.0,1.0,0.05,0.0001,0.0,0.005,0.0,20.0,2.0,2.0,0.02,0.8,0.002,0.002,61.5,2.0,0.0385,1.3025444444444438,2.0,0.02,0.0,1.0,10.0,1.0,1.2887885018679097,0.0,0.001,0.0,2.0,1.0,0.02,2.0,0.002,0.005,2.0,0.01,0.02,0.2,1.0,0.2,1.0e-5,0.00022480933597234646,0.5212633192539825,0.7748055569412204,1.7519852822286726
Cond00624,1.0,2.0,0.0,0.2,2.0,2.0,1.0,0.05,0.0001,0.0,0.005,0.0,20.0,2.0,2.0,0.02,0.8,0.002,0.002,61.5,2.0,0.0385,1.325405555555555,2.0,0.02,0.0,1.0,10.0,1.0,1.319939421598135,0.0,0.001,0.0,2.0,1.0,0.02,2.0,0.002,0.005,2.0,0.01,0.02,0.2,1.0,0.2,1.0e-5,0.0002857709112868261,0.5056209698230074,0.795424587478855,2.3498097532153204
Cond00625,1.0,2.0,0.0,0.2,2.0,0.2,1.0,0.05,0.0001,0.001,0.005,0.0,20.0,2.0,2.0,0.02,0.8,0.002,0.002,61.5,2.0,0.0385,1.2586555555555559,2.0,0.02,0.0,1.0,10.0,1.0,1.251399266347008,0.0,0.001,0.0,2.0,1.0,0.02,2.0,0.002,0.005,2.0,0.01,0.02,0.2,1.0,0.2,1.0e-5,5.6321747518345046e-5,0.3940636084640647,0.5977359914978353,4.371629143710976
Cond00626,1.0,2.0,0.0,0.2,2.0,0.2,1.0,0.05,0.0001,0.002,0.005,0.0,20.0,2.0,2.0,0.02,0.8,0.002,0.002,61.5,2.0,0.0385,1.2668222222222216,2.0,0.02,0.0,1.0,10.0,1.0,1.226210882145545,0.0,0.001,0.0,2.0,1.0,0.02,2.0,0.002,0.005,2.0,0.01,0.02,0.2,1.0,0.2,1.0e-5,4.233451774841805e-5,0.41769121278942595,0.6130608858782415,9.351003991194466
Cond00627,1.0,2.0,0.0,0.2,2.0,0.2,1.0,0.05,0.0001,0.02,0.005,0.0,20.0,2.0,2.0,0.02,0.8,0.002,0.002,61.5,2.0,0.0385,1.2513500000000009,2.0,0.02,0.0,1.0,10.0,1.0,1.2392716995715594,0.0,0.001,0.0,2.0,1.0,0.02,2.0,0.002,0.005,2.0,0.01,0.02,0.2,1.0,0.2,1.0e-5,1.988230342810065e-5,0.39879619214266854,0.6612213697309974,6.991531609310527
Cond00628,1.0,2.0,0.0,0.2,2.0,0.2,1.0,0.05,0.0001,0.2,0.005,0.0,20.0,2.0,2.0,0.02,0.8,0.002,0.002,61.5,2.0,0.0385,1.2722666666666675,2.0,0.02,0.0,1.0,10.0,1.0,1.2721239811703784,0.0,0.001,0.0,2.0,1.0,0.02,2.0,0.002,0.005,2.0,0.01,0.02,0.2,1.0,0.2,1.0e-5,2.4399627384087734e-5,0.359003888951411,0.6808856781265126,9.318164580350746
Cond00629,1.0,2.0,0.0,0.2,2.0,0.2,1.0,0.05,0.0001,2.0,0.005,0.0,20.0,2.0,2.0,0.02,0.8,0.002,0.002,61.5,2.0,0.0385,1.1239888888888885,2.0,0.02,0.0,1.0,10.0,1.0,1.0734272161203675,0.0,0.001,0.0,2.0,1.0,0.02,2.0,0.002,0.005,2.0,0.01,0.02,0.2,1.0,0.2,1.0e-5,4.3435703493012704e-5,0.4095299112314629,0.6915286113098574,8.639477756908
Cond00630,1.0,2.0,0.0,0.2,2.0,0.2,1.0,0.05,0.0001,0.0,0.005,0.0,20.0,0.0,2.0,0.02,0.8,0.002,0.002,61.5,2.0,0.0385,1.0709055555555558,2.0,0.02,0.0,1.0,10.0,1.0,1.0516703118314872,0.0,0.001,0.0,2.0,1.0,0.02,2.0,0.002,0.005,2.0,0.01,0.02,0.2,1.0,0.2,1.0e-5,0.0019774307904860487,0.24332473922205639,0.30545196076571934,13.418644580950911
Cond00631,1.0,2.0,0.0,0.2,2.0,0.2,1.0,0.05,0.0001,0.0,0.005,0.0,20.0,0.002,2.0,0.02,0.8,0.002,0.002,61.5,2.0,0.0385,1.0611555555555556,2.0,0.02,0.0,1.0,10.0,1.0,2.0251033465125214,0.0,0.001,0.0,2.0,1.0,0.02,2.0,0.002,0.005,2.0,0.01,0.02,0.2,1.0,0.2,1.0e-5,0.0010745485046793424,0.24647924865336795,0.2840976464684494,14.154700634157072
Cond00632,1.0,2.0,0.0,0.2,2.0,0.2,1.0,0.05,0.0001,0.0,0.005,0.0,20.0,0.02,2.0,0.02,0.8,0.002,0.002,61.5,2.0,0.0385,1.0633555555555554,2.0,0.02,0.0,1.0,10.0,1.0,1.0680398693264108,0.0,0.001,0.0,2.0,1.0,0.02,2.0,0.002,0.005,2.0,0.01,0.02,0.2,1.0,0.2,1.0e-5,0.0021859525029730856,0.30990516494258985,0.443915848799044,12.05163483901711
Cond00633,1.0,2.0,0.0,0.2,2.0,0.2,1.0,0.05,0.0001,0.0,0.005,0.0,20.0,0.2,2.0,0.02,0.8,0.002,0.002,61.5,2.0,0.0385,1.0923722222222225,2.0,0.02,0.0,1.0,10.0,1.0,1.05835743088984,0.0,0.001,0.0,2.0,1.0,0.02,2.0,0.002,0.005,2.0,0.01,0.02,0.2,1.0,0.2,1.0e-5,0.0013327748922998253,0.3317908119194066,0.49678542877133214,11.565444604245187
Cond00634,1.0,2.0,0.0,0.2,2.0,0.2,1.0,0.05,0.0001,0.0,0.005,0.0,20.0,4.0,2.0,0.02,0.8,0.002,0.002,61.5,2.0,0.0385,1.3261277777777778,2.0,0.02,0.0,1.0,10.0,1.0,1.3283849506120846,0.0,0.001,0.0,2.0,1.0,0.02,2.0,0.002,0.005,2.0,0.01,0.02,0.2,1.0,0.2,1.0e-5,8.925997773320917e-5,0.4507800789940112,0.6631110371218614,2.220666747893088
Cond00635,1.0,2.0,0.0,0.2,2.0,0.2,1.0,0.05,0.0001,0.0,0.005,0.0,20.0,2.0,0.0,0.02,0.8,0.002,0.002,61.5,2.0,0.0385,1.2464888888888899,2.0,0.02,0.0,1.0,10.0,1.0,1.2548936648317075,0.0,0.001,0.0,2.0,1.0,0.02,2.0,0.002,0.005,2.0,0.01,0.02,0.2,1.0,0.2,1.0e-5,4.463894101425244e-5,0.35963721989778835,0.6160136806973024,8.845957837909568
Cond00636,1.0,2.0,0.0,0.2,2.0,0.2,1.0,0.05,0.0001,0.0,0.005,0.0,20.0,2.0,0.002,0.02,0.8,0.002,0.002,61.5,2.0,0.0385,1.228377777777778,2.0,0.02,0.0,1.0,10.0,1.0,1.2266606057941305,0.0,0.001,0.0,2.0,1.0,0.02,2.0,0.002,0.005,2.0,0.01,0.02,0.2,1.0,0.2,1.0e-5,5.234557725382637e-5,0.34118710026746296,0.5243078996389294,16.635718339842754
Cond00637,1.0,2.0,0.0,0.2,2.0,0.2,1.0,0.05,0.0001,0.0,0.005,0.0,20.0,2.0,0.02,0.02,0.8,0.002,0.002,61.5,2.0,0.0385,0.15004444444444454,2.0,0.02,0.0,1.0,10.0,1.0,0.2130858021901074,0.0,0.001,0.0,2.0,1.0,0.02,2.0,0.002,0.005,2.0,0.01,0.02,0.2,1.0,0.2,1.0e-5,0.0056825023663256286,0.07962969320370555,0.4369957561973976,16.073384590861647
Cond00638,1.0,2.0,0.0,0.2,2.0,0.2,1.0,0.05,0.0001,0.0,0.005,0.0,20.0,2.0,0.2,0.02,0.8,0.002,0.002,61.5,2.0,0.0385,1.26235,2.0,0.02,0.0,1.0,10.0,1.0,1.2907069887973572,0.0,0.001,0.0,2.0,1.0,0.02,2.0,0.002,0.005,2.0,0.01,0.02,0.2,1.0,0.2,1.0e-5,3.5134253842449874e-5,0.3889609692000454,0.6077183304737128,6.090106038472916
Cond00639,1.0,2.0,0.0,0.2,2.0,0.2,1.0,0.05,0.0001,0.0,0.005,0.0,20.0,2.0,4.0,0.02,0.8,0.002,0.002,61.5,2.0,0.0385,1.3593499999999994,2.0,0.02,0.0,1.0,10.0,1.0,1.3300509478115454,0.0,0.001,0.0,2.0,1.0,0.02,2.0,0.002,0.005,2.0,0.01,0.02,0.2,1.0,0.2,1.0e-5,9.01727494453963e-5,0.40262961813227816,0.6823463048988444,9.365731480461204
Cond00640,1.0,2.0,0.0,0.2,2.0,0.2,1.0,0.05,0.0001,0.0,0.005,0.0,20.0,2.0,2.0,0.0,0.8,0.002,0.002,61.5,2.0,0.0385,1.2808222222222216,2.0,0.02,0.0,1.0,10.0,1.0,1.2657166388358645,0.0,0.001,0.0,2.0,1.0,0.02,2.0,0.002,0.005,2.0,0.01,0.02,0.2,1.0,0.2,1.0e-5,8.348052915198786e-5,0.39022460037597945,0.6037531996144726,13.41018575648829
Cond00641,1.0,2.0,0.0,0.2,2.0,0.2,1.0,0.05,0.0001,0.0,0.005,0.0,20.0,2.0,2.0,0.002,0.8,0.002,0.002,61.5,2.0,0.0385,0.9962944444444441,2.0,0.02,0.0,1.0,10.0,1.0,10.17545107379391,0.0,0.001,0.0,2.0,1.0,0.02,2.0,0.002,0.005,2.0,0.01,0.02,0.2,1.0,0.2,1.0e-5,0.0012997012870268965,0.2013882163168212,0.4496111878410162,9.330530874205566
Cond00642,1.0,2.0,0.0,0.2,2.0,0.2,1.0,0.05,0.0001,0.0,0.005,0.0,20.0,2.0,2.0,0.1,0.8,0.002,0.002,61.5,2.0,0.0385,1.2648499999999994,2.0,0.02,0.0,1.0,10.0,1.0,1.2546757777071507,0.0,0.001,0.0,2.0,1.0,0.02,2.0,0.002,0.005,2.0,0.01,0.02,0.2,1.0,0.2,1.0e-5,0.0001315313575922033,0.3539429857484918,0.594339756353736,6.855596455926583
Cond00643,1.0,2.0,0.0,0.2,2.0,0.2,1.0,0.05,0.0001,0.0,0.005,0.0,20.0,2.0,2.0,0.2,0.8,0.002,0.002,61.5,2.0,0.0385,1.288294444444444,2.0,0.02,0.0,1.0,10.0,1.0,1.2620807373221914,0.0,0.001,0.0,2.0,1.0,0.02,2.0,0.002,0.005,2.0,0.01,0.02,0.2,1.0,0.2,1.0e-5,9.690825067258944e-5,0.4049909427326275,0.6775911647540327,7.032437911728504
Cond00644,1.0,2.0,0.0,0.2,2.0,0.2,1.0,0.05,0.0001,0.0,0.005,0.0,20.0,2.0,2.0,2.0,0.8,0.002,0.002,61.5,2.0,0.0385,1.2252388888888888,2.0,0.02,0.0,1.0,10.0,1.0,1.1962138321705769,0.0,0.001,0.0,2.0,1.0,0.02,2.0,0.002,0.005,2.0,0.01,0.02,0.2,1.0,0.2,1.0e-5,9.25874775911806e-5,0.4245922110304227,0.7432638657161775,4.570445123634632
Cond00646,1.0,2.0,0.0,0.2,2.0,0.2,1.0,0.05,0.0001,0.0,0.005,0.0,20.0,2.0,2.0,0.02,0.8,0.01,0.002,61.5,2.0,0.0385,1.2482944444444444,2.0,0.02,0.0,1.0,10.0,1.0,1.2850721615080316,0.0,0.001,0.0,2.0,1.0,0.02,2.0,0.002,0.005,2.0,0.01,0.02,0.2,1.0,0.2,1.0e-5,0.00037980545962438276,0.3059856341488689,0.5338986597762152,2.5102578932182964
Cond00647,1.0,2.0,0.0,0.2,2.0,0.2,1.0,0.05,0.0001,0.0,0.005,0.0,20.0,2.0,2.0,0.02,0.8,0.02,0.002,61.5,2.0,0.0385,1.2286277777777774,2.0,0.02,0.0,1.0,10.0,1.0,1.283763653635098,0.0,0.001,0.0,2.0,1.0,0.02,2.0,0.002,0.005,2.0,0.01,0.02,0.2,1.0,0.2,1.0e-5,0.0007950259413716818,0.2519760169105391,0.5080377562174343,2.594231098732266
Cond00648,1.0,2.0,0.0,0.2,2.0,0.2,1.0,0.05,0.0001,0.0,0.005,0.0,20.0,2.0,2.0,0.02,0.8,0.2,0.002,61.5,2.0,0.0385,1.306072222222222,2.0,0.02,0.0,1.0,10.0,1.0,1.2956923196158483,0.0,0.001,0.0,2.0,1.0,0.02,2.0,0.002,0.005,2.0,0.01,0.02,0.2,1.0,0.2,1.0e-5,6.81365060829101e-5,0.4362845532125693,0.6844329173530186,2.5996758661049784
Cond00650,1.0,2.0,0.0,0.2,2.0,0.2,1.0,0.05,0.0001,0.0,0.005,0.0,20.0,2.0,2.0,0.02,0.8,0.002,0.0,61.5,2.0,0.0385,1.211877777777777,2.0,0.02,0.0,1.0,10.0,1.0,5.19855647269748,0.0,0.001,0.0,2.0,1.0,0.02,2.0,0.002,0.005,2.0,0.01,0.02,0.2,1.0,0.2,1.0e-5,0.000555644670654619,0.2430592763059956,0.44945855979541655,4.82721596442116
Cond00651,1.0,2.0,0.0,0.2,2.0,0.2,1.0,0.05,0.0001,0.0,0.005,0.0,20.0,2.0,2.0,0.02,0.8,0.002,0.01,61.5,2.0,0.0385,1.2725999999999986,2.0,0.02,0.0,1.0,10.0,1.0,1.2601672873643932,0.0,0.001,0.0,2.0,1.0,0.02,2.0,0.002,0.005,2.0,0.01,0.02,0.2,1.0,0.2,1.0e-5,0.00029417703448286373,0.42810152579881866,0.5815207486488863,2.2785674031295735
Cond00652,1.0,2.0,0.0,0.2,2.0,0.2,1.0,0.05,0.0001,0.0,0.005,0.0,20.0,2.0,2.0,0.02,0.8,0.002,0.02,61.5,2.0,0.0385,1.2953777777777788,2.0,0.02,0.0,1.0,10.0,1.0,1.2940187533761416,0.0,0.001,0.0,2.0,1.0,0.02,2.0,0.002,0.005,2.0,0.01,0.02,0.2,1.0,0.2,1.0e-5,0.00042603582339033075,0.5359989788588053,0.6898908026504849,1.6212733059041728
Cond00653,1.0,2.0,0.0,0.2,2.0,0.2,1.0,0.05,0.0001,0.0,0.005,0.0,20.0,2.0,2.0,0.02,0.8,0.002,0.2,61.5,2.0,0.0385,1.2692944444444445,2.0,0.02,0.0,1.0,10.0,1.0,1.3240313004723085,0.0,0.001,0.0,2.0,1.0,0.02,2.0,0.002,0.005,2.0,0.01,0.02,0.2,1.0,0.2,1.0e-5,0.0472071308050721,0.7930064017228964,1.1694369562113267,0.6956110761985008
Cond00654,1.0,2.0,0.0,0.2,2.0,0.2,1.0,0.05,0.0001,0.0,0.005,0.0,20.0,2.0,2.0,0.02,0.8,0.002,2.0,61.5,2.0,0.0385,1.3115166666666662,2.0,0.02,0.0,1.0,10.0,1.0,1.3801109665305709,0.0,0.001,0.0,2.0,1.0,0.02,2.0,0.002,0.005,2.0,0.01,0.02,0.2,1.0,0.2,1.0e-5,0.04175768760467265,0.7220899740191205,1.1232776066572043,0.7625963213463621
Cond00655,1.0,2.0,0.0,0.2,2.0,0.2,1.0,0.05,0.0001,0.0,0.005,0.0,20.0,2.0,2.0,0.02,0.8,0.002,0.002,61.5,2.0,0.0385,0.03479444444444444,0.0,0.02,0.0,1.0,10.0,1.0,1.2720846037995763,0.0,0.001,0.0,2.0,1.0,0.02,2.0,0.002,0.005,2.0,0.01,0.02,0.2,1.0,0.2,1.0e-5,0.05189683192085176,1.4654004432843133,0.6260615507426144,19.90522805712577
Cond00656,1.0,2.0,0.0,0.2,2.0,0.2,1.0,0.05,0.0001,0.0,0.005,0.0,20.0,2.0,2.0,0.02,0.8,0.002,0.002,61.5,2.0,0.0385,0.13993333333333338,0.002,0.02,0.0,1.0,10.0,1.0,3.431208749187085,0.0,0.001,0.0,2.0,1.0,0.02,2.0,0.002,0.005,2.0,0.01,0.02,0.2,1.0,0.2,1.0e-5,0.12291497814967094,1.1889292685848474,0.522269470449353,14.721030300478823
Cond00657,1.0,2.0,0.0,0.2,2.0,0.2,1.0,0.05,0.0001,0.0,0.005,0.0,20.0,2.0,2.0,0.02,0.8,0.002,0.002,61.5,2.0,0.0385,0.12415555555555557,0.02,0.02,0.0,1.0,10.0,1.0,0.20604281488313458,0.0,0.001,0.0,2.0,1.0,0.02,2.0,0.002,0.005,2.0,0.01,0.02,0.2,1.0,0.2,1.0e-5,0.2139779786570939,0.06168219627799102,0.5298524377164247,28.745660251851714
Cond00658,1.0,2.0,0.0,0.2,2.0,0.2,1.0,0.05,0.0001,0.0,0.005,0.0,20.0,2.0,2.0,0.02,0.8,0.002,0.002,61.5,2.0,0.0385,0.014738888888888881,0.2,0.02,0.0,1.0,10.0,1.0,5.193085958168954,0.0,0.001,0.0,2.0,1.0,0.02,2.0,0.002,0.005,2.0,0.01,0.02,0.2,1.0,0.2,1.0e-5,0.0027489802696826614,0.5084227092764458,NaN,15.79607427526607
Cond00659,1.0,2.0,0.0,0.2,2.0,0.2,1.0,0.05,0.0001,0.0,0.005,0.0,20.0,2.0,2.0,0.02,0.8,0.002,0.002,61.5,2.0,0.0385,1.2054333333333331,4.0,0.02,0.0,1.0,10.0,1.0,1.1952773466675333,0.0,0.001,0.0,2.0,1.0,0.02,2.0,0.002,0.005,2.0,0.01,0.02,0.2,1.0,0.2,1.0e-5,0.0001428940807671952,0.4266151512561107,0.6511878293548184,2.0900098847197572
Cond00660,1.0,2.0,0.0,0.2,2.0,0.2,1.0,0.05,0.0001,0.0,0.005,0.0,20.0,2.0,2.0,0.02,0.8,0.002,0.002,61.5,2.0,0.0385,1.2550444444444444,2.0,0.0,0.0,1.0,10.0,1.0,1.2895380887132621,0.0,0.001,0.0,2.0,1.0,0.02,2.0,0.002,0.005,2.0,0.01,0.02,0.2,1.0,0.2,1.0e-5,4.6689203025321015e-5,0.40311253989180806,0.5787761244822104,4.639473256442077
Cond00661,1.0,2.0,0.0,0.2,2.0,0.2,1.0,0.05,0.0001,0.0,0.005,0.0,20.0,2.0,2.0,0.02,0.8,0.002,0.002,61.5,2.0,0.0385,1.253988888888889,2.0,0.002,0.0,1.0,10.0,1.0,1.2706650270734134,0.0,0.001,0.0,2.0,1.0,0.02,2.0,0.002,0.005,2.0,0.01,0.02,0.2,1.0,0.2,1.0e-5,5.613092941581537e-5,0.3922199573284111,0.5616957826572987,6.370568840638857
Cond00662,1.0,2.0,0.0,0.2,2.0,0.2,1.0,0.05,0.0001,0.0,0.005,0.0,20.0,2.0,2.0,0.02,0.8,0.002,0.002,61.5,2.0,0.0385,1.252730555555556,2.0,0.1,0.0,1.0,10.0,1.0,1.2728252521225278,0.0,0.001,0.0,2.0,1.0,0.02,2.0,0.002,0.005,2.0,0.01,0.02,0.2,1.0,0.2,1.0e-5,6.181706386026383e-5,0.3855915791053101,0.5847038381962872,3.5386072034359346
Cond00663,1.0,2.0,0.0,0.2,2.0,0.2,1.0,0.05,0.0001,0.0,0.005,0.0,20.0,2.0,2.0,0.02,0.8,0.002,0.002,61.5,2.0,0.0385,1.2584888888888883,2.0,0.2,0.0,1.0,10.0,1.0,1.2677560850539455,0.0,0.001,0.0,2.0,1.0,0.02,2.0,0.002,0.005,2.0,0.01,0.02,0.2,1.0,0.2,1.0e-5,7.259005965778195e-5,0.36246249155423216,0.5097444205072852,5.7879349765603845
Cond00664,1.0,2.0,0.0,0.2,2.0,0.2,1.0,0.05,0.0001,0.0,0.005,0.0,20.0,2.0,2.0,0.02,0.8,0.002,0.002,61.5,2.0,0.0385,1.303349999999999,2.0,2.0,0.0,1.0,10.0,1.0,1.3359492070166623,0.0,0.001,0.0,2.0,1.0,0.02,2.0,0.002,0.005,2.0,0.01,0.02,0.2,1.0,0.2,1.0e-5,5.114172270930058e-5,0.4036798292396282,0.6198971308713185,2.8935684066955596
Cond00665,1.0,2.0,0.0,0.2,2.0,0.2,1.0,0.05,0.0001,0.0,0.005,0.0,20.0,2.0,2.0,0.02,0.8,0.002,0.002,61.5,2.0,0.0385,1.2491749999999995,2.0,0.02,0.001,1.0,10.0,1.0,1.2392168687006315,0.0,0.001,0.0,2.0,1.0,0.02,2.0,0.002,0.005,2.0,0.01,0.02,0.2,1.0,0.2,1.0e-5,5.010699848363704e-5,0.37574932213612516,0.552575640542268,9.866603076786184
Cond00666,1.0,2.0,0.0,0.2,2.0,0.2,1.0,0.05,0.0001,0.0,0.005,0.0,20.0,2.0,2.0,0.02,0.8,0.002,0.002,61.5,2.0,0.0385,1.2523222222222223,2.0,0.02,0.002,1.0,10.0,1.0,1.2910086714329645,0.0,0.001,0.0,2.0,1.0,0.02,2.0,0.002,0.005,2.0,0.01,0.02,0.2,1.0,0.2,1.0e-5,6.631294622518424e-5,0.38666463491204883,0.5855522548588131,6.83024194144549
Cond00667,1.0,2.0,0.0,0.2,2.0,0.2,1.0,0.05,0.0001,0.0,0.005,0.0,20.0,2.0,2.0,0.02,0.8,0.002,0.002,61.5,2.0,0.0385,1.2631000000000019,2.0,0.02,0.02,1.0,10.0,1.0,1.271888366860187,0.0,0.001,0.0,2.0,1.0,0.02,2.0,0.002,0.005,2.0,0.01,0.02,0.2,1.0,0.2,1.0e-5,5.555853913025816e-5,0.36204893392804577,0.5117466116126729,6.075210980157863
Cond00668,1.0,2.0,0.0,0.2,2.0,0.2,1.0,0.05,0.0001,0.0,0.005,0.0,20.0,2.0,2.0,0.02,0.8,0.002,0.002,61.5,2.0,0.0385,1.2564333333333328,2.0,0.02,0.2,1.0,10.0,1.0,1.2904361406731353,0.0,0.001,0.0,2.0,1.0,0.02,2.0,0.002,0.005,2.0,0.01,0.02,0.2,1.0,0.2,1.0e-5,5.07785526388284e-5,0.3831662689850384,0.6267795505572293,4.6738877793799345
Cond00669,1.0,2.0,0.0,0.2,2.0,0.2,1.0,0.05,0.0001,0.0,0.005,0.0,20.0,2.0,2.0,0.02,0.8,0.002,0.002,61.5,2.0,0.0385,1.2709888888888887,2.0,0.02,2.0,1.0,10.0,1.0,1.2945863730774272,0.0,0.001,0.0,2.0,1.0,0.02,2.0,0.002,0.005,2.0,0.01,0.02,0.2,1.0,0.2,1.0e-5,3.1295521771985655e-5,0.4011020788188077,0.6269731030510683,3.9136446793584807
Cond00670,1.0,2.0,0.0,0.2,2.0,0.2,1.0,0.05,0.0001,0.0,0.005,0.0,20.0,2.0,2.0,0.02,0.8,0.002,0.002,61.5,2.0,0.0385,1.2593499999999989,2.0,0.02,0.0,1.0,10.0,1.0,1.281909549481341,0.0,0.001,0.0,2.0,1.0,0.0,2.0,0.002,0.005,2.0,0.01,0.02,0.2,1.0,0.2,1.0e-5,9.737236960700324e-5,0.3800471051993281,0.5509618156706948,3.2436825118483434
Cond00671,1.0,2.0,0.0,0.2,2.0,0.2,1.0,0.05,0.0001,0.0,0.005,0.0,20.0,2.0,2.0,0.02,0.8,0.002,0.002,61.5,2.0,0.0385,1.2649888888888896,2.0,0.02,0.0,1.0,10.0,1.0,1.2886856417697607,0.0,0.001,0.0,2.0,1.0,0.002,2.0,0.002,0.005,2.0,0.01,0.02,0.2,1.0,0.2,1.0e-5,3.861992154945725e-5,0.4099207198479692,0.587607985093372,2.3183621002940926
Cond00672,1.0,2.0,0.0,0.2,2.0,0.2,1.0,0.05,0.0001,0.0,0.005,0.0,20.0,2.0,2.0,0.02,0.8,0.002,0.002,61.5,2.0,0.0385,1.2469055555555553,2.0,0.02,0.0,1.0,10.0,1.0,1.2855871033744117,0.0,0.001,0.0,2.0,1.0,0.1,2.0,0.002,0.005,2.0,0.01,0.02,0.2,1.0,0.2,1.0e-5,7.699729291727585e-5,0.35507056509094187,0.47895274383565795,2.9221974461204905
Cond00673,1.0,2.0,0.0,0.2,2.0,0.2,1.0,0.05,0.0001,0.0,0.005,0.0,20.0,2.0,2.0,0.02,0.8,0.002,0.002,61.5,2.0,0.0385,1.2691277777777774,2.0,0.02,0.0,1.0,10.0,1.0,1.2632415878403147,0.0,0.001,0.0,2.0,1.0,0.2,2.0,0.002,0.005,2.0,0.01,0.02,0.2,1.0,0.2,1.0e-5,5.7315519119414694e-5,0.37316732824452736,0.5205202391215159,13.183238486792304
Cond00674,1.0,2.0,0.0,0.2,2.0,0.2,1.0,0.05,0.0001,0.0,0.005,0.0,20.0,2.0,2.0,0.02,0.8,0.002,0.002,61.5,2.0,0.0385,1.3182305555555551,2.0,0.02,0.0,1.0,10.0,1.0,1.2996647050779178,0.0,0.001,0.0,2.0,1.0,2.0,2.0,0.002,0.005,2.0,0.01,0.02,0.2,1.0,0.2,1.0e-5,6.582625098765936e-5,0.3641243398129465,0.6431492468548875,14.022978373791384
Cond00675,1.0,2.0,0.0,0.2,2.0,0.2,1.0,0.05,0.0001,0.0,0.005,0.0,20.0,2.0,2.0,0.02,0.8,0.002,0.002,61.5,2.0,0.0385,1.2040166666666656,2.0,0.02,0.0,1.0,10.0,1.0,1.209246226310898,0.0,0.001,0.0,2.0,1.0,0.02,0.0,0.002,0.005,2.0,0.01,0.02,0.2,1.0,0.2,1.0e-5,0.00015746638771260417,0.33168479387464656,0.525388041530011,2.904546776936902
Cond00676,1.0,2.0,0.0,0.2,2.0,0.2,1.0,0.05,0.0001,0.0,0.005,0.0,20.0,2.0,2.0,0.02,0.8,0.002,0.002,61.5,2.0,0.0385,1.2661833333333323,2.0,0.02,0.0,1.0,10.0,1.0,1.2868367770584561,0.0,0.001,0.0,2.0,1.0,0.02,0.002,0.002,0.005,2.0,0.01,0.02,0.2,1.0,0.2,1.0e-5,5.235502206113189e-5,0.4079140652059212,0.6283625409912539,8.35721974701777
Cond00677,1.0,2.0,0.0,0.2,2.0,0.2,1.0,0.05,0.0001,0.0,0.005,0.0,20.0,2.0,2.0,0.02,0.8,0.002,0.002,61.5,2.0,0.0385,1.2505166666666663,2.0,0.02,0.0,1.0,10.0,1.0,1.2680853107398953,0.0,0.001,0.0,2.0,1.0,0.02,0.02,0.002,0.005,2.0,0.01,0.02,0.2,1.0,0.2,1.0e-5,8.451701120262917e-5,0.4039950202952202,0.643179073188674,6.862435292223869
Cond00678,1.0,2.0,0.0,0.2,2.0,0.2,1.0,0.05,0.0001,0.0,0.005,0.0,20.0,2.0,2.0,0.02,0.8,0.002,0.002,61.5,2.0,0.0385,1.244377777777778,2.0,0.02,0.0,1.0,10.0,1.0,1.2720645158391855,0.0,0.001,0.0,2.0,1.0,0.02,0.2,0.002,0.005,2.0,0.01,0.02,0.2,1.0,0.2,1.0e-5,7.2174238335344e-5,0.39531517892593626,0.5984511800767846,4.662017578655887
Cond00679,1.0,2.0,0.0,0.2,2.0,0.2,1.0,0.05,0.0001,0.0,0.005,0.0,20.0,2.0,2.0,0.02,0.8,0.002,0.002,61.5,2.0,0.0385,1.3945166666666668,2.0,0.02,0.0,1.0,10.0,1.0,1.3694623396391925,0.0,0.001,0.0,2.0,1.0,0.02,4.0,0.002,0.005,2.0,0.01,0.02,0.2,1.0,0.2,1.0e-5,5.5228149997750895e-5,0.43886103120271963,0.7002435013633194,5.300587746377527
Cond00680,1.0,2.0,0.0,0.2,2.0,0.2,1.0,0.05,0.0001,0.0,0.005,0.0,20.0,2.0,2.0,0.02,0.8,0.002,0.002,61.5,2.0,0.0385,1.3004055555555565,2.0,0.02,0.0,1.0,10.0,1.0,1.3414566120235567,0.0,0.001,0.0,2.0,1.0,0.02,2.0,0.002,0.005,0.0,0.01,0.02,0.2,1.0,0.2,1.0e-5,0.01642240191470245,0.6553266443386319,0.7966952351333821,0.8597686026171143
Cond00681,1.0,2.0,0.0,0.2,2.0,0.2,1.0,0.05,0.0001,0.0,0.005,0.0,20.0,2.0,2.0,0.02,0.8,0.002,0.002,61.5,2.0,0.0385,1.2973500000000004,2.0,0.02,0.0,1.0,10.0,1.0,1.346784723585507,0.0,0.001,0.0,2.0,1.0,0.02,2.0,0.002,0.005,0.002,0.01,0.02,0.2,1.0,0.2,1.0e-5,0.02180726383309607,0.5556950093727814,0.798616030842346,0.9948123567238899
Cond00682,1.0,2.0,0.0,0.2,2.0,0.2,1.0,0.05,0.0001,0.0,0.005,0.0,20.0,2.0,2.0,0.02,0.8,0.002,0.002,61.5,2.0,0.0385,1.287238888888889,2.0,0.02,0.0,1.0,10.0,1.0,1.3151696215055066,0.0,0.001,0.0,2.0,1.0,0.02,2.0,0.002,0.005,0.02,0.01,0.02,0.2,1.0,0.2,1.0e-5,0.004992851149192229,0.6079601531325731,0.8072823807164906,0.941308303717164
Cond00683,1.0,2.0,0.0,0.2,2.0,0.2,1.0,0.05,0.0001,0.0,0.005,0.0,20.0,2.0,2.0,0.02,0.8,0.002,0.002,61.5,2.0,0.0385,1.297127777777778,2.0,0.02,0.0,1.0,10.0,1.0,1.275148830790836,0.0,0.001,0.0,2.0,1.0,0.02,2.0,0.002,0.005,0.2,0.01,0.02,0.2,1.0,0.2,1.0e-5,0.00019745408896225467,0.4804997213276994,0.814780434907942,2.4593825331560684
Cond00684,1.0,2.0,0.0,0.2,2.0,0.2,1.0,0.05,0.0001,0.0,0.005,0.0,20.0,2.0,2.0,0.02,0.8,0.002,0.002,61.5,2.0,0.0385,1.3303499999999993,2.0,0.02,0.0,1.0,10.0,1.0,1.3277690270493425,0.0,0.001,0.0,2.0,1.0,0.02,2.0,0.002,0.005,4.0,0.01,0.02,0.2,1.0,0.2,1.0e-5,3.032475239070665e-5,0.3833001882182628,0.5381370525689727,9.3553057183069
Cond00685,1.0,2.0,0.0,0.2,2.0,0.2,1.0,0.05,0.0001,0.0,0.005,0.0,20.0,2.0,2.0,0.02,0.8,0.002,0.002,61.5,2.0,0.0385,1.2228916666666654,2.0,0.02,0.0,1.0,10.0,1.0,1.252438197784743,0.0,0.001,0.0,2.0,1.0,0.02,2.0,0.002,0.005,2.0,0.01,0.0,0.2,1.0,0.2,1.0e-5,6.0945759774674e-5,0.3991040548996822,0.5910660876047038,2.4114759114436484
Cond00686,1.0,2.0,0.0,0.2,2.0,0.2,1.0,0.05,0.0001,0.0,0.005,0.0,20.0,2.0,2.0,0.02,0.8,0.002,0.002,61.5,2.0,0.0385,1.2426833333333327,2.0,0.02,0.0,1.0,10.0,1.0,1.2870730328456719,0.0,0.001,0.0,2.0,1.0,0.02,2.0,0.002,0.005,2.0,0.01,0.002,0.2,1.0,0.2,1.0e-5,5.633232941466098e-5,0.4131861072475924,0.6054574800928468,2.2048613699557245
Cond00687,1.0,2.0,0.0,0.2,2.0,0.2,1.0,0.05,0.0001,0.0,0.005,0.0,20.0,2.0,2.0,0.02,0.8,0.002,0.002,61.5,2.0,0.0385,1.292141666666668,2.0,0.02,0.0,1.0,10.0,1.0,1.294673239167566,0.0,0.001,0.0,2.0,1.0,0.02,2.0,0.002,0.005,2.0,0.01,0.2,0.2,1.0,0.2,1.0e-5,0.00021285004993205667,0.4311624118657409,0.7383990048778094,2.7062335487189944
Cond00688,1.0,2.0,0.0,0.2,2.0,0.2,1.0,0.05,0.0001,0.0,0.005,0.0,20.0,2.0,2.0,0.02,0.8,0.002,0.002,61.5,2.0,0.0385,1.0780166666666664,2.0,0.02,0.0,1.0,10.0,1.0,1.0848042792319275,0.0,0.001,0.0,2.0,1.0,0.02,2.0,0.002,0.005,2.0,0.01,2.0,0.2,1.0,0.2,1.0e-5,0.001983953299629693,0.5915899575865051,0.9294363357691923,1.3954334774160044
Cond00689,1.0,2.0,0.0,0.2,2.0,0.2,1.0,0.05,0.0001,0.0,0.005,0.0,20.0,2.0,2.0,0.02,0.8,0.002,0.002,61.5,2.0,0.0385,1.2565166666666665,2.0,0.02,0.0,1.0,10.0,1.0,1.3064109997434852,0.0,0.001,0.0,2.0,1.0,0.02,2.0,0.002,0.005,2.0,0.01,0.02,0.0,1.0,0.2,1.0e-5,5.195925064768383e-5,0.41210836619349084,0.6140258073661471,2.2271668386565326
Cond00690,1.0,2.0,0.0,0.2,2.0,0.2,1.0,0.05,0.0001,0.0,0.005,0.0,20.0,2.0,2.0,0.02,0.8,0.002,0.002,61.5,2.0,0.0385,1.2114333333333336,2.0,0.02,0.0,1.0,10.0,1.0,1.2475065134784324,0.0,0.001,0.0,2.0,1.0,0.02,2.0,0.002,0.005,2.0,0.01,0.02,0.002,1.0,0.2,1.0e-5,0.0001410222226986714,0.35780047632014034,0.5353368331406781,2.6486608136213143
Cond00691,1.0,2.0,0.0,0.2,2.0,0.2,1.0,0.05,0.0001,0.0,0.005,0.0,20.0,2.0,2.0,0.02,0.8,0.002,0.002,61.5,2.0,0.0385,1.220725,2.0,0.02,0.0,1.0,10.0,1.0,1.2459089964771752,0.0,0.001,0.0,2.0,1.0,0.02,2.0,0.002,0.005,2.0,0.01,0.02,0.02,1.0,0.2,1.0e-5,0.00010007824226287563,0.40328499121601036,0.6075560359927271,2.9959096122851743
Cond00692,1.0,2.0,0.0,0.2,2.0,0.2,1.0,0.05,0.0001,0.0,0.005,0.0,20.0,2.0,2.0,0.02,0.8,0.002,0.002,61.5,2.0,0.0385,1.2034333333333331,2.0,0.02,0.0,1.0,10.0,1.0,1.2202657374992125,0.0,0.001,0.0,2.0,1.0,0.02,2.0,0.002,0.005,2.0,0.01,0.02,0.2,1.0,0.2,1.0e-5,0.00041975265582178,0.3182126258178573,0.4675249636534407,11.234061441423117
Cond00693,1.0,2.0,0.0,0.2,2.0,0.2,1.0,0.05,0.0001,0.0,0.005,0.0,20.0,2.0,2.0,0.02,0.8,0.002,0.002,61.5,2.0,0.0385,1.2149888888888882,2.0,0.02,0.0,1.0,10.0,1.0,1.1511413538439583,0.0,0.001,0.0,2.0,1.0,0.02,2.0,0.002,0.005,2.0,0.01,0.02,0.2,0.0,0.2,1.0e-5,3.052121598815623e-5,0.34280715884221863,0.5911134947810044,15.917887304417873
Cond00694,1.0,2.0,0.0,0.2,2.0,0.2,1.0,0.05,0.0001,0.0,0.005,0.0,20.0,2.0,2.0,0.02,0.8,0.002,0.002,61.5,2.0,0.0385,1.2114333333333336,2.0,0.02,0.0,1.0,10.0,1.0,1.1987776574352251,0.0,0.001,0.0,2.0,1.0,0.02,2.0,0.002,0.005,2.0,0.01,0.02,0.2,0.001,0.2,1.0e-5,4.293785657227939e-5,0.3722545624524082,0.5638524625846973,4.163242135914822
Cond00695,1.0,2.0,0.0,0.2,2.0,0.2,1.0,0.05,0.0001,0.0,0.005,0.0,20.0,2.0,2.0,0.02,0.8,0.002,0.002,61.5,2.0,0.0385,1.1842388888888886,2.0,0.02,0.0,1.0,10.0,1.0,1.203950008491368,0.0,0.001,0.0,2.0,1.0,0.02,2.0,0.002,0.005,2.0,0.01,0.02,0.2,0.01,0.2,1.0e-5,7.502747633881525e-5,0.35487411124822005,0.5346371403789019,5.18079074648542
Cond00696,1.0,2.0,0.0,0.2,2.0,0.2,1.0,0.05,0.0001,0.0,0.005,0.0,20.0,2.0,2.0,0.02,0.8,0.002,0.002,61.5,2.0,0.0385,1.2157944444444437,2.0,0.02,0.0,1.0,10.0,1.0,1.2342535607831442,0.0,0.001,0.0,2.0,1.0,0.02,2.0,0.002,0.005,2.0,0.01,0.02,0.2,0.1,0.2,1.0e-5,4.346868610709252e-5,0.3908014567531425,0.5571911326166752,2.9766055435854457
Cond00697,1.0,2.0,0.0,0.2,2.0,0.2,1.0,0.05,0.0001,0.0,0.005,0.0,20.0,2.0,2.0,0.02,0.8,0.002,0.002,61.5,2.0,0.0385,1.2666555555555563,2.0,0.02,0.0,1.0,10.0,1.0,1.2689358876818178,0.0,0.001,0.0,2.0,1.0,0.02,2.0,0.002,0.005,2.0,0.01,0.02,0.2,0.5,0.2,1.0e-5,5.922446941725673e-5,0.385403973958167,0.5445334260383479,3.629062685551109
Cond00698,1.0,2.0,0.0,0.2,2.0,0.2,1.0,0.05,0.0001,0.0,0.005,0.0,20.0,2.0,2.0,0.02,0.8,0.002,0.002,61.5,2.0,0.0385,1.273183333333333,2.0,0.02,0.0,1.0,10.0,1.0,1.259325712652584,0.0,0.001,0.0,2.0,1.0,0.02,2.0,0.002,0.005,2.0,0.01,0.02,0.2,1.0,0.0,1.0e-5,0.000237632184590603,0.4691621293696618,0.6037204083402951,2.2143311328009743
Cond00699,1.0,2.0,0.0,0.2,2.0,0.2,1.0,0.05,0.0001,0.0,0.005,0.0,20.0,2.0,2.0,0.02,0.8,0.002,0.002,61.5,2.0,0.0385,1.2962388888888892,2.0,0.02,0.0,1.0,10.0,1.0,1.2776352555660164,0.0,0.001,0.0,2.0,1.0,0.02,2.0,0.002,0.005,2.0,0.01,0.02,0.2,1.0,0.002,1.0e-5,0.0003393074603301787,0.4758979450183941,0.7062846000737839,2.4219366962139874
Cond00700,1.0,2.0,0.0,0.2,2.0,0.2,1.0,0.05,0.0001,0.0,0.005,0.0,20.0,2.0,2.0,0.02,0.8,0.002,0.002,61.5,2.0,0.0385,1.2903777777777792,2.0,0.02,0.0,1.0,10.0,1.0,1.2810590265313184,0.0,0.001,0.0,2.0,1.0,0.02,2.0,0.002,0.005,2.0,0.01,0.02,0.2,1.0,0.02,1.0e-5,0.00025304027611879244,0.46698348278268664,0.620857513834203,2.114009707596553
Cond00701,1.0,2.0,0.0,0.2,2.0,0.2,1.0,0.05,0.0001,0.0,0.005,0.0,20.0,2.0,2.0,0.02,0.8,0.002,0.002,61.5,2.0,0.0385,0.013711111111111111,2.0,0.02,0.0,1.0,10.0,1.0,5.870635087323123,0.0,0.001,0.0,2.0,1.0,0.02,2.0,0.002,0.005,2.0,0.01,0.02,0.2,1.0,1.0,1.0e-5,0.00021693372776381836,3.9300569868090807,0.3444753536074812,17.312083445059443
Cond00702,1.0,2.0,0.0,0.2,2.0,0.2,1.0,0.05,0.0001,0.0,0.005,0.0,20.0,2.0,2.0,0.02,0.8,0.002,0.002,61.5,2.0,0.0385,0.0033416666666666673,2.0,0.02,0.0,1.0,10.0,1.0,2.3219091343610954,0.0,0.001,0.0,2.0,1.0,0.02,2.0,0.002,0.005,2.0,0.01,0.02,0.2,1.0,2.0,1.0e-5,2.2770341701670405,6.804597180171987,0.0,12.41586270277029
Cond00703,1.0,2.0,0.0,0.2,2.0,0.2,1.0,0.05,0.0001,0.0,0.005,0.0,20.0,2.0,2.0,0.02,0.8,0.002,0.002,61.5,0.0,0.0385,1.253544444444444,2.0,0.02,0.0,1.0,10.0,1.0,1.2487018325163748,0.0,0.001,0.0,2.0,1.0,0.02,2.0,0.002,0.005,2.0,0.01,0.02,0.2,1.0,0.2,1.0e-5,5.108751615656944e-5,0.3727466092891348,0.5203372445600329,4.13519563650649
Cond00704,1.0,2.0,0.0,0.2,2.0,0.2,1.0,0.05,0.0001,0.0,0.005,0.0,20.0,2.0,2.0,0.02,0.8,0.002,0.002,61.5,0.02,0.0385,1.255433333333333,2.0,0.02,0.0,1.0,10.0,1.0,1.2715310720373392,0.0,0.001,0.0,2.0,1.0,0.02,2.0,0.002,0.005,2.0,0.01,0.02,0.2,1.0,0.2,1.0e-5,6.99155864306077e-5,0.3668262721624077,0.5331605008275235,7.611311023600815
Cond00705,1.0,2.0,0.0,0.2,2.0,0.2,1.0,0.05,0.0001,0.0,0.005,0.0,20.0,2.0,2.0,0.02,0.8,0.002,0.002,61.5,0.2,0.0385,1.2584333333333333,2.0,0.02,0.0,1.0,10.0,1.0,1.265900872266211,0.0,0.001,0.0,2.0,1.0,0.02,2.0,0.002,0.005,2.0,0.01,0.02,0.2,1.0,0.2,1.0e-5,5.9445862303666525e-5,0.3916708507973167,0.5836981695701765,9.449959245143642
Cond00706,1.0,2.0,0.0,0.2,2.0,0.2,1.0,0.05,0.0001,0.0,0.005,0.0,20.0,2.0,2.0,0.02,0.8,0.002,0.002,61.5,10.0,0.0385,1.2501555555555555,2.0,0.02,0.0,1.0,10.0,1.0,1.26822374785387,0.0,0.001,0.0,2.0,1.0,0.02,2.0,0.002,0.005,2.0,0.01,0.02,0.2,1.0,0.2,1.0e-5,4.482935626947155e-5,0.3863167658675985,0.5275569897994598,3.7710341186758973
Cond00707,1.0,2.0,0.0,0.2,2.0,0.2,1.0,0.05,0.0001,0.0,0.005,0.0,20.0,2.0,2.0,0.02,0.8,0.002,0.002,61.5,20.0,0.0385,1.254294444444445,2.0,0.02,0.0,1.0,10.0,1.0,1.2572132878273672,0.0,0.001,0.0,2.0,1.0,0.02,2.0,0.002,0.005,2.0,0.01,0.02,0.2,1.0,0.2,1.0e-5,0.00018595392474509442,0.3558231011964574,0.5551596629735006,3.1954359643609056
Cond00708,1.0,2.0,0.0,0.2,2.0,0.2,1.0,0.05,0.0001,0.0,0.005,0.0,20.0,2.0,2.0,0.02,0.8,0.002,0.002,61.5,2.0,0.0385,1.2592944444444447,2.0,0.02,0.0,1.0,10.0,1.0,1.2638630397148165,0.0,0.001,0.0,2.0,0.0,0.02,2.0,0.002,0.005,2.0,0.01,0.02,0.2,1.0,0.2,1.0e-5,0.0003600856970102797,0.3859508143199941,0.5857282947004568,5.050639182895823
Cond00709,1.0,2.0,0.0,0.2,2.0,0.2,1.0,0.05,0.0001,0.0,0.005,0.0,20.0,2.0,2.0,0.02,0.8,0.002,0.002,61.5,2.0,0.0385,1.277711111111111,2.0,0.02,0.0,1.0,10.0,1.0,1.2956926465768521,0.0,0.001,0.0,2.0,0.01,0.02,2.0,0.002,0.005,2.0,0.01,0.02,0.2,1.0,0.2,1.0e-5,2.5616323679248667e-5,0.4352444666520033,0.6332810162696597,2.5798198139604605
Cond00710,1.0,2.0,0.0,0.2,2.0,0.2,1.0,0.05,0.0001,0.0,0.005,0.0,20.0,2.0,2.0,0.02,0.8,0.002,0.002,61.5,2.0,0.0385,1.2480999999999998,2.0,0.02,0.0,1.0,10.0,1.0,1.2774358881970262,0.0,0.001,0.0,2.0,0.1,0.02,2.0,0.002,0.005,2.0,0.01,0.02,0.2,1.0,0.2,1.0e-5,7.466840202171626e-5,0.36267900303690487,0.5117153737501182,3.142064412675768
Cond00711,1.0,2.0,0.0,0.2,2.0,0.2,1.0,0.05,0.0001,0.0,0.005,0.0,20.0,2.0,2.0,0.02,0.8,0.002,0.002,61.5,2.0,0.0385,1.2471555555555547,2.0,0.02,0.0,1.0,10.0,1.0,1.2510485876197857,0.0,0.001,0.0,2.0,5.0,0.02,2.0,0.002,0.005,2.0,0.01,0.02,0.2,1.0,0.2,1.0e-5,0.00025248626221404037,0.32461848273515287,0.46757996725094286,4.843761518786877
Cond00712,1.0,2.0,0.0,0.2,2.0,0.2,1.0,0.05,0.0001,0.0,0.005,0.0,20.0,2.0,2.0,0.02,0.8,0.002,0.002,61.5,2.0,0.0385,1.2827388888888884,2.0,0.02,0.0,1.0,10.0,1.0,1.2854521498983404,0.0,0.001,0.0,2.0,10.0,0.02,2.0,0.002,0.005,2.0,0.01,0.02,0.2,1.0,0.2,1.0e-5,4.380403697386321e-5,0.4191743463738419,0.5885033940397442,2.7326316056198174
Cond00713,1.0,2.0,0.0,0.2,2.0,0.2,1.0,0.05,0.0001,0.0,0.005,0.0,20.0,2.0,2.0,0.02,0.8,0.002,0.002,61.5,2.0,0.0385,1.2327666666666681,2.0,0.02,0.0,1.0,0.0002,1.0,1.225437198517802,0.0,0.001,0.0,2.0,1.0,0.02,2.0,0.002,0.005,2.0,0.01,0.02,0.2,1.0,0.2,1.0e-5,5.5338343649916836e-5,0.4121660910352882,0.6802993576830234,4.711616669228237
Cond00714,1.0,2.0,0.0,0.2,2.0,0.2,1.0,0.05,0.0001,0.0,0.005,0.0,20.0,2.0,2.0,0.02,0.8,0.002,0.002,61.5,2.0,0.0385,1.226238888888889,2.0,0.02,0.0,1.0,0.01,1.0,1.2209973572813264,0.0,0.001,0.0,2.0,1.0,0.02,2.0,0.002,0.005,2.0,0.01,0.02,0.2,1.0,0.2,1.0e-5,0.00010412847440951627,0.39203634126853365,0.6860982370900911,6.955102594341616
Cond00715,1.0,2.0,0.0,0.2,2.0,0.2,1.0,0.05,0.0001,0.0,0.005,0.0,20.0,2.0,2.0,0.02,0.8,0.002,0.002,61.5,2.0,0.0385,1.2265722222222224,2.0,0.02,0.0,1.0,0.1,1.0,1.2354060893102532,0.0,0.001,0.0,2.0,1.0,0.02,2.0,0.002,0.005,2.0,0.01,0.02,0.2,1.0,0.2,1.0e-5,7.478711186183945e-5,0.40341968248711946,0.6811706432527117,4.537048351508222
Cond00716,1.0,2.0,0.0,0.2,2.0,0.2,1.0,0.05,0.0001,0.0,0.005,0.0,20.0,2.0,2.0,0.02,0.8,0.002,0.002,61.5,2.0,0.0385,1.2382111111111107,2.0,0.02,0.0,1.0,1.0,1.0,1.2497300616257776,0.0,0.001,0.0,2.0,1.0,0.02,2.0,0.002,0.005,2.0,0.01,0.02,0.2,1.0,0.2,1.0e-5,5.094947268648124e-5,0.42197746497628347,0.6945266383886167,6.385274312964451
Cond00717,1.0,2.0,0.0,0.2,2.0,0.2,1.0,0.05,0.0001,0.0,0.005,0.0,20.0,2.0,2.0,0.02,0.8,0.002,0.002,61.5,2.0,0.0385,0.4273809523809525,2.0,0.02,0.0,1.0,50.0,1.0,13.587588369259205,0.0,0.001,0.0,2.0,1.0,0.02,2.0,0.002,0.005,2.0,0.01,0.02,0.2,1.0,0.2,1.0e-5,0.003044170229563492,1.6018301840573537,0.1037543835568824,16.620145249129443
Cond00718,1.0,2.0,0.0,0.2,2.0,0.2,1.0,0.05,0.0001,0.0,0.005,0.0,20.0,2.0,2.0,0.02,0.8,0.002,0.002,61.5,2.0,0.0385,1.2794888888888882,2.0,0.02,0.0,0.0,10.0,1.0,1.248794724287281,0.0,0.001,0.0,2.0,1.0,0.02,2.0,0.002,0.005,2.0,0.01,0.02,0.2,1.0,0.2,1.0e-5,4.200159738980564e-5,0.42635315999341356,0.6531211381926412,4.045089283529936
Cond00719,1.0,2.0,0.0,0.2,2.0,0.2,1.0,0.05,0.0001,0.0,0.005,0.0,20.0,2.0,2.0,0.02,0.8,0.002,0.002,61.5,2.0,0.0385,1.2836555555555562,2.0,0.02,0.0,0.01,10.0,1.0,1.2938970137080288,0.0,0.001,0.0,2.0,1.0,0.02,2.0,0.002,0.005,2.0,0.01,0.02,0.2,1.0,0.2,1.0e-5,9.16790955637217e-5,0.38994432456756895,0.6750844400490597,5.301633918531088
Cond00720,1.0,2.0,0.0,0.2,2.0,0.2,1.0,0.05,0.0001,0.0,0.005,0.0,20.0,2.0,2.0,0.02,0.8,0.002,0.002,61.5,2.0,0.0385,1.2777388888888892,2.0,0.02,0.0,0.1,10.0,1.0,1.2837574668620688,0.0,0.001,0.0,2.0,1.0,0.02,2.0,0.002,0.005,2.0,0.01,0.02,0.2,1.0,0.2,1.0e-5,4.936807913304036e-5,0.42071225773515686,0.6458908852642455,5.060479388706138
Cond00721,1.0,2.0,0.0,0.2,2.0,0.2,1.0,0.05,0.0001,0.0,0.005,0.0,20.0,2.0,2.0,0.02,0.8,0.002,0.002,61.5,2.0,0.0385,0.20457222222222227,2.0,0.02,0.0,5.0,10.0,1.0,21.904712664165434,0.0,0.001,0.0,2.0,1.0,0.02,2.0,0.002,0.005,2.0,0.01,0.02,0.2,1.0,0.2,1.0e-5,0.00400016497225194,0.1582225890231154,0.23187118388838435,22.14018577963538
Cond00722,1.0,2.0,0.0,0.2,2.0,0.2,1.0,0.05,0.0001,0.0,0.005,0.0,20.0,2.0,2.0,0.02,0.8,0.002,0.002,61.5,2.0,0.0385,0.3781499999999999,2.0,0.02,0.0,10.0,10.0,1.0,14.430170161309949,0.0,0.001,0.0,2.0,1.0,0.02,2.0,0.002,0.005,2.0,0.01,0.02,0.2,1.0,0.2,1.0e-5,0.029707296427925148,0.714840099279671,0.3745169291030927,16.334544124951343
Cond00723,1.0,2.0,0.0,0.2,2.0,0.2,0.0,0.05,0.0001,0.0,0.005,0.0,20.0,2.0,2.0,0.02,0.8,0.002,0.002,61.5,2.0,0.0385,1.2345166666666672,2.0,0.02,0.0,1.0,10.0,1.0,1.2682794074691126,0.0,0.001,0.0,2.0,1.0,0.02,2.0,0.002,0.005,2.0,0.01,0.02,0.2,1.0,0.2,1.0e-5,3.958364660216405e-5,0.42011977048735577,0.7025551691314399,2.902048435778036
Cond00724,1.0,2.0,0.0,0.2,2.0,0.2,0.001,0.05,0.0001,0.0,0.005,0.0,20.0,2.0,2.0,0.02,0.8,0.002,0.002,61.5,2.0,0.0385,1.253849999999999,2.0,0.02,0.0,1.0,10.0,1.0,1.2687789052410963,0.0,0.001,0.0,2.0,1.0,0.02,2.0,0.002,0.005,2.0,0.01,0.02,0.2,1.0,0.2,1.0e-5,3.54383781321865e-5,0.457697086035117,0.6796489466788049,2.0637689429134363
Cond00725,1.0,2.0,0.0,0.2,2.0,0.2,0.01,0.05,0.0001,0.0,0.005,0.0,20.0,2.0,2.0,0.02,0.8,0.002,0.002,61.5,2.0,0.0385,1.2514250000000005,2.0,0.02,0.0,1.0,10.0,1.0,1.2970605426807391,0.0,0.001,0.0,2.0,1.0,0.02,2.0,0.002,0.005,2.0,0.01,0.02,0.2,1.0,0.2,1.0e-5,0.0015629546050102852,0.2755642376119408,0.32010325096320624,11.420131091407455
Cond00726,1.0,2.0,0.0,0.2,2.0,0.2,0.1,0.05,0.0001,0.0,0.005,0.0,20.0,2.0,2.0,0.02,0.8,0.002,0.002,61.5,2.0,0.0385,1.2574749999999997,2.0,0.02,0.0,1.0,10.0,1.0,1.2831150122217285,0.0,0.001,0.0,2.0,1.0,0.02,2.0,0.002,0.005,2.0,0.01,0.02,0.2,1.0,0.2,1.0e-5,0.00010254990178801375,0.3681120581570792,0.5632260848850584,3.0344298070064966
Cond00727,1.0,2.0,0.0,0.2,2.0,0.2,1.0,0.0,0.0001,0.0,0.005,0.0,20.0,2.0,2.0,0.02,0.8,0.002,0.002,61.5,2.0,0.0385,1.2420166666666683,2.0,0.02,0.0,1.0,10.0,1.0,1.2549949813601289,0.0,0.001,0.0,2.0,1.0,0.02,2.0,0.002,0.005,2.0,0.01,0.02,0.2,1.0,0.2,1.0e-5,3.8465933205668345e-5,0.44401697133184936,0.6926454696207548,2.7282038580635177
Cond00728,1.0,2.0,0.0,0.2,2.0,0.2,1.0,0.0005,0.0001,0.0,0.005,0.0,20.0,2.0,2.0,0.02,0.8,0.002,0.002,61.5,2.0,0.0385,1.2486416666666658,2.0,0.02,0.0,1.0,10.0,1.0,1.2748805151385798,0.0,0.001,0.0,2.0,1.0,0.02,2.0,0.002,0.005,2.0,0.01,0.02,0.2,1.0,0.2,1.0e-5,3.5583819408374115e-5,0.4456577505187111,0.7016823257387882,2.4222035153664225
Cond00729,1.0,2.0,0.0,0.2,2.0,0.2,1.0,0.005,0.0001,0.0,0.005,0.0,20.0,2.0,2.0,0.02,0.8,0.002,0.002,61.5,2.0,0.0385,1.2449333333333332,2.0,0.02,0.0,1.0,10.0,1.0,1.275081770327543,0.0,0.001,0.0,2.0,1.0,0.02,2.0,0.002,0.005,2.0,0.01,0.02,0.2,1.0,0.2,1.0e-5,5.080916821692996e-5,0.4108330765966927,0.6747602440064191,4.33363356433047
Cond00730,1.0,2.0,0.0,0.2,2.0,0.2,1.0,0.5,0.0001,0.0,0.005,0.0,20.0,2.0,2.0,0.02,0.8,0.002,0.002,61.5,2.0,0.0385,1.262762500000002,2.0,0.02,0.0,1.0,10.0,1.0,1.2971194541288196,0.0,0.001,0.0,2.0,1.0,0.02,2.0,0.002,0.005,2.0,0.01,0.02,0.2,1.0,0.2,1.0e-5,0.0001835991794597166,0.327599173042481,0.49084218833523097,7.6387880190733695
Cond00731,1.0,2.0,0.0,0.2,2.0,0.2,1.0,0.05,0.0001,0.0,0.005,0.0,20.0,2.0,2.0,0.02,0.8,0.002,0.002,61.5,2.0,0.0385,0.017166666666666646,2.0,0.02,0.0,1.0,10.0,1.0,9.297393957274378,0.0,0.001,0.0,0.0,1.0,0.02,2.0,0.002,0.005,2.0,0.01,0.02,0.2,1.0,0.2,1.0e-5,0.001078134759013725,5.903876586983516,1.8141392368405744,14.584903126831815
Cond00732,1.0,2.0,0.0,0.2,2.0,0.2,1.0,0.05,0.0001,0.0,0.005,0.0,20.0,2.0,2.0,0.02,0.8,0.002,0.002,61.5,2.0,0.0385,0.015706060606060605,2.0,0.02,0.0,1.0,10.0,1.0,12.334831160934261,0.0,0.001,0.0,0.002,1.0,0.02,2.0,0.002,0.005,2.0,0.01,0.02,0.2,1.0,0.2,1.0e-5,0.0023883354871486267,1.1287583862558097,NaN,20.857151565133275
Cond00733,1.0,2.0,0.0,0.2,2.0,0.2,1.0,0.05,0.0001,0.0,0.005,0.0,20.0,2.0,2.0,0.02,0.8,0.002,0.002,61.5,2.0,0.0385,0.026988888888888885,2.0,0.02,0.0,1.0,10.0,1.0,12.711086922245125,0.0,0.001,0.0,0.02,1.0,0.02,2.0,0.002,0.005,2.0,0.01,0.02,0.2,1.0,0.2,1.0e-5,0.002871165117455556,0.49335265002461426,0.5019131720039204,17.166344452323717
Cond00734,1.0,2.0,0.0,0.2,2.0,0.2,1.0,0.05,0.0001,0.0,0.005,0.0,20.0,2.0,2.0,0.02,0.8,0.002,0.002,61.5,2.0,0.0385,0.033905555555555564,2.0,0.02,0.0,1.0,10.0,1.0,14.10318554756664,0.0,0.001,0.0,1.0,1.0,0.02,2.0,0.002,0.005,2.0,0.01,0.02,0.2,1.0,0.2,1.0e-5,0.003364868361997153,0.7721665307603555,0.3292299830023555,19.778612478623895
Cond00735,1.0,2.0,0.0,0.2,2.0,0.2,1.0,0.05,0.0001,0.0,0.005,0.0,20.0,2.0,2.0,0.02,0.8,0.002,0.002,61.5,2.0,0.0385,1.2922388888888876,2.0,0.02,0.0,1.0,10.0,1.0,1.3189051969465564,0.0,0.001,0.025,2.0,1.0,0.02,2.0,0.002,0.005,2.0,0.01,0.02,0.2,1.0,0.2,1.0e-5,0.00010985501863564537,0.38949262709769017,0.6096764025435527,7.751930001628689
Cond00736,1.0,2.0,0.0,0.2,2.0,0.2,1.0,0.05,0.0001,0.0,0.005,0.0,20.0,2.0,2.0,0.02,0.8,0.002,0.002,61.5,2.0,0.0385,1.268155555555556,2.0,0.02,0.0,1.0,10.0,1.0,1.273535445209241,0.0,0.001,0.05,2.0,1.0,0.02,2.0,0.002,0.005,2.0,0.01,0.02,0.2,1.0,0.2,1.0e-5,8.307804806131198e-5,0.39693604374631625,0.6311487400222491,7.228369248923373
Cond00737,1.0,2.0,0.0,0.2,2.0,0.2,1.0,0.05,0.0001,0.0,0.005,0.0,20.0,2.0,2.0,0.02,0.8,0.002,0.002,61.5,2.0,0.0385,1.2778499999999997,2.0,0.02,0.0,1.0,10.0,1.0,1.3061628723600354,0.0,0.001,0.5,2.0,1.0,0.02,2.0,0.002,0.005,2.0,0.01,0.02,0.2,1.0,0.2,1.0e-5,6.200263659086099e-5,0.42438052691665745,0.6151188322254186,2.336403691310579
Cond00738,1.0,2.0,0.0,0.2,2.0,0.2,1.0,0.05,0.0001,0.0,0.005,0.0,20.0,2.0,2.0,0.02,0.8,0.002,0.002,61.5,2.0,0.0385,1.277294444444444,2.0,0.02,0.0,1.0,10.0,1.0,1.271392638655721,0.0,0.001,5.0,2.0,1.0,0.02,2.0,0.002,0.005,2.0,0.01,0.02,0.2,1.0,0.2,1.0e-5,0.00013434486554262875,0.449482237830186,0.6157064401575797,2.4074382910388663
Cond00739,1.0,2.0,0.0,0.2,2.0,0.2,1.0,0.05,0.0001,0.0,0.005,0.0,20.0,2.0,2.0,0.02,0.8,0.002,0.002,61.5,2.0,0.0385,1.1317666666666666,2.0,0.02,0.0,1.0,10.0,1.0,1.1159141568290916,0.0,0.001,50.0,2.0,1.0,0.02,2.0,0.002,0.005,2.0,0.01,0.02,0.2,1.0,0.2,1.0e-5,0.00027133303527474044,0.5025310422248956,0.7548914349707778,1.8447920299728204
Cond00740,1.0,2.0,0.0,0.2,2.0,0.2,1.0,0.05,0.0001,0.0,0.0,0.0,20.0,2.0,2.0,0.02,0.8,0.002,0.002,61.5,2.0,0.0385,0.12621111111111108,2.0,0.02,0.0,1.0,10.0,1.0,3.211782292778749,0.0,0.001,0.0,2.0,1.0,0.02,2.0,0.002,0.005,2.0,0.01,0.02,0.2,1.0,0.2,1.0e-5,0.0030087083466749064,0.21577618395171158,0.4342140187634269,14.559528805993374
Cond00741,1.0,2.0,0.0,0.2,2.0,0.2,1.0,0.05,0.0001,0.0,5.0e-5,0.0,20.0,2.0,2.0,0.02,0.8,0.002,0.002,61.5,2.0,0.0385,0.22446111111111103,2.0,0.02,0.0,1.0,10.0,1.0,0.39162608376035296,0.0,0.001,0.0,2.0,1.0,0.02,2.0,0.002,0.005,2.0,0.01,0.02,0.2,1.0,0.2,1.0e-5,0.0029464984384523214,0.1330009482991939,0.42828866128876797,8.233126841346685
Cond00742,1.0,2.0,0.0,0.2,2.0,0.2,1.0,0.05,0.0001,0.0,0.0005,0.0,20.0,2.0,2.0,0.02,0.8,0.002,0.002,61.5,2.0,0.0385,0.8298777777777779,2.0,0.02,0.0,1.0,10.0,1.0,0.8555531112869038,0.0,0.001,0.0,2.0,1.0,0.02,2.0,0.002,0.005,2.0,0.01,0.02,0.2,1.0,0.2,1.0e-5,0.00022522402730256936,0.3043070559535319,0.5670112969457417,5.720102825236338
Cond00743,1.0,2.0,0.0,0.2,2.0,0.2,1.0,0.05,0.0001,0.0,0.025,0.0,20.0,2.0,2.0,0.02,0.8,0.002,0.002,61.5,2.0,0.0385,1.2572944444444447,2.0,0.02,0.0,1.0,10.0,1.0,1.2238962480535105,0.0,0.001,0.0,2.0,1.0,0.02,2.0,0.002,0.005,2.0,0.01,0.02,0.2,1.0,0.2,1.0e-5,3.6066998868679755e-5,0.4378567648106348,0.6798157520811106,7.31107551423244
Cond00744,1.0,2.0,0.0,0.2,2.0,0.2,1.0,0.05,0.0001,0.0,0.05,0.0,20.0,2.0,2.0,0.02,0.8,0.002,0.002,61.5,2.0,0.0385,1.292850000000001,2.0,0.02,0.0,1.0,10.0,1.0,1.2834018390814552,0.0,0.001,0.0,2.0,1.0,0.02,2.0,0.002,0.005,2.0,0.01,0.02,0.2,1.0,0.2,1.0e-5,4.212775436809405e-5,0.4379683741814094,0.6799974731824758,5.312704133288326
Cond00745,1.0,2.0,0.0,0.2,2.0,0.2,1.0,0.05,0.0,0.0,0.005,0.0,20.0,2.0,2.0,0.02,0.8,0.002,0.002,61.5,2.0,0.0385,1.2298222222222217,2.0,0.02,0.0,1.0,10.0,1.0,1.264232069446205,0.0,0.001,0.0,2.0,1.0,0.02,2.0,0.002,0.005,2.0,0.01,0.02,0.2,1.0,0.2,1.0e-5,4.394917432893806e-5,0.4152149640153054,0.6339340519287107,2.8093526630066403
Cond00746,1.0,2.0,0.0,0.2,2.0,0.2,1.0,0.05,1.0e-6,0.0,0.005,0.0,20.0,2.0,2.0,0.02,0.8,0.002,0.002,61.5,2.0,0.0385,1.2295722222222227,2.0,0.02,0.0,1.0,10.0,1.0,1.2717498833801186,0.0,0.001,0.0,2.0,1.0,0.02,2.0,0.002,0.005,2.0,0.01,0.02,0.2,1.0,0.2,1.0e-5,8.354362738846072e-5,0.3891022831206998,0.5854152580786356,4.625537130470536
Cond00747,1.0,2.0,0.0,0.2,2.0,0.2,1.0,0.05,1.0e-5,0.0,0.005,0.0,20.0,2.0,2.0,0.02,0.8,0.002,0.002,61.5,2.0,0.0385,1.235572222222222,2.0,0.02,0.0,1.0,10.0,1.0,1.2609941389609642,0.0,0.001,0.0,2.0,1.0,0.02,2.0,0.002,0.005,2.0,0.01,0.02,0.2,1.0,0.2,1.0e-5,6.05182459027883e-5,0.38530998904683655,0.5676241026261661,6.019290161181454
Cond00748,1.0,2.0,0.0,0.2,2.0,0.2,1.0,0.05,0.0005,0.0,0.005,0.0,20.0,2.0,2.0,0.02,0.8,0.002,0.002,61.5,2.0,0.0385,1.283072222222221,2.0,0.02,0.0,1.0,10.0,1.0,1.2944431075619693,0.0,0.001,0.0,2.0,1.0,0.02,2.0,0.002,0.005,2.0,0.01,0.02,0.2,1.0,0.2,1.0e-5,8.29679656607922e-5,0.36100505070832906,0.5380792670311788,4.309235525709209
Cond00749,1.0,2.0,0.0,0.2,2.0,0.2,1.0,0.05,0.001,0.0,0.005,0.0,20.0,2.0,2.0,0.02,0.8,0.002,0.002,61.5,2.0,0.0385,1.3003500000000003,2.0,0.02,0.0,1.0,10.0,1.0,1.3178287914279176,0.0,0.001,0.0,2.0,1.0,0.02,2.0,0.002,0.005,2.0,0.01,0.02,0.2,1.0,0.2,1.0e-5,4.685864547005562e-5,0.4026448798610546,0.6096484612289664,7.912649744145028
Cond00750,1.0,2.0,0.0,0.2,2.0,0.2,1.0,0.05,0.0001,0.0,0.005,0.0,20.0,2.0,2.0,0.02,0.8,0.002,0.002,61.5,2.0,0.0385,1.281211111111111,2.0,0.02,0.0,1.0,10.0,1.0,1.3068791791581151,0.0,0.0,0.0,2.0,1.0,0.02,2.0,0.002,0.005,2.0,0.01,0.02,0.2,1.0,0.2,1.0e-5,4.448569667689473e-5,0.4162616048281133,0.6410693495097275,4.56526772117939
Cond00751,1.0,2.0,0.0,0.2,2.0,0.2,1.0,0.05,0.0001,0.0,0.005,0.0,20.0,2.0,2.0,0.02,0.8,0.002,0.002,61.5,2.0,0.0385,1.2852388888888895,2.0,0.02,0.0,1.0,10.0,1.0,1.3009106482964343,0.0,0.0001,0.0,2.0,1.0,0.02,2.0,0.002,0.005,2.0,0.01,0.02,0.2,1.0,0.2,1.0e-5,4.518129774845394e-5,0.4198729643652974,0.6917259822937125,10.53361029679761
Cond00752,1.0,2.0,0.0,0.2,2.0,0.2,1.0,0.05,0.0001,0.0,0.005,0.0,20.0,2.0,2.0,0.02,0.8,0.002,0.002,61.5,2.0,0.0385,1.2289611111111103,2.0,0.02,0.0,1.0,10.0,1.0,1.1976037550603151,0.0,0.005,0.0,2.0,1.0,0.02,2.0,0.002,0.005,2.0,0.01,0.02,0.2,1.0,0.2,1.0e-5,8.974374893136726e-5,0.31758649417403445,0.5642721520957582,8.40524782807163
Cond00753,1.0,2.0,0.0,0.2,2.0,0.2,1.0,0.05,0.0001,0.0,0.005,0.0,20.0,2.0,2.0,0.02,0.8,0.002,0.002,61.5,2.0,0.0385,1.2641,2.0,0.02,0.0,1.0,10.0,1.0,1.2730319124584275,0.0,0.01,0.0,2.0,1.0,0.02,2.0,0.002,0.005,2.0,0.01,0.02,0.2,1.0,0.2,1.0e-5,6.199032893869378e-5,0.38113205015700574,0.574628176669483,2.5999426805386205
Cond00754,1.0,2.0,0.0,0.2,2.0,0.2,1.0,0.05,0.0001,0.0,0.005,0.0,20.0,2.0,2.0,0.02,0.8,0.002,0.002,61.5,2.0,0.0385,1.2972111111111118,2.0,0.02,0.0,1.0,10.0,1.0,1.3064856106946392,0.0,0.1,0.0,2.0,1.0,0.02,2.0,0.002,0.005,2.0,0.01,0.02,0.2,1.0,0.2,1.0e-5,5.2207711439598514e-5,0.402485952090673,0.6213589905796811,3.0244266208825223
Cond00755,1.0,2.0,0.0,0.2,2.0,0.2,1.0,0.05,0.0001,0.0,0.005,0.0,20.0,2.0,2.0,0.02,0.8,0.002,0.002,61.5,2.0,0.0385,1.2515361111111105,2.0,0.02,0.0,1.0,10.0,1.0,1.2977584387959054,0.0,0.001,0.0,2.0,1.0,0.02,2.0,0.002,0.005,2.0,0.01,0.02,0.2,1.0,0.2,0.0,0.0003672335781259746,0.3002851028409397,0.3536300534732908,10.555980625657567
Cond00756,1.0,2.0,0.0,0.2,2.0,0.2,1.0,0.05,0.0001,0.0,0.005,0.0,20.0,2.0,2.0,0.02,0.8,0.002,0.002,61.5,2.0,0.0385,1.2677861111111104,2.0,0.02,0.0,1.0,10.0,1.0,1.2876016216253072,0.0,0.001,0.0,2.0,1.0,0.02,2.0,0.002,0.005,2.0,0.01,0.02,0.2,1.0,0.2,5.0e-5,9.312589965481932e-5,0.3885995549279404,0.5610759064377383,9.114259951887398
Cond00757,1.0,2.0,0.0,0.2,2.0,0.2,1.0,0.05,0.0001,0.0,0.005,0.0,20.0,2.0,2.0,0.02,0.8,0.002,0.002,61.5,2.0,0.0385,1.2613499999999995,2.0,0.02,0.0,1.0,10.0,1.0,1.2780208022216568,0.0,0.001,0.0,2.0,1.0,0.02,2.0,0.002,0.005,2.0,0.01,0.02,0.2,1.0,0.2,0.0001,6.30401913302648e-5,0.39078146693797355,0.5962641368280329,2.8818915961988667
Cond00758,1.0,2.0,0.0,0.2,2.0,0.2,1.0,0.05,0.0001,0.0,0.005,0.0,20.0,2.0,2.0,0.02,0.8,0.002,0.002,61.5,2.0,0.0385,1.2363500000000003,2.0,0.02,0.0,1.0,10.0,1.0,1.2522358899601975,0.0,0.001,0.0,2.0,1.0,0.02,2.0,0.002,0.005,2.0,0.01,0.02,0.2,1.0,0.2,0.001,5.4856615899141656e-5,0.4047748998758836,0.6537086163602532,3.0944002701919895
Cond00759,1.0,2.0,0.0,0.2,2.0,0.2,1.0,0.05,0.0001,0.0,0.005,0.0,20.0,2.0,2.0,0.02,0.8,0.002,0.002,61.5,2.0,0.0385,1.24171111111111,2.0,0.02,0.0,1.0,10.0,1.0,1.2409432737064159,0.0,0.001,0.0,2.0,1.0,0.02,2.0,0.002,0.005,2.0,0.01,0.02,0.2,1.0,0.2,0.01,5.4680560512147125e-5,0.36852188902649735,0.5981895548843085,8.200101742921847
Cond00760,1.0,2.0,0.0,0.2,2.0,0.2,1.0,0.05,0.0001,0.0,0.005,0.0,20.0,2.0,2.0,0.02,0.8,0.002,0.002,61.5,2.0,0.0385,1.2435444444444448,2.0,0.02,0.0,1.0,10.0,1.0,1.2645987449097817,0.0,0.001,0.0,2.0,1.0,0.02,2.0,0.002,0.005,2.0,0.0,0.02,0.2,1.0,0.2,1.0e-5,0.00011145261358177899,0.38913878794467727,0.534721770166021,2.396891340462238
Cond00761,1.0,2.0,0.0,0.2,2.0,0.2,1.0,0.05,0.0001,0.0,0.005,0.0,20.0,2.0,2.0,0.02,0.8,0.002,0.002,61.5,2.0,0.0385,1.2526555555555554,2.0,0.02,0.0,1.0,10.0,1.0,1.2743030774526787,0.0,0.001,0.0,2.0,1.0,0.02,2.0,0.002,0.005,2.0,0.0001,0.02,0.2,1.0,0.2,1.0e-5,0.00010696129071474716,0.39677226566366736,0.5697599727932324,2.2364458496899235
Cond00762,1.0,2.0,0.0,0.2,2.0,0.2,1.0,0.05,0.0001,0.0,0.005,0.0,20.0,2.0,2.0,0.02,0.8,0.002,0.002,61.5,2.0,0.0385,1.2588222222222223,2.0,0.02,0.0,1.0,10.0,1.0,1.243101663577904,0.0,0.001,0.0,2.0,1.0,0.02,2.0,0.002,0.005,2.0,0.001,0.02,0.2,1.0,0.2,1.0e-5,9.675806232862991e-5,0.4306947526288833,0.637315518839555,3.200780189126996
Cond00763,1.0,2.0,0.0,0.2,2.0,0.2,1.0,0.05,0.0001,0.0,0.005,0.0,20.0,2.0,2.0,0.02,0.8,0.002,0.002,61.5,2.0,0.0385,1.294988888888889,2.0,0.02,0.0,1.0,10.0,1.0,1.3232586912240305,0.0,0.001,0.0,2.0,1.0,0.02,2.0,0.002,0.005,2.0,0.05,0.02,0.2,1.0,0.2,1.0e-5,7.114702474053596e-5,0.40907770567410506,0.5868466251622197,2.1326166024952142
Cond00764,1.0,2.0,0.0,0.2,2.0,0.2,1.0,0.05,0.0001,0.0,0.005,0.0,20.0,2.0,2.0,0.02,0.8,0.002,0.002,61.5,2.0,0.0385,1.2920999999999998,2.0,0.02,0.0,1.0,10.0,1.0,1.313324445748939,0.0,0.001,0.0,2.0,1.0,0.02,2.0,0.002,0.005,2.0,0.1,0.02,0.2,1.0,0.2,1.0e-5,0.00019752843736395688,0.37896500372423036,0.5918765659586547,2.5766728018638414
Cond00765,1.0,2.0,0.0,0.2,2.0,0.2,1.0,0.05,0.0001,0.0,0.005,0.0,20.0,2.0,2.0,0.02,0.8,0.002,0.002,61.5,2.0,0.0385,1.253433333333333,2.0,0.02,0.0,1.0,10.0,1.0,1.2534996095062336,0.0,0.001,0.0,2.0,1.0,0.02,2.0,0.0,0.005,2.0,0.01,0.02,0.2,1.0,0.2,1.0e-5,0.00011066357349572077,0.40398790527447004,0.5576647775230344,2.579431108148959
Cond00766,1.0,2.0,0.0,0.2,2.0,0.2,1.0,0.05,0.0001,0.0,0.005,0.0,20.0,2.0,2.0,0.02,0.8,0.002,0.002,61.5,2.0,0.0385,1.247877777777778,2.0,0.02,0.0,1.0,10.0,1.0,1.2788870039964408,0.0,0.001,0.0,2.0,1.0,0.02,2.0,0.0002,0.005,2.0,0.01,0.02,0.2,1.0,0.2,1.0e-5,0.0001810876147560333,0.3591147264634585,0.4865891470375877,5.5968007169670795
Cond00767,1.0,2.0,0.0,0.2,2.0,0.2,1.0,0.05,0.0001,0.0,0.005,0.0,20.0,2.0,2.0,0.02,0.8,0.002,0.002,61.5,2.0,0.0385,1.2658499999999997,2.0,0.02,0.0,1.0,10.0,1.0,1.2883380153419575,0.0,0.001,0.0,2.0,1.0,0.02,2.0,0.01,0.005,2.0,0.01,0.02,0.2,1.0,0.2,1.0e-5,0.00046348425936410903,0.31727920264258874,0.40817873668278903,9.954745551584445
Cond00768,1.0,2.0,0.0,0.2,2.0,0.2,1.0,0.05,0.0001,0.0,0.005,0.0,20.0,2.0,2.0,0.02,0.8,0.002,0.002,61.5,2.0,0.0385,1.286377777777778,2.0,0.02,0.0,1.0,10.0,1.0,1.2615842064094032,0.0,0.001,0.0,2.0,1.0,0.02,2.0,0.02,0.005,2.0,0.01,0.02,0.2,1.0,0.2,1.0e-5,0.0001433864570840631,0.42466835827000643,0.6599087119626268,3.396394084468363
Cond00769,1.0,2.0,0.0,0.2,2.0,0.2,1.0,0.05,0.0001,0.0,0.005,0.0,20.0,2.0,2.0,0.02,0.8,0.002,0.002,61.5,2.0,0.0385,1.2652388888888892,2.0,0.02,0.0,1.0,10.0,1.0,1.2839045828605244,0.0,0.001,0.0,2.0,1.0,0.02,2.0,0.2,0.005,2.0,0.01,0.02,0.2,1.0,0.2,1.0e-5,0.00010686767261320777,0.39424741620133413,0.5595495221605368,2.321578473596567
Cond00770,1.0,2.0,0.0,0.2,2.0,0.2,1.0,0.05,0.0001,0.0,0.005,2.5e-6,20.0,2.0,2.0,0.02,0.8,0.002,0.002,61.5,2.0,0.0385,1.278266666666667,2.0,0.02,0.0,1.0,10.0,1.0,1.3097819799876107,0.0,0.001,0.0,2.0,1.0,0.02,2.0,0.002,0.005,2.0,0.01,0.02,0.2,1.0,0.2,1.0e-5,7.369149877604157e-5,0.4201065211314339,0.585563290216061,2.1114755023464618
Cond00771,1.0,2.0,0.0,0.2,2.0,0.2,1.0,0.05,0.0001,0.0,0.005,5.0e-6,20.0,2.0,2.0,0.02,0.8,0.002,0.002,61.5,2.0,0.0385,1.2740999999999996,2.0,0.02,0.0,1.0,10.0,1.0,1.2539545398116458,0.0,0.001,0.0,2.0,1.0,0.02,2.0,0.002,0.005,2.0,0.01,0.02,0.2,1.0,0.2,1.0e-5,0.00011722173438759888,0.4057668678870771,0.6197655295045221,5.025021468359579
Cond00772,1.0,2.0,0.0,0.2,2.0,0.2,1.0,0.05,0.0001,0.0,0.005,5.0e-5,20.0,2.0,2.0,0.02,0.8,0.002,0.002,61.5,2.0,0.0385,1.2744333333333326,2.0,0.02,0.0,1.0,10.0,1.0,1.302443258172544,0.0,0.001,0.0,2.0,1.0,0.02,2.0,0.002,0.005,2.0,0.01,0.02,0.2,1.0,0.2,1.0e-5,6.539794574327533e-5,0.41529124638786924,0.5250489670188897,2.3819761678045612
Cond00773,1.0,2.0,0.0,0.2,2.0,0.2,1.0,0.05,0.0001,0.0,0.005,0.0005,20.0,2.0,2.0,0.02,0.8,0.002,0.002,61.5,2.0,0.0385,1.2540166666666666,2.0,0.02,0.0,1.0,10.0,1.0,1.2775980403773475,0.0,0.001,0.0,2.0,1.0,0.02,2.0,0.002,0.005,2.0,0.01,0.02,0.2,1.0,0.2,1.0e-5,0.00012804581696068348,0.36608026742316224,0.5039451813295408,5.288328031840196
Cond00774,1.0,2.0,0.0,0.2,2.0,0.2,1.0,0.05,0.0001,0.0,0.005,0.005,20.0,2.0,2.0,0.02,0.8,0.002,0.002,61.5,2.0,0.0385,0.6667111111111109,2.0,0.02,0.0,1.0,10.0,1.0,6.210389121244292,0.0,0.001,0.0,2.0,1.0,0.02,2.0,0.002,0.005,2.0,0.01,0.02,0.2,1.0,0.2,1.0e-5,0.005502779726530498,0.15041803696602385,0.4416588107842926,18.109856935875538
Cond00775,1.0,2.0,0.0,0.2,2.0,0.2,1.0,0.05,0.0001,0.0,0.005,0.0,20.0,2.0,2.0,0.02,0.8,0.002,0.002,61.5,2.0,0.0385,1.271155555555557,2.0,0.02,0.0,1.0,10.0,1.0,1.276292414506476,0.0,0.001,0.0,2.0,1.0,0.02,2.0,0.002,0.0,2.0,0.01,0.02,0.2,1.0,0.2,1.0e-5,0.00022193689781007395,0.42873889761887163,0.6638728948767113,3.06801583776476
Cond00776,1.0,2.0,0.0,0.2,2.0,0.2,1.0,0.05,0.0001,0.0,0.005,0.0,20.0,2.0,2.0,0.02,0.8,0.002,0.002,61.5,2.0,0.0385,1.279072222222222,2.0,0.02,0.0,1.0,10.0,1.0,1.2527645375578045,0.0,0.001,0.0,2.0,1.0,0.02,2.0,0.002,5.0e-5,2.0,0.01,0.02,0.2,1.0,0.2,1.0e-5,0.0003274751287165236,0.40768669069719315,0.5919893536614165,2.901820558741037
Cond00777,1.0,2.0,0.0,0.2,2.0,0.2,1.0,0.05,0.0001,0.0,0.005,0.0,20.0,2.0,2.0,0.02,0.8,0.002,0.002,61.5,2.0,0.0385,1.2811555555555545,2.0,0.02,0.0,1.0,10.0,1.0,1.2911706681115585,0.0,0.001,0.0,2.0,1.0,0.02,2.0,0.002,0.0005,2.0,0.01,0.02,0.2,1.0,0.2,1.0e-5,0.0002114110362232595,0.4208754552995417,0.56910883155912,2.356264830391466
Cond00778,1.0,2.0,0.0,0.2,2.0,0.2,1.0,0.05,0.0001,0.0,0.005,0.0,20.0,2.0,2.0,0.02,0.8,0.002,0.002,61.5,2.0,0.0385,1.2348777777777775,2.0,0.02,0.0,1.0,10.0,1.0,1.2474991093257985,0.0,0.001,0.0,2.0,1.0,0.02,2.0,0.002,0.025,2.0,0.01,0.02,0.2,1.0,0.2,1.0e-5,5.369911180348568e-5,0.3658747213216771,0.5822207038954995,7.4840699376369395
Cond00779,1.0,2.0,0.0,0.2,2.0,0.2,1.0,0.05,0.0001,0.0,0.005,0.0,20.0,2.0,2.0,0.02,0.8,0.002,0.002,61.5,2.0,0.0385,1.2325999999999993,2.0,0.02,0.0,1.0,10.0,1.0,1.192601546398654,0.0,0.001,0.0,2.0,1.0,0.02,2.0,0.002,0.05,2.0,0.01,0.02,0.2,1.0,0.2,1.0e-5,2.6191782461613437e-5,0.35585767923559797,0.580928191608161,15.183360119700353
Cond00780,1.0,2.0,0.0,0.2,2.0,0.2,1.0,0.05,0.0001,0.0,0.005,0.0,20.0,2.0,2.0,0.02,0.0,0.002,0.002,61.5,2.0,0.0385,1.2593499999999997,2.0,0.02,0.0,1.0,10.0,1.0,1.2951195681886942,0.0,0.001,0.0,2.0,1.0,0.02,2.0,0.002,0.005,2.0,0.01,0.02,0.2,1.0,0.2,1.0e-5,7.034961091390911e-5,0.41658769966412984,0.5682412629096536,2.321615920978553
Cond00781,1.0,2.0,0.0,0.2,2.0,0.2,1.0,0.05,0.0001,0.0,0.005,0.0,20.0,2.0,2.0,0.02,0.0008,0.002,0.002,61.5,2.0,0.0385,1.2745166666666667,2.0,0.02,0.0,1.0,10.0,1.0,1.255416523825588,0.0,0.001,0.0,2.0,1.0,0.02,2.0,0.002,0.005,2.0,0.01,0.02,0.2,1.0,0.2,1.0e-5,0.00010080001326209212,0.41815355908877366,0.6708979491799378,3.4914513263878004
Cond00782,1.0,2.0,0.0,0.2,2.0,0.2,1.0,0.05,0.0001,0.0,0.005,0.0,20.0,2.0,2.0,0.02,0.008,0.002,0.002,61.5,2.0,0.0385,1.2739055555555558,2.0,0.02,0.0,1.0,10.0,1.0,1.2677682572446016,0.0,0.001,0.0,2.0,1.0,0.02,2.0,0.002,0.005,2.0,0.01,0.02,0.2,1.0,0.2,1.0e-5,7.532004893894776e-5,0.44153712478339635,0.6715746773707578,3.8887238865333043
Cond00783,1.0,2.0,0.0,0.2,2.0,0.2,1.0,0.05,0.0001,0.0,0.005,0.0,20.0,2.0,2.0,0.02,0.08,0.002,0.002,61.5,2.0,0.0385,1.28135,2.0,0.02,0.0,1.0,10.0,1.0,1.2660412160456684,0.0,0.001,0.0,2.0,1.0,0.02,2.0,0.002,0.005,2.0,0.01,0.02,0.2,1.0,0.2,1.0e-5,8.688701364530759e-5,0.4211194169730096,0.6584660565920359,3.571418134068039
Cond00784,1.0,2.0,0.0,0.2,2.0,0.2,1.0,0.05,0.0001,0.0,0.005,0.0,20.0,2.0,2.0,0.02,0.4,0.002,0.002,61.5,2.0,0.0385,1.2898222222222215,2.0,0.02,0.0,1.0,10.0,1.0,1.264676696612177,0.0,0.001,0.0,2.0,1.0,0.02,2.0,0.002,0.005,2.0,0.01,0.02,0.2,1.0,0.2,1.0e-5,7.497106139467595e-5,0.43605401741798683,0.6771766679460939,3.6932413737036955
Cond00785,1.0,2.0,5.0e-5,0.2,2.0,0.2,1.0,0.05,0.0001,0.0,0.005,0.0,20.0,2.0,2.0,0.02,0.8,0.002,0.002,61.5,2.0,0.0385,1.2535999999999996,2.0,0.02,0.0,1.0,10.0,1.0,1.2663972981625318,0.0,0.001,0.0,2.0,1.0,0.02,2.0,0.002,0.005,2.0,0.01,0.02,0.2,1.0,0.2,1.0e-5,7.734607935942474e-5,0.42546511585651947,0.5763826065927271,3.8966659961126555
Cond00786,1.0,2.0,0.0001,0.2,2.0,0.2,1.0,0.05,0.0001,0.0,0.005,0.0,20.0,2.0,2.0,0.02,0.8,0.002,0.002,61.5,2.0,0.0385,1.2545444444444451,2.0,0.02,0.0,1.0,10.0,1.0,1.2602564597195625,0.0,0.001,0.0,2.0,1.0,0.02,2.0,0.002,0.005,2.0,0.01,0.02,0.2,1.0,0.2,1.0e-5,9.870583029701937e-5,0.409773319839826,0.6436611570338947,3.1605695292391194
Cond00787,1.0,2.0,0.001,0.2,2.0,0.2,1.0,0.05,0.0001,0.0,0.005,0.0,20.0,2.0,2.0,0.02,0.8,0.002,0.002,61.5,2.0,0.0385,1.2646555555555552,2.0,0.02,0.0,1.0,10.0,1.0,1.2220284760792872,0.0,0.001,0.0,2.0,1.0,0.02,2.0,0.002,0.005,2.0,0.01,0.02,0.2,1.0,0.2,1.0e-5,0.00011830142137646136,0.41589767634319824,0.6700725806719954,15.755133151811297
Cond00788,1.0,2.0,0.01,0.2,2.0,0.2,1.0,0.05,0.0001,0.0,0.005,0.0,20.0,2.0,2.0,0.02,0.8,0.002,0.002,61.5,2.0,0.0385,1.2584055555555564,2.0,0.02,0.0,1.0,10.0,1.0,1.241721576997659,0.0,0.001,0.0,2.0,1.0,0.02,2.0,0.002,0.005,2.0,0.01,0.02,0.2,1.0,0.2,1.0e-5,0.0001054421417554363,0.41386765972599293,0.5993934455719082,3.3851673518747476
Cond00789,1.0,2.0,0.1,0.2,2.0,0.2,1.0,0.05,0.0001,0.0,0.005,0.0,20.0,2.0,2.0,0.02,0.8,0.002,0.002,61.5,2.0,0.0385,1.290127777777777,2.0,0.02,0.0,1.0,10.0,1.0,1.280543798978108,0.0,0.001,0.0,2.0,1.0,0.02,2.0,0.002,0.005,2.0,0.01,0.02,0.2,1.0,0.2,1.0e-5,0.00011292460127328381,0.4218190318976731,0.6690403240101255,4.126938087029596
Cond00790,10.0,0.2,0.01,2.0,0.002,0.002,0.001,0.0005,0.001,0.002,0.05,5.0e-6,200.0,0.2,0.2,0.002,0.0008,0.2,0.2,0.0615,0.02,77.0,0.7191,0.002,2.0,2.0,0.01,1.0,10.0,0.7970446750223984,63.45,0.01,5.0,0.2,10.0,0.2,0.002,0.0002,5.0e-5,0.002,0.0001,0.2,0.002,0.1,0.002,0.01,0.0235957689123683,0.5748211261027149,1.0006539071843417,1.3882356227006079
Cond00791,10.0,0.2,0.01,2.0,0.002,0.002,0.001,0.0005,0.001,0.002,0.05,5.0e-6,200.0,0.2,0.2,0.002,0.0008,0.2,0.2,30.75,0.02,77.0,0.8043222222222223,0.002,2.0,2.0,0.01,1.0,10.0,0.8824912952859246,63.45,0.01,5.0,0.2,10.0,0.2,0.002,0.0002,5.0e-5,0.002,0.0001,0.2,0.002,0.1,0.002,0.01,0.02028795801256796,0.5495502243888832,0.7147122688284813,1.2124572763677854
Cond00792,10.0,0.2,0.01,2.0,0.002,0.002,0.001,0.0005,0.001,0.002,0.05,5.0e-6,200.0,0.2,0.2,0.002,0.0008,0.2,0.2,61.5,0.02,77.0,0.8595444444444449,0.002,2.0,2.0,0.01,1.0,10.0,0.9207307239735188,63.45,0.01,5.0,0.2,10.0,0.2,0.002,0.0002,5.0e-5,0.002,0.0001,0.2,0.002,0.1,0.002,0.01,0.020207721604617663,0.5298715683660297,0.5851969166000258,1.1156603930606444
Cond00793,10.0,0.2,0.01,2.0,0.002,0.002,0.001,0.0005,0.001,0.002,0.05,5.0e-6,200.0,0.2,0.2,0.002,0.0008,0.2,0.2,92.25,0.02,77.0,0.8903777777777777,0.002,2.0,2.0,0.01,1.0,10.0,0.9326627869146988,63.45,0.01,5.0,0.2,10.0,0.2,0.002,0.0002,5.0e-5,0.002,0.0001,0.2,0.002,0.1,0.002,0.01,0.010541149962584222,0.5411822836929988,0.6721832026713186,1.05340439567482
Cond00794,10.0,0.2,0.01,2.0,0.002,0.002,0.001,0.0005,0.001,0.002,0.05,5.0e-6,200.0,0.2,0.2,0.002,0.0008,0.2,0.2,123.0,0.02,77.0,0.9352372474747471,0.002,2.0,2.0,0.01,1.0,10.0,0.948858707941665,63.45,0.01,5.0,0.2,10.0,0.2,0.002,0.0002,5.0e-5,0.002,0.0001,0.2,0.002,0.1,0.002,0.01,0.006068949858239226,0.5798542779353182,0.7221917304162643,0.9133168054853609
Cond00795,10.0,0.2,0.01,2.0,0.002,0.002,0.001,0.0005,0.001,0.002,0.05,5.0e-6,200.0,0.2,0.2,0.002,0.0008,0.2,0.2,123.0,0.02,0.0385,0.9713055555555561,0.002,2.0,2.0,0.01,1.0,10.0,0.9550334402362718,63.45,0.01,5.0,0.2,10.0,0.2,0.002,0.0002,5.0e-5,0.002,0.0001,0.2,0.002,0.1,0.002,0.01,0.0033275702563746994,0.4448551433696843,0.7560843149355604,1.566211763515315
Cond00796,10.0,0.2,0.01,2.0,0.002,0.002,0.001,0.0005,0.001,0.002,0.05,5.0e-6,200.0,0.2,0.2,0.002,0.0008,0.2,0.2,123.0,0.02,11.0,0.9482111111111112,0.002,2.0,2.0,0.01,1.0,10.0,0.9548169837352527,63.45,0.01,5.0,0.2,10.0,0.2,0.002,0.0002,5.0e-5,0.002,0.0001,0.2,0.002,0.1,0.002,0.01,0.020604250435261748,0.5607046485274336,0.800133319421046,1.2262838757741312
Cond00797,10.0,0.2,0.01,2.0,0.002,0.002,0.001,0.0005,0.001,0.002,0.05,5.0e-6,200.0,0.2,0.2,0.002,0.0008,0.2,0.2,123.0,0.02,22.0,0.9525999999999999,0.002,2.0,2.0,0.01,1.0,10.0,0.9679323996070153,63.45,0.01,5.0,0.2,10.0,0.2,0.002,0.0002,5.0e-5,0.002,0.0001,0.2,0.002,0.1,0.002,0.01,0.010828338397633138,0.5084305548823667,0.7637437464652529,1.1249114317946596
Cond00798,10.0,0.2,0.01,2.0,0.002,0.002,0.001,0.0005,0.001,0.002,0.05,5.0e-6,200.0,0.2,0.2,0.002,0.0008,0.2,0.2,123.0,0.02,38.5,0.9536555555555558,0.002,2.0,2.0,0.01,1.0,10.0,0.973539307736164,63.45,0.01,5.0,0.2,10.0,0.2,0.002,0.0002,5.0e-5,0.002,0.0001,0.2,0.002,0.1,0.002,0.01,0.008046572744450222,0.609404913418115,0.6292594073649702,0.8129008689530958
Cond00799,10.0,0.2,0.01,2.0,0.002,0.002,0.001,0.0005,0.001,0.002,0.05,5.0e-6,200.0,0.2,0.2,0.002,0.0008,0.2,0.2,123.0,0.02,77.0,0.8157111111111105,0.002,2.0,2.0,0.01,1.0,10.0,0.8869152284718061,0.0,0.01,5.0,0.2,10.0,0.2,0.002,0.0002,5.0e-5,0.002,0.0001,0.2,0.002,0.1,0.002,0.01,0.011678539259969038,0.5659909534547309,0.816041157604998,1.0585688611177253
Cond00800,10.0,0.2,0.01,2.0,0.002,0.002,0.001,0.0005,0.001,0.002,0.05,5.0e-6,200.0,0.2,0.2,0.002,0.0008,0.2,0.2,123.0,0.02,77.0,0.8567666666666667,0.002,2.0,2.0,0.01,1.0,10.0,0.9218228578963547,21.15,0.01,5.0,0.2,10.0,0.2,0.002,0.0002,5.0e-5,0.002,0.0001,0.2,0.002,0.1,0.002,0.01,0.008935748350307728,0.571498691624537,0.7922101210852244,0.9534009892077321
Cond00801,10.0,0.2,0.01,2.0,0.002,0.002,0.001,0.0005,0.001,0.002,0.05,5.0e-6,200.0,0.2,0.2,0.002,0.0008,0.2,0.2,123.0,0.02,77.0,0.8960444444444443,0.002,2.0,2.0,0.01,1.0,10.0,0.9307503971320398,42.3,0.01,5.0,0.2,10.0,0.2,0.002,0.0002,5.0e-5,0.002,0.0001,0.2,0.002,0.1,0.002,0.01,0.008464262130391637,0.5464993338443243,0.7406843018362511,1.0247041382344375
Cond00802,10.0,0.2,0.01,2.0,0.002,0.002,0.001,0.0005,0.001,0.002,0.05,5.0e-6,200.0,0.2,0.2,0.002,0.0008,0.2,0.2,123.0,0.02,77.0,0.9394333333333333,0.002,2.0,2.0,0.01,1.0,10.0,0.9483961025410844,84.6,0.01,5.0,0.2,10.0,0.2,0.002,0.0002,5.0e-5,0.002,0.0001,0.2,0.002,0.1,0.002,0.01,0.003948854068660117,0.5546757520299282,0.6979577201239529,0.9358507602960903
Cond00803,10.0,0.2,0.01,2.0,0.002,0.002,0.001,0.0005,0.001,0.002,0.05,5.0e-6,0.02,0.2,0.2,0.002,0.0008,0.2,0.2,123.0,0.02,77.0,0.1464333333333333,0.002,2.0,2.0,0.01,1.0,10.0,0.21990821137934768,63.45,0.01,5.0,0.2,10.0,0.2,0.002,0.0002,5.0e-5,0.002,0.0001,0.2,0.002,0.1,0.002,0.01,0.025992727703561862,0.28832058012106765,0.684485491479896,13.739589979481025
Cond00804,10.0,0.2,0.01,2.0,0.002,0.002,0.001,0.0005,0.001,0.002,0.05,5.0e-6,0.22,0.2,0.2,0.002,0.0008,0.2,0.2,123.0,0.02,77.0,0.17215555555555553,0.002,2.0,2.0,0.01,1.0,10.0,0.24934006214975124,63.45,0.01,5.0,0.2,10.0,0.2,0.002,0.0002,5.0e-5,0.002,0.0001,0.2,0.002,0.1,0.002,0.01,0.03687010156768595,0.29893741989902345,0.6908940677931471,5.740541938221593
Cond00805,10.0,0.2,0.01,2.0,0.002,0.002,0.001,0.0005,0.001,0.002,0.05,5.0e-6,2.0,0.2,0.2,0.002,0.0008,0.2,0.2,123.0,0.02,77.0,0.3095444444444444,0.002,2.0,2.0,0.01,1.0,10.0,0.38398788991707034,63.45,0.01,5.0,0.2,10.0,0.2,0.002,0.0002,5.0e-5,0.002,0.0001,0.2,0.002,0.1,0.002,0.01,0.01819595734555251,0.4770551661884286,0.9077656144697488,2.066053040098696
Cond00806,10.0,0.2,0.01,2.0,0.002,0.002,0.001,0.0005,0.001,0.002,0.05,5.0e-6,20.0,0.2,0.2,0.002,0.0008,0.2,0.2,123.0,0.02,77.0,0.7871000000000001,0.002,2.0,2.0,0.01,1.0,10.0,0.8597079123125033,63.45,0.01,5.0,0.2,10.0,0.2,0.002,0.0002,5.0e-5,0.002,0.0001,0.2,0.002,0.1,0.002,0.01,0.009179200461864573,0.6211858079717755,0.7481242722697802,1.1512159834653977
Cond00807,0.015,0.2,0.01,2.0,0.002,0.002,0.001,0.0005,0.001,0.002,0.05,5.0e-6,200.0,0.2,0.2,0.002,0.0008,0.2,0.2,123.0,0.02,77.0,0.932322222222222,0.002,2.0,2.0,0.01,1.0,10.0,0.9675338541082886,63.45,0.01,5.0,0.2,10.0,0.2,0.002,0.0002,5.0e-5,0.002,0.0001,0.2,0.002,0.1,0.002,0.01,0.007277250734351568,0.5652153147444806,0.7299067636244989,0.8825735396418342
Cond00808,0.115,0.2,0.01,2.0,0.002,0.002,0.001,0.0005,0.001,0.002,0.05,5.0e-6,200.0,0.2,0.2,0.002,0.0008,0.2,0.2,123.0,0.02,77.0,0.9264888888888891,0.002,2.0,2.0,0.01,1.0,10.0,0.9586804073163024,63.45,0.01,5.0,0.2,10.0,0.2,0.002,0.0002,5.0e-5,0.002,0.0001,0.2,0.002,0.1,0.002,0.01,0.005696911677001006,0.580916561259031,0.7557649834108549,0.8464631938140276
Cond00809,1.0,0.2,0.01,2.0,0.002,0.002,0.001,0.0005,0.001,0.002,0.05,5.0e-6,200.0,0.2,0.2,0.002,0.0008,0.2,0.2,123.0,0.02,77.0,0.943988888888889,0.002,2.0,2.0,0.01,1.0,10.0,0.961170156602175,63.45,0.01,5.0,0.2,10.0,0.2,0.002,0.0002,5.0e-5,0.002,0.0001,0.2,0.002,0.1,0.002,0.01,0.006432159537378734,0.571873350630538,0.7385208992485495,0.8526599944115506
Cond00810,100.0,0.2,0.01,2.0,0.002,0.002,0.001,0.0005,0.001,0.002,0.05,5.0e-6,200.0,0.2,0.2,0.002,0.0008,0.2,0.2,123.0,0.02,77.0,0.8204888888888889,0.002,2.0,2.0,0.01,1.0,10.0,0.8400090193595647,63.45,0.01,5.0,0.2,10.0,0.2,0.002,0.0002,5.0e-5,0.002,0.0001,0.2,0.002,0.1,0.002,0.01,0.0018772360523491645,0.464488114425474,0.6195242779586541,1.2647518312645873
Cond00811,10.0,0.2,0.01,2.0,0.002,0.002,0.001,0.0005,0.001,0.002,0.05,5.0e-6,200.0,0.2,0.2,0.002,0.0008,0.2,0.2,123.0,0.02,77.0,0.9487111111111111,0.002,2.0,2.0,0.01,1.0,0.0,0.9658927965681264,63.45,0.01,5.0,0.2,10.0,0.2,0.002,0.0002,5.0e-5,0.002,0.0001,0.2,0.002,0.1,0.002,0.01,0.008920352489776288,0.5121482355067899,0.7495580798096583,0.9812925498909093
Cond00812,10.0,0.2,0.01,2.0,0.002,0.002,0.001,0.0005,0.001,0.002,0.05,5.0e-6,200.0,0.2,0.2,0.002,0.0008,0.2,0.2,123.0,0.02,77.0,0.9534333333333331,0.002,2.0,2.0,0.01,1.0,0.1,0.9636536293527284,63.45,0.01,5.0,0.2,10.0,0.2,0.002,0.0002,5.0e-5,0.002,0.0001,0.2,0.002,0.1,0.002,0.01,0.0061438618222495614,0.6031127399779913,0.7733209864750277,0.7803431771355578
Cond00813,10.0,0.2,0.01,2.0,0.002,0.002,0.001,0.0005,0.001,0.002,0.05,5.0e-6,200.0,0.2,0.2,0.002,0.0008,0.2,0.2,123.0,0.02,77.0,0.9592666666666668,0.002,2.0,2.0,0.01,1.0,1.0,0.9667406047269854,63.45,0.01,5.0,0.2,10.0,0.2,0.002,0.0002,5.0e-5,0.002,0.0001,0.2,0.002,0.1,0.002,0.01,0.007333294082681814,0.5549811597877079,0.7759885351465269,0.9101777740045822
Cond00814,10.0,0.2,0.01,2.0,0.002,0.002,0.001,0.0005,0.001,0.002,0.05,5.0e-6,200.0,0.2,0.2,0.002,0.0008,0.2,0.2,123.0,0.02,77.0,0.8634333333333333,0.002,2.0,2.0,0.01,1.0,100.0,0.8829729841183132,63.45,0.01,5.0,0.2,10.0,0.2,0.002,0.0002,5.0e-5,0.002,0.0001,0.2,0.002,0.1,0.002,0.01,0.0027311845098307885,0.4708677986985145,0.6411521057994181,1.2668241933855748
Cond00815,10.0,0.0,0.01,2.0,0.002,0.002,0.001,0.0005,0.001,0.002,0.05,5.0e-6,200.0,0.2,0.2,0.002,0.0008,0.2,0.2,123.0,0.02,77.0,0.9096000000000003,0.002,2.0,2.0,0.01,1.0,10.0,0.9254611613627886,63.45,0.01,5.0,0.2,10.0,0.2,0.002,0.0002,5.0e-5,0.002,0.0001,0.2,0.002,0.1,0.002,0.01,0.004881575689019318,0.5778574436071584,0.7370523981491071,0.9274561883501762
Cond00816,10.0,0.002,0.01,2.0,0.002,0.002,0.001,0.0005,0.001,0.002,0.05,5.0e-6,200.0,0.2,0.2,0.002,0.0008,0.2,0.2,123.0,0.02,77.0,0.919488888888889,0.002,2.0,2.0,0.01,1.0,10.0,0.9349217584565517,63.45,0.01,5.0,0.2,10.0,0.2,0.002,0.0002,5.0e-5,0.002,0.0001,0.2,0.002,0.1,0.002,0.01,0.004713823339807493,0.6039413304996938,0.7457522214833756,0.8346333085150758
Cond00817,10.0,0.02,0.01,2.0,0.002,0.002,0.001,0.0005,0.001,0.002,0.05,5.0e-6,200.0,0.2,0.2,0.002,0.0008,0.2,0.2,123.0,0.02,77.0,0.9164333333333331,0.002,2.0,2.0,0.01,1.0,10.0,0.9320832376380158,63.45,0.01,5.0,0.2,10.0,0.2,0.002,0.0002,5.0e-5,0.002,0.0001,0.2,0.002,0.1,0.002,0.01,0.007086284958902688,0.5250044458103575,0.7251514240711859,1.0422603479087282
Cond00818,10.0,2.0,0.01,2.0,0.002,0.002,0.001,0.0005,0.001,0.002,0.05,5.0e-6,200.0,0.2,0.2,0.002,0.0008,0.2,0.2,123.0,0.02,77.0,0.9055444444444445,0.002,2.0,2.0,0.01,1.0,10.0,0.9311243999269989,63.45,0.01,5.0,0.2,10.0,0.2,0.002,0.0002,5.0e-5,0.002,0.0001,0.2,0.002,0.1,0.002,0.01,0.003915519707560331,0.5630868075505582,0.650837303423505,0.943166812329301
Cond00819,10.0,0.2,0.01,0.0,0.002,0.002,0.001,0.0005,0.001,0.002,0.05,5.0e-6,200.0,0.2,0.2,0.002,0.0008,0.2,0.2,123.0,0.02,77.0,0.8216555555555557,0.002,2.0,2.0,0.01,1.0,10.0,0.8301969386513823,63.45,0.01,5.0,0.2,10.0,0.2,0.002,0.0002,5.0e-5,0.002,0.0001,0.2,0.002,0.1,0.002,0.01,0.004066036195145257,0.5261205431670218,0.7289924681633183,1.162432148694338
Cond00820,10.0,0.2,0.01,0.002,0.002,0.002,0.001,0.0005,0.001,0.002,0.05,5.0e-6,200.0,0.2,0.2,0.002,0.0008,0.2,0.2,123.0,0.02,77.0,0.8284333333333338,0.002,2.0,2.0,0.01,1.0,10.0,0.8455084673658328,63.45,0.01,5.0,0.2,10.0,0.2,0.002,0.0002,5.0e-5,0.002,0.0001,0.2,0.002,0.1,0.002,0.01,0.00526752052256944,0.5252684130510399,0.7145062392976169,1.11472758818942
Cond00821,10.0,0.2,0.01,0.02,0.002,0.002,0.001,0.0005,0.001,0.002,0.05,5.0e-6,200.0,0.2,0.2,0.002,0.0008,0.2,0.2,123.0,0.02,77.0,0.8676555555555558,0.002,2.0,2.0,0.01,1.0,10.0,0.878121624503001,63.45,0.01,5.0,0.2,10.0,0.2,0.002,0.0002,5.0e-5,0.002,0.0001,0.2,0.002,0.1,0.002,0.01,0.006457917909949168,0.5294060093119443,0.7197714725703453,1.037566804724423
Cond00822,10.0,0.2,0.01,0.2,0.002,0.002,0.001,0.0005,0.001,0.002,0.05,5.0e-6,200.0,0.2,0.2,0.002,0.0008,0.2,0.2,123.0,0.02,77.0,0.9353222222222226,0.002,2.0,2.0,0.01,1.0,10.0,0.9580177914702985,63.45,0.01,5.0,0.2,10.0,0.2,0.002,0.0002,5.0e-5,0.002,0.0001,0.2,0.002,0.1,0.002,0.01,0.005070836748829324,0.6340541573033757,0.7826954008611717,0.7908489185168802
Cond00823,10.0,0.2,0.01,2.0,0.0,0.002,0.001,0.0005,0.001,0.002,0.05,5.0e-6,200.0,0.2,0.2,0.002,0.0008,0.2,0.2,123.0,0.02,77.0,0.9000999999999997,0.002,2.0,2.0,0.01,1.0,10.0,0.9092295210630135,63.45,0.01,5.0,0.2,10.0,0.2,0.002,0.0002,5.0e-5,0.002,0.0001,0.2,0.002,0.1,0.002,0.01,0.004801790174030857,0.5538248081049078,0.7724171064978751,0.9445123055954936
Cond00824,10.0,0.2,0.01,2.0,0.02,0.002,0.001,0.0005,0.001,0.002,0.05,5.0e-6,200.0,0.2,0.2,0.002,0.0008,0.2,0.2,123.0,0.02,77.0,0.9398777777777776,0.002,2.0,2.0,0.01,1.0,10.0,0.9357053601644085,63.45,0.01,5.0,0.2,10.0,0.2,0.002,0.0002,5.0e-5,0.002,0.0001,0.2,0.002,0.1,0.002,0.01,0.006223686084673374,0.5180733873068213,0.7948749907882571,1.0251353412472504
Cond00825,10.0,0.2,0.01,2.0,0.2,0.002,0.001,0.0005,0.001,0.002,0.05,5.0e-6,200.0,0.2,0.2,0.002,0.0008,0.2,0.2,123.0,0.02,77.0,0.9382666666666662,0.002,2.0,2.0,0.01,1.0,10.0,0.9618909139966648,63.45,0.01,5.0,0.2,10.0,0.2,0.002,0.0002,5.0e-5,0.002,0.0001,0.2,0.002,0.1,0.002,0.01,0.005188089935088717,0.6402433488895727,0.7719609030867223,0.7899558715930134
Cond00826,10.0,0.2,0.01,2.0,2.0,0.002,0.001,0.0005,0.001,0.002,0.05,5.0e-6,200.0,0.2,0.2,0.002,0.0008,0.2,0.2,123.0,0.02,77.0,0.9184888888888886,0.002,2.0,2.0,0.01,1.0,10.0,0.935073047101922,63.45,0.01,5.0,0.2,10.0,0.2,0.002,0.0002,5.0e-5,0.002,0.0001,0.2,0.002,0.1,0.002,0.01,0.006086812468156336,0.5912622275768805,0.7655195316199459,0.8945594625032098
Cond00827,10.0,0.2,0.01,2.0,0.002,0.0,0.001,0.0005,0.001,0.002,0.05,5.0e-6,200.0,0.2,0.2,0.002,0.0008,0.2,0.2,123.0,0.02,77.0,0.9400444444444447,0.002,2.0,2.0,0.01,1.0,10.0,0.9497910422197573,63.45,0.01,5.0,0.2,10.0,0.2,0.002,0.0002,5.0e-5,0.002,0.0001,0.2,0.002,0.1,0.002,0.01,0.005013307749084714,0.5457970596639153,0.6396792044556538,0.9170955245052537
Cond00828,10.0,0.2,0.01,2.0,0.002,0.02,0.001,0.0005,0.001,0.002,0.05,5.0e-6,200.0,0.2,0.2,0.002,0.0008,0.2,0.2,123.0,0.02,77.0,0.9666555555555555,0.002,2.0,2.0,0.01,1.0,10.0,0.9734911771437361,63.45,0.01,5.0,0.2,10.0,0.2,0.002,0.0002,5.0e-5,0.002,0.0001,0.2,0.002,0.1,0.002,0.01,0.008339049784288809,0.49198313798972243,0.7804498350570539,1.0432518499088461
Cond00829,10.0,0.2,0.01,2.0,0.002,0.2,0.001,0.0005,0.001,0.002,0.05,5.0e-6,200.0,0.2,0.2,0.002,0.0008,0.2,0.2,123.0,0.02,77.0,0.9707666666666667,0.002,2.0,2.0,0.01,1.0,10.0,0.9749266918316787,63.45,0.01,5.0,0.2,10.0,0.2,0.002,0.0002,5.0e-5,0.002,0.0001,0.2,0.002,0.1,0.002,0.01,0.005368680925573185,0.6120016182944465,0.7583718831286137,0.771715682756352
Cond00830,10.0,0.2,0.01,2.0,0.002,2.0,0.001,0.0005,0.001,0.002,0.05,5.0e-6,200.0,0.2,0.2,0.002,0.0008,0.2,0.2,123.0,0.02,77.0,0.9734333333333333,0.002,2.0,2.0,0.01,1.0,10.0,0.9382564394451265,63.45,0.01,5.0,0.2,10.0,0.2,0.002,0.0002,5.0e-5,0.002,0.0001,0.2,0.002,0.1,0.002,0.01,0.0065340160348904604,0.5134068258839305,0.692317365019605,1.1255599289620668
Cond00831,10.0,0.2,0.01,2.0,0.002,0.002,0.001,0.0005,0.001,0.0,0.05,5.0e-6,200.0,0.2,0.2,0.002,0.0008,0.2,0.2,123.0,0.02,77.0,0.9098777777777776,0.002,2.0,2.0,0.01,1.0,10.0,0.9310347298972926,63.45,0.01,5.0,0.2,10.0,0.2,0.002,0.0002,5.0e-5,0.002,0.0001,0.2,0.002,0.1,0.002,0.01,0.0066190783671790775,0.570146421851382,0.744630060699213,0.9515974897018111
Cond00832,10.0,0.2,0.01,2.0,0.002,0.002,0.001,0.0005,0.001,0.02,0.05,5.0e-6,200.0,0.2,0.2,0.002,0.0008,0.2,0.2,123.0,0.02,77.0,0.9248222222222222,0.002,2.0,2.0,0.01,1.0,10.0,0.9441883501350536,63.45,0.01,5.0,0.2,10.0,0.2,0.002,0.0002,5.0e-5,0.002,0.0001,0.2,0.002,0.1,0.002,0.01,0.004679727782579986,0.5516698546988964,0.7928879687086959,1.0420859336822805
Cond00833,10.0,0.2,0.01,2.0,0.002,0.002,0.001,0.0005,0.001,0.2,0.05,5.0e-6,200.0,0.2,0.2,0.002,0.0008,0.2,0.2,123.0,0.02,77.0,0.8921555555555555,0.002,2.0,2.0,0.01,1.0,10.0,0.9130107906008599,63.45,0.01,5.0,0.2,10.0,0.2,0.002,0.0002,5.0e-5,0.002,0.0001,0.2,0.002,0.1,0.002,0.01,0.0010104839437933377,0.5246767922635129,0.706697174123756,1.2096190021572166
Cond00834,10.0,0.2,0.01,2.0,0.002,0.002,0.001,0.0005,0.001,2.0,0.05,5.0e-6,200.0,0.2,0.2,0.002,0.0008,0.2,0.2,123.0,0.02,77.0,0.8675444444444441,0.002,2.0,2.0,0.01,1.0,10.0,0.9206821419359849,63.45,0.01,5.0,0.2,10.0,0.2,0.002,0.0002,5.0e-5,0.002,0.0001,0.2,0.002,0.1,0.002,0.01,0.0003430907595112324,0.4430677947083515,0.5632507730530948,1.3956460472316503
Cond00835,10.0,0.2,0.01,2.0,0.002,0.002,0.001,0.0005,0.001,0.002,0.05,5.0e-6,200.0,0.0,0.2,0.002,0.0008,0.2,0.2,123.0,0.02,77.0,0.8872111111111115,0.002,2.0,2.0,0.01,1.0,10.0,0.9057537780470645,63.45,0.01,5.0,0.2,10.0,0.2,0.002,0.0002,5.0e-5,0.002,0.0001,0.2,0.002,0.1,0.002,0.01,0.0025943383459742877,0.5118732117160949,0.6001862898679058,1.0668163483403035
Cond00836,10.0,0.2,0.01,2.0,0.002,0.002,0.001,0.0005,0.001,0.002,0.05,5.0e-6,200.0,0.002,0.2,0.002,0.0008,0.2,0.2,123.0,0.02,77.0,0.9091944444444446,0.002,2.0,2.0,0.01,1.0,10.0,0.9256159671751182,63.45,0.01,5.0,0.2,10.0,0.2,0.002,0.0002,5.0e-5,0.002,0.0001,0.2,0.002,0.1,0.002,0.01,0.002525809143994906,0.5356947424650328,0.5938416127752761,0.9941208432592928
Cond00837,10.0,0.2,0.01,2.0,0.002,0.002,0.001,0.0005,0.001,0.002,0.05,5.0e-6,200.0,0.02,0.2,0.002,0.0008,0.2,0.2,123.0,0.02,77.0,0.9147111111111111,0.002,2.0,2.0,0.01,1.0,10.0,0.9237779576997149,63.45,0.01,5.0,0.2,10.0,0.2,0.002,0.0002,5.0e-5,0.002,0.0001,0.2,0.002,0.1,0.002,0.01,0.004765243127184706,0.4975082190031616,0.5970342097403949,1.1499732763956696
Cond00838,10.0,0.2,0.01,2.0,0.002,0.002,0.001,0.0005,0.001,0.002,0.05,5.0e-6,200.0,2.0,0.2,0.002,0.0008,0.2,0.2,123.0,0.02,77.0,0.9330999999999998,0.002,2.0,2.0,0.01,1.0,10.0,0.9544240815425638,63.45,0.01,5.0,0.2,10.0,0.2,0.002,0.0002,5.0e-5,0.002,0.0001,0.2,0.002,0.1,0.002,0.01,0.00489344649116593,0.6212029957588393,0.7349551583002026,0.9254110259106361
Cond00839,10.0,0.2,0.01,2.0,0.002,0.002,0.001,0.0005,0.001,0.002,0.05,5.0e-6,200.0,0.2,0.0,0.002,0.0008,0.2,0.2,123.0,0.02,77.0,0.9296555555555551,0.002,2.0,2.0,0.01,1.0,10.0,0.9288156429978343,63.45,0.01,5.0,0.2,10.0,0.2,0.002,0.0002,5.0e-5,0.002,0.0001,0.2,0.002,0.1,0.002,0.01,0.0066871543888930365,0.5014825605134551,0.6398365940651551,1.0639176920234095
Cond00840,10.0,0.2,0.01,2.0,0.002,0.002,0.001,0.0005,0.001,0.002,0.05,5.0e-6,200.0,0.2,0.002,0.002,0.0008,0.2,0.2,123.0,0.02,77.0,0.9243222222222219,0.002,2.0,2.0,0.01,1.0,10.0,0.9242718605812171,63.45,0.01,5.0,0.2,10.0,0.2,0.002,0.0002,5.0e-5,0.002,0.0001,0.2,0.002,0.1,0.002,0.01,0.005102683311581233,0.5337842795647281,0.7485227125759039,0.983988662684424
Cond00841,10.0,0.2,0.01,2.0,0.002,0.002,0.001,0.0005,0.001,0.002,0.05,5.0e-6,200.0,0.2,0.02,0.002,0.0008,0.2,0.2,123.0,0.02,77.0,0.9357111111111112,0.002,2.0,2.0,0.01,1.0,10.0,0.9327278649627567,63.45,0.01,5.0,0.2,10.0,0.2,0.002,0.0002,5.0e-5,0.002,0.0001,0.2,0.002,0.1,0.002,0.01,0.005111938247187674,0.5626373472674098,0.7393257144097036,0.9259038730582879
Cond00842,10.0,0.2,0.01,2.0,0.002,0.002,0.001,0.0005,0.001,0.002,0.05,5.0e-6,200.0,0.2,2.0,0.002,0.0008,0.2,0.2,123.0,0.02,77.0,0.9826000000000001,0.002,2.0,2.0,0.01,1.0,10.0,0.977543713391706,63.45,0.01,5.0,0.2,10.0,0.2,0.002,0.0002,5.0e-5,0.002,0.0001,0.2,0.002,0.1,0.002,0.01,0.0062242808469438115,0.5283721735461534,0.7298854700232812,0.994941834008255
Cond00843,10.0,0.2,0.01,2.0,0.002,0.002,0.001,0.0005,0.001,0.002,0.05,5.0e-6,200.0,0.2,0.2,0.0,0.0008,0.2,0.2,123.0,0.02,77.0,0.9218777777777775,0.002,2.0,2.0,0.01,1.0,10.0,0.9278687795651196,63.45,0.01,5.0,0.2,10.0,0.2,0.002,0.0002,5.0e-5,0.002,0.0001,0.2,0.002,0.1,0.002,0.01,0.004415034329015483,0.5450714071280438,0.6179666401461188,0.957882942232477
Cond00844,10.0,0.2,0.01,2.0,0.002,0.002,0.001,0.0005,0.001,0.002,0.05,5.0e-6,200.0,0.2,0.2,0.02,0.0008,0.2,0.2,123.0,0.02,77.0,0.9818222222222219,0.002,2.0,2.0,0.01,1.0,10.0,0.9793405828963812,63.45,0.01,5.0,0.2,10.0,0.2,0.002,0.0002,5.0e-5,0.002,0.0001,0.2,0.002,0.1,0.002,0.01,0.013212004547763417,0.5785102563901907,0.7225966979101703,0.7806038481580049
Cond00845,10.0,0.2,0.01,2.0,0.002,0.002,0.001,0.0005,0.001,0.002,0.05,5.0e-6,200.0,0.2,0.2,0.2,0.0008,0.2,0.2,123.0,0.02,77.0,0.9582666666666668,0.002,2.0,2.0,0.01,1.0,10.0,0.9585158164924982,63.45,0.01,5.0,0.2,10.0,0.2,0.002,0.0002,5.0e-5,0.002,0.0001,0.2,0.002,0.1,0.002,0.01,0.005094019509594476,0.5817825870622788,0.7239633793854173,0.8462876611239231
Cond00846,10.0,0.2,0.01,2.0,0.002,0.002,0.001,0.0005,0.001,0.002,0.05,5.0e-6,200.0,0.2,0.2,2.0,0.0008,0.2,0.2,123.0,0.02,77.0,0.9119333333333332,0.002,2.0,2.0,0.01,1.0,10.0,0.9274304720815629,63.45,0.01,5.0,0.2,10.0,0.2,0.002,0.0002,5.0e-5,0.002,0.0001,0.2,0.002,0.1,0.002,0.01,0.004161741340288022,0.5476476886193691,0.7043829205383809,0.9850957287364588
Cond00847,10.0,0.2,0.01,2.0,0.002,0.002,0.001,0.0005,0.001,0.002,0.05,5.0e-6,200.0,0.2,0.2,0.002,0.0008,0.0,0.2,123.0,0.02,77.0,0.9247666666666667,0.002,2.0,2.0,0.01,1.0,10.0,0.9308139941486251,63.45,0.01,5.0,0.2,10.0,0.2,0.002,0.0002,5.0e-5,0.002,0.0001,0.2,0.002,0.1,0.002,0.01,0.005005351794213676,0.5782426520539112,0.7457336246386655,0.898362185085872
Cond00848,10.0,0.2,0.01,2.0,0.002,0.002,0.001,0.0005,0.001,0.002,0.05,5.0e-6,200.0,0.2,0.2,0.002,0.0008,0.002,0.2,123.0,0.02,77.0,0.9148222222222222,0.002,2.0,2.0,0.01,1.0,10.0,0.9336369365403843,63.45,0.01,5.0,0.2,10.0,0.2,0.002,0.0002,5.0e-5,0.002,0.0001,0.2,0.002,0.1,0.002,0.01,0.005283523123328494,0.5571584184598255,0.7397861348061322,0.9423278454600525
Cond00849,10.0,0.2,0.01,2.0,0.002,0.002,0.001,0.0005,0.001,0.002,0.05,5.0e-6,200.0,0.2,0.2,0.002,0.0008,0.02,0.2,123.0,0.02,77.0,0.9363777777777776,0.002,2.0,2.0,0.01,1.0,10.0,0.9427717110227748,63.45,0.01,5.0,0.2,10.0,0.2,0.002,0.0002,5.0e-5,0.002,0.0001,0.2,0.002,0.1,0.002,0.01,0.005091269544102552,0.6262080388722834,0.7378336434902909,0.8326658927385853
Cond00850,10.0,0.2,0.01,2.0,0.002,0.002,0.001,0.0005,0.001,0.002,0.05,5.0e-6,200.0,0.2,0.2,0.002,0.0008,2.0,0.2,123.0,0.02,77.0,0.9252111111111113,0.002,2.0,2.0,0.01,1.0,10.0,0.9395429020083657,63.45,0.01,5.0,0.2,10.0,0.2,0.002,0.0002,5.0e-5,0.002,0.0001,0.2,0.002,0.1,0.002,0.01,0.0069201727100563345,0.5707232681489273,0.7284465660444652,0.9633460902350774
Cond00851,10.0,0.2,0.01,2.0,0.002,0.002,0.001,0.0005,0.001,0.002,0.05,5.0e-6,200.0,0.2,0.2,0.002,0.0008,0.2,0.0,123.0,0.02,77.0,0.9186555555555552,0.002,2.0,2.0,0.01,1.0,10.0,0.9648897960078815,63.45,0.01,5.0,0.2,10.0,0.2,0.002,0.0002,5.0e-5,0.002,0.0001,0.2,0.002,0.1,0.002,0.01,0.0073570448970099855,0.4819691195581718,0.7364827122518169,0.8991045719812507
Cond00852,10.0,0.2,0.01,2.0,0.002,0.002,0.001,0.0005,0.001,0.002,0.05,5.0e-6,200.0,0.2,0.2,0.002,0.0008,0.2,0.002,123.0,0.02,77.0,0.9295999999999996,0.002,2.0,2.0,0.01,1.0,10.0,0.9705240950599455,63.45,0.01,5.0,0.2,10.0,0.2,0.002,0.0002,5.0e-5,0.002,0.0001,0.2,0.002,0.1,0.002,0.01,0.009609928102378705,0.44189889172230085,0.7399971989709487,1.0684219175707852
Cond00853,10.0,0.2,0.01,2.0,0.002,0.002,0.001,0.0005,0.001,0.002,0.05,5.0e-6,200.0,0.2,0.2,0.002,0.0008,0.2,0.02,123.0,0.02,77.0,0.9429333333333333,0.002,2.0,2.0,0.01,1.0,10.0,0.9799757838621349,63.45,0.01,5.0,0.2,10.0,0.2,0.002,0.0002,5.0e-5,0.002,0.0001,0.2,0.002,0.1,0.002,0.01,0.010777162284119011,0.4604223594447228,0.7385710290672822,0.988194159521941
Cond00854,10.0,0.2,0.01,2.0,0.002,0.002,0.001,0.0005,0.001,0.002,0.05,5.0e-6,200.0,0.2,0.2,0.002,0.0008,0.2,2.0,123.0,0.02,77.0,1.2554333333333332,0.002,2.0,2.0,0.01,1.0,10.0,1.3152507178083537,63.45,0.01,5.0,0.2,10.0,0.2,0.002,0.0002,5.0e-5,0.002,0.0001,0.2,0.002,0.1,0.002,0.01,0.005641840351470393,0.4844758509776867,0.7326778113377292,1.1567925420838179
Cond00855,10.0,0.2,0.01,2.0,0.002,0.002,0.001,0.0005,0.001,0.002,0.05,5.0e-6,200.0,0.2,0.2,0.002,0.0008,0.2,0.2,123.0,0.02,77.0,0.919488888888889,0.0,2.0,2.0,0.01,1.0,10.0,0.9399677091985724,63.45,0.01,5.0,0.2,10.0,0.2,0.002,0.0002,5.0e-5,0.002,0.0001,0.2,0.002,0.1,0.002,0.01,0.0056192733440859725,0.6054064799613622,0.7359345515419409,0.8220746573990076
Cond00856,10.0,0.2,0.01,2.0,0.002,0.002,0.001,0.0005,0.001,0.002,0.05,5.0e-6,200.0,0.2,0.2,0.002,0.0008,0.2,0.2,123.0,0.02,77.0,0.9193444444444445,0.02,2.0,2.0,0.01,1.0,10.0,0.9421488015143128,63.45,0.01,5.0,0.2,10.0,0.2,0.002,0.0002,5.0e-5,0.002,0.0001,0.2,0.002,0.1,0.002,0.01,0.007144831447631666,0.5638107654170026,0.7204198055238149,0.8947062161680197
Cond00857,10.0,0.2,0.01,2.0,0.002,0.002,0.001,0.0005,0.001,0.002,0.05,5.0e-6,200.0,0.2,0.2,0.002,0.0008,0.2,0.2,123.0,0.02,77.0,0.8914888888888891,0.2,2.0,2.0,0.01,1.0,10.0,0.9284122088129121,63.45,0.01,5.0,0.2,10.0,0.2,0.002,0.0002,5.0e-5,0.002,0.0001,0.2,0.002,0.1,0.002,0.01,0.0073499782464187735,7.700450139585077,0.7554364528566205,0.8036825863855195
Cond00858,10.0,0.2,0.01,2.0,0.002,0.002,0.001,0.0005,0.001,0.002,0.05,5.0e-6,200.0,0.2,0.2,0.002,0.0008,0.2,0.2,123.0,0.02,77.0,0.890766666666667,2.0,2.0,2.0,0.01,1.0,10.0,0.9404766270073954,63.45,0.01,5.0,0.2,10.0,0.2,0.002,0.0002,5.0e-5,0.002,0.0001,0.2,0.002,0.1,0.002,0.01,0.006085647144783759,0.602331630692666,0.7477895661436585,0.8998401508153927
Cond00859,10.0,0.2,0.01,2.0,0.002,0.002,0.001,0.0005,0.001,0.002,0.05,5.0e-6,200.0,0.2,0.2,0.002,0.0008,0.2,0.2,123.0,0.02,77.0,0.8251555555555554,0.002,0.0,2.0,0.01,1.0,10.0,0.856185775944158,63.45,0.01,5.0,0.2,10.0,0.2,0.002,0.0002,5.0e-5,0.002,0.0001,0.2,0.002,0.1,0.002,0.01,0.003117265448880614,0.5314836697714662,0.7160047946148506,1.0922315590646166
Cond00860,10.0,0.2,0.01,2.0,0.002,0.002,0.001,0.0005,0.001,0.002,0.05,5.0e-6,200.0,0.2,0.2,0.002,0.0008,0.2,0.2,123.0,0.02,77.0,0.8366555555555554,0.002,0.002,2.0,0.01,1.0,10.0,0.8767897521353589,63.45,0.01,5.0,0.2,10.0,0.2,0.002,0.0002,5.0e-5,0.002,0.0001,0.2,0.002,0.1,0.002,0.01,0.005516885096171343,0.500665751699006,0.7020730647496474,1.1265311042141066
Cond00861,10.0,0.2,0.01,2.0,0.002,0.002,0.001,0.0005,0.001,0.002,0.05,5.0e-6,200.0,0.2,0.2,0.002,0.0008,0.2,0.2,123.0,0.02,77.0,0.8395444444444446,0.002,0.02,2.0,0.01,1.0,10.0,0.867649933304257,63.45,0.01,5.0,0.2,10.0,0.2,0.002,0.0002,5.0e-5,0.002,0.0001,0.2,0.002,0.1,0.002,0.01,0.0042824798782314846,0.5640078496784648,0.7649763306537379,0.9777630997445743
Cond00862,10.0,0.2,0.01,2.0,0.002,0.002,0.001,0.0005,0.001,0.002,0.05,5.0e-6,200.0,0.2,0.2,0.002,0.0008,0.2,0.2,123.0,0.02,77.0,0.9427111111111112,0.002,0.2,2.0,0.01,1.0,10.0,0.9470342173481132,63.45,0.01,5.0,0.2,10.0,0.2,0.002,0.0002,5.0e-5,0.002,0.0001,0.2,0.002,0.1,0.002,0.01,0.00425807466757586,0.5902390026150135,0.6453002421237768,0.8679950336609943
Cond00863,10.0,0.2,0.01,2.0,0.002,0.002,0.001,0.0005,0.001,0.002,0.05,5.0e-6,200.0,0.2,0.2,0.002,0.0008,0.2,0.2,123.0,0.02,77.0,0.9985444444444441,0.002,2.0,0.0,0.01,1.0,10.0,1.0232302207658515,63.45,0.01,5.0,0.2,10.0,0.2,0.002,0.0002,5.0e-5,0.002,0.0001,0.2,0.002,0.1,0.002,0.01,0.0014432643108029833,0.5334705287221277,0.6413585871451302,1.1134557188356375
Cond00864,10.0,0.2,0.01,2.0,0.002,0.002,0.001,0.0005,0.001,0.002,0.05,5.0e-6,200.0,0.2,0.2,0.002,0.0008,0.2,0.2,123.0,0.02,77.0,0.9835444444444447,0.002,2.0,0.002,0.01,1.0,10.0,1.0119789710977016,63.45,0.01,5.0,0.2,10.0,0.2,0.002,0.0002,5.0e-5,0.002,0.0001,0.2,0.002,0.1,0.002,0.01,0.00576836936735536,0.4605447372133498,0.6194701995976887,1.4664930165893495
Cond00865,10.0,0.2,0.01,2.0,0.002,0.002,0.001,0.0005,0.001,0.002,0.05,5.0e-6,200.0,0.2,0.2,0.002,0.0008,0.2,0.2,123.0,0.02,77.0,1.062822222222222,0.002,2.0,0.02,0.01,1.0,10.0,1.1009472427430642,63.45,0.01,5.0,0.2,10.0,0.2,0.002,0.0002,5.0e-5,0.002,0.0001,0.2,0.002,0.1,0.002,0.01,0.007045955778852333,0.4929063726614838,0.7665232982110939,1.1581498074135235
Cond00866,10.0,0.2,0.01,2.0,0.002,0.002,0.001,0.0005,0.001,0.002,0.05,5.0e-6,200.0,0.2,0.2,0.002,0.0008,0.2,0.2,123.0,0.02,77.0,0.9194888888888888,0.002,2.0,0.2,0.01,1.0,10.0,0.9505504363396512,63.45,0.01,5.0,0.2,10.0,0.2,0.002,0.0002,5.0e-5,0.002,0.0001,0.2,0.002,0.1,0.002,0.01,0.006644726832605728,0.5269274583897651,0.7575625580559813,1.3191963314537376
Cond00867,10.0,0.2,0.01,2.0,0.002,0.002,0.001,0.0005,0.001,0.002,0.05,5.0e-6,200.0,0.2,0.2,0.002,0.0008,0.2,0.2,123.0,0.02,77.0,0.9245444444444443,0.002,2.0,2.0,0.01,1.0,10.0,0.9346664400775714,63.45,0.01,5.0,0.2,10.0,0.0,0.002,0.0002,5.0e-5,0.002,0.0001,0.2,0.002,0.1,0.002,0.01,0.006265744887447497,0.5577634477918328,0.7804580811706416,0.8975573454362384
Cond00868,10.0,0.2,0.01,2.0,0.002,0.002,0.001,0.0005,0.001,0.002,0.05,5.0e-6,200.0,0.2,0.2,0.002,0.0008,0.2,0.2,123.0,0.02,77.0,0.9369333333333331,0.002,2.0,2.0,0.01,1.0,10.0,0.9556098402597909,63.45,0.01,5.0,0.2,10.0,0.002,0.002,0.0002,5.0e-5,0.002,0.0001,0.2,0.002,0.1,0.002,0.01,0.006800573010160302,0.5564495774075806,0.7874280223027119,0.9056326858593697
Cond00869,10.0,0.2,0.01,2.0,0.002,0.002,0.001,0.0005,0.001,0.002,0.05,5.0e-6,200.0,0.2,0.2,0.002,0.0008,0.2,0.2,123.0,0.02,77.0,0.941822222222222,0.002,2.0,2.0,0.01,1.0,10.0,0.9581596493129929,63.45,0.01,5.0,0.2,10.0,0.02,0.002,0.0002,5.0e-5,0.002,0.0001,0.2,0.002,0.1,0.002,0.01,0.005788642114725032,0.5878945657746378,0.7934213731178951,0.8383985447482795
Cond00870,10.0,0.2,0.01,2.0,0.002,0.002,0.001,0.0005,0.001,0.002,0.05,5.0e-6,200.0,0.2,0.2,0.002,0.0008,0.2,0.2,123.0,0.02,77.0,0.9129333333333334,0.002,2.0,2.0,0.01,1.0,10.0,0.9290972284422302,63.45,0.01,5.0,0.2,10.0,2.0,0.002,0.0002,5.0e-5,0.002,0.0001,0.2,0.002,0.1,0.002,0.01,0.00597814486818589,0.5783429465269302,0.7046118816003492,0.9196056259348016
Cond00871,10.0,0.2,0.01,2.0,0.002,0.002,0.001,0.0005,0.001,0.002,0.05,5.0e-6,200.0,0.2,0.2,0.002,0.0008,0.2,0.2,123.0,0.02,77.0,0.8979333333333334,0.002,2.0,2.0,0.01,1.0,10.0,0.9170678176995661,63.45,0.01,5.0,0.2,10.0,0.2,0.0,0.0002,5.0e-5,0.002,0.0001,0.2,0.002,0.1,0.002,0.01,0.0059180842149965185,0.5827639234441112,0.7568804971664029,0.9685509429690611
Cond00872,10.0,0.2,0.01,2.0,0.002,0.002,0.001,0.0005,0.001,0.002,0.05,5.0e-6,200.0,0.2,0.2,0.002,0.0008,0.2,0.2,123.0,0.02,77.0,0.9241555555555556,0.002,2.0,2.0,0.01,1.0,10.0,0.9335946101378448,63.45,0.01,5.0,0.2,10.0,0.2,0.02,0.0002,5.0e-5,0.002,0.0001,0.2,0.002,0.1,0.002,0.01,0.006476142869008153,0.5377104873715782,0.7585774119583335,1.0186205993587933
Cond00873,10.0,0.2,0.01,2.0,0.002,0.002,0.001,0.0005,0.001,0.002,0.05,5.0e-6,200.0,0.2,0.2,0.002,0.0008,0.2,0.2,123.0,0.02,77.0,0.9290444444444437,0.002,2.0,2.0,0.01,1.0,10.0,0.9347864096721654,63.45,0.01,5.0,0.2,10.0,0.2,0.2,0.0002,5.0e-5,0.002,0.0001,0.2,0.002,0.1,0.002,0.01,0.0037879907616814768,0.5812917814296804,0.8394742560994194,1.039766068645134
Cond00874,10.0,0.2,0.01,2.0,0.002,0.002,0.001,0.0005,0.001,0.002,0.05,5.0e-6,200.0,0.2,0.2,0.002,0.0008,0.2,0.2,123.0,0.02,77.0,1.2082666666666666,0.002,2.0,2.0,0.01,1.0,10.0,1.2489626229222504,63.45,0.01,5.0,0.2,10.0,0.2,2.0,0.0002,5.0e-5,0.002,0.0001,0.2,0.002,0.1,0.002,0.01,0.003701832823150168,0.5085111425520041,0.8530680640960742,1.258028081055194
Cond00875,10.0,0.2,0.01,2.0,0.002,0.002,0.001,0.0005,0.001,0.002,0.05,5.0e-6,200.0,0.2,0.2,0.002,0.0008,0.2,0.2,123.0,0.02,77.0,0.9023222222222221,0.002,2.0,2.0,0.01,1.0,10.0,0.9237705975884116,63.45,0.01,5.0,0.2,10.0,0.2,0.002,0.0002,5.0e-5,0.0,0.0001,0.2,0.002,0.1,0.002,0.01,0.003390883357956962,0.67794718207031,0.7667744241013186,0.7052703473239202
Cond00876,10.0,0.2,0.01,2.0,0.002,0.002,0.001,0.0005,0.001,0.002,0.05,5.0e-6,200.0,0.2,0.2,0.002,0.0008,0.2,0.2,123.0,0.02,77.0,0.926266666666667,0.002,2.0,2.0,0.01,1.0,10.0,0.9408215410899887,63.45,0.01,5.0,0.2,10.0,0.2,0.002,0.0002,5.0e-5,0.02,0.0001,0.2,0.002,0.1,0.002,0.01,0.006700154119094328,0.5768616374806914,0.7646810796906949,0.8975954718122541
Cond00877,10.0,0.2,0.01,2.0,0.002,0.002,0.001,0.0005,0.001,0.002,0.05,5.0e-6,200.0,0.2,0.2,0.002,0.0008,0.2,0.2,123.0,0.02,77.0,0.9443777777777778,0.002,2.0,2.0,0.01,1.0,10.0,0.9604538206655145,63.45,0.01,5.0,0.2,10.0,0.2,0.002,0.0002,5.0e-5,0.2,0.0001,0.2,0.002,0.1,0.002,0.01,0.007507835188537624,0.613741344936405,0.7402139394478087,0.7898494521574383
Cond00878,10.0,0.2,0.01,2.0,0.002,0.002,0.001,0.0005,0.001,0.002,0.05,5.0e-6,200.0,0.2,0.2,0.002,0.0008,0.2,0.2,123.0,0.02,77.0,0.9287666666666669,0.002,2.0,2.0,0.01,1.0,10.0,0.9578846202261398,63.45,0.01,5.0,0.2,10.0,0.2,0.002,0.0002,5.0e-5,2.0,0.0001,0.2,0.002,0.1,0.002,0.01,0.007212025370368435,0.5885754870282015,0.8332465935188903,0.8990574648568703
Cond00879,10.0,0.2,0.01,2.0,0.002,0.002,0.001,0.0005,0.001,0.002,0.05,5.0e-6,200.0,0.2,0.2,0.002,0.0008,0.2,0.2,123.0,0.02,77.0,0.9071555555555556,0.002,2.0,2.0,0.01,1.0,10.0,0.9170839148415032,63.45,0.01,5.0,0.2,10.0,0.2,0.002,0.0002,5.0e-5,0.002,0.0001,0.0,0.002,0.1,0.002,0.01,0.003769707857139867,0.548755614281394,0.7060971385737975,0.981668490213844
Cond00880,10.0,0.2,0.01,2.0,0.002,0.002,0.001,0.0005,0.001,0.002,0.05,5.0e-6,200.0,0.2,0.2,0.002,0.0008,0.2,0.2,123.0,0.02,77.0,0.9139333333333339,0.002,2.0,2.0,0.01,1.0,10.0,0.9238702064964703,63.45,0.01,5.0,0.2,10.0,0.2,0.002,0.0002,5.0e-5,0.002,0.0001,0.002,0.002,0.1,0.002,0.01,0.004086839336899135,0.6129999379683203,0.7239963059269283,0.8491658468866761
Cond00881,10.0,0.2,0.01,2.0,0.002,0.002,0.001,0.0005,0.001,0.002,0.05,5.0e-6,200.0,0.2,0.2,0.002,0.0008,0.2,0.2,123.0,0.02,77.0,0.9089888888888891,0.002,2.0,2.0,0.01,1.0,10.0,0.9274401050069988,63.45,0.01,5.0,0.2,10.0,0.2,0.002,0.0002,5.0e-5,0.002,0.0001,0.02,0.002,0.1,0.002,0.01,0.00621760659781613,0.5465011052793842,0.7349512923676385,0.9911639760966126
Cond00882,10.0,0.2,0.01,2.0,0.002,0.002,0.001,0.0005,0.001,0.002,0.05,5.0e-6,200.0,0.2,0.2,0.002,0.0008,0.2,0.2,123.0,0.02,77.0,0.969988888888889,0.002,2.0,2.0,0.01,1.0,10.0,0.9994681378322576,63.45,0.01,5.0,0.2,10.0,0.2,0.002,0.0002,5.0e-5,0.002,0.0001,2.0,0.002,0.1,0.002,0.01,0.004937205495922591,0.534092565419326,0.7173457078349856,1.144222996554885
Cond00883,10.0,0.2,0.01,2.0,0.002,0.002,0.001,0.0005,0.001,0.002,0.05,5.0e-6,200.0,0.2,0.2,0.002,0.0008,0.2,0.2,123.0,0.02,77.0,0.9187666666666667,0.002,2.0,2.0,0.01,1.0,10.0,0.9275692852522278,63.45,0.01,5.0,0.2,10.0,0.2,0.002,0.0002,5.0e-5,0.002,0.0001,0.2,0.0,0.1,0.002,0.01,0.004531120892349276,0.5505942775848399,0.7526701626682425,0.9652199953978301
Cond00884,10.0,0.2,0.01,2.0,0.002,0.002,0.001,0.0005,0.001,0.002,0.05,5.0e-6,200.0,0.2,0.2,0.002,0.0008,0.2,0.2,123.0,0.02,77.0,0.947488888888889,0.002,2.0,2.0,0.01,1.0,10.0,0.962045064942409,63.45,0.01,5.0,0.2,10.0,0.2,0.002,0.0002,5.0e-5,0.002,0.0001,0.2,0.02,0.1,0.002,0.01,0.007083823467259851,0.5484463369773258,0.7862054733925806,0.9010518960050844
Cond00885,10.0,0.2,0.01,2.0,0.002,0.002,0.001,0.0005,0.001,0.002,0.05,5.0e-6,200.0,0.2,0.2,0.002,0.0008,0.2,0.2,123.0,0.02,77.0,0.9582111111111112,0.002,2.0,2.0,0.01,1.0,10.0,0.9784016405039417,63.45,0.01,5.0,0.2,10.0,0.2,0.002,0.0002,5.0e-5,0.002,0.0001,0.2,0.2,0.1,0.002,0.01,0.006965458184599484,0.544476913562652,0.7938753386988588,0.9120148997872316
Cond00886,10.0,0.2,0.01,2.0,0.002,0.002,0.001,0.0005,0.001,0.002,0.05,5.0e-6,200.0,0.2,0.2,0.002,0.0008,0.2,0.2,123.0,0.02,77.0,0.976933333333333,0.002,2.0,2.0,0.01,1.0,10.0,0.9984160726110862,63.45,0.01,5.0,0.2,10.0,0.2,0.002,0.0002,5.0e-5,0.002,0.0001,0.2,2.0,0.1,0.002,0.01,0.00721663701318142,0.5402564842976991,0.7484882223814815,0.9109438450360143
Cond00887,10.0,0.2,0.01,2.0,0.002,0.002,0.001,0.0005,0.001,0.002,0.05,5.0e-6,200.0,0.2,0.2,0.002,0.0008,0.2,0.2,123.0,0.02,77.0,0.8945444444444445,0.002,2.0,2.0,0.01,1.0,10.0,0.917882701735913,63.45,0.01,5.0,0.2,10.0,0.2,0.002,0.0002,5.0e-5,0.002,0.0001,0.2,0.002,0.0,0.002,0.01,0.007126505762334898,0.5597739536884634,0.734264711977581,0.9299762161445853
Cond00888,10.0,0.2,0.01,2.0,0.002,0.002,0.001,0.0005,0.001,0.002,0.05,5.0e-6,200.0,0.2,0.2,0.002,0.0008,0.2,0.2,123.0,0.02,77.0,0.9061555555555558,0.002,2.0,2.0,0.01,1.0,10.0,0.9191330432497655,63.45,0.01,5.0,0.2,10.0,0.2,0.002,0.0002,5.0e-5,0.002,0.0001,0.2,0.002,0.001,0.002,0.01,0.005874427682142334,0.5770651109244821,0.7328863027904716,0.9096571311953545
Cond00889,10.0,0.2,0.01,2.0,0.002,0.002,0.001,0.0005,0.001,0.002,0.05,5.0e-6,200.0,0.2,0.2,0.002,0.0008,0.2,0.2,123.0,0.02,77.0,0.9146555555555553,0.002,2.0,2.0,0.01,1.0,10.0,0.9349855463352613,63.45,0.01,5.0,0.2,10.0,0.2,0.002,0.0002,5.0e-5,0.002,0.0001,0.2,0.002,0.01,0.002,0.01,0.007980396740979445,0.517213025232125,0.7434923152715538,1.0045206860102582
Cond00890,10.0,0.2,0.01,2.0,0.002,0.002,0.001,0.0005,0.001,0.002,0.05,5.0e-6,200.0,0.2,0.2,0.002,0.0008,0.2,0.2,123.0,0.02,77.0,0.9287666666666663,0.002,2.0,2.0,0.01,1.0,10.0,0.9449552550355205,63.45,0.01,5.0,0.2,10.0,0.2,0.002,0.0002,5.0e-5,0.002,0.0001,0.2,0.002,0.805,0.002,0.01,0.006628991736292627,0.5585455056186837,0.7420963239381462,0.917493104731871
Cond00891,10.0,0.2,0.01,2.0,0.002,0.002,0.001,0.0005,0.001,0.002,0.05,5.0e-6,200.0,0.2,0.2,0.002,0.0008,0.2,0.2,123.0,0.02,77.0,0.9100999999999999,0.002,2.0,2.0,0.01,1.0,10.0,0.9206097094683362,63.45,0.01,5.0,0.2,10.0,0.2,0.002,0.0002,5.0e-5,0.002,0.0001,0.2,0.002,0.1,0.0,0.01,0.0075399388487796025,0.5230324148186907,0.7547152307636753,1.02568339532788
Cond00892,10.0,0.2,0.01,2.0,0.002,0.002,0.001,0.0005,0.001,0.002,0.05,5.0e-6,200.0,0.2,0.2,0.002,0.0008,0.2,0.2,123.0,0.02,77.0,0.9242666666666667,0.002,2.0,2.0,0.01,1.0,10.0,0.9395251816678015,63.45,0.01,5.0,0.2,10.0,0.2,0.002,0.0002,5.0e-5,0.002,0.0001,0.2,0.002,0.1,0.02,0.01,0.00706595599229813,0.5872576569852345,0.7656969053591378,0.8706442708008186
Cond00893,10.0,0.2,0.01,2.0,0.002,0.002,0.001,0.0005,0.001,0.002,0.05,5.0e-6,200.0,0.2,0.2,0.002,0.0008,0.2,0.2,123.0,0.02,77.0,0.9154888888888889,0.002,2.0,2.0,0.01,1.0,10.0,0.941066475262207,63.45,0.01,5.0,0.2,10.0,0.2,0.002,0.0002,5.0e-5,0.002,0.0001,0.2,0.002,0.1,0.2,0.01,0.0038832834396769645,0.5545867936415596,0.7123630624511781,1.0250835126785411
Cond00894,10.0,0.2,0.01,2.0,0.002,0.002,0.001,0.0005,0.001,0.002,0.05,5.0e-6,200.0,0.2,0.2,0.002,0.0008,0.2,0.2,123.0,0.02,77.0,0.8420444444444444,0.002,2.0,2.0,0.01,1.0,10.0,0.868408250182053,63.45,0.01,5.0,0.2,10.0,0.2,0.002,0.0002,5.0e-5,0.002,0.0001,0.2,0.002,0.1,2.0,0.01,0.0071509357411451225,0.5723433902850257,0.7510556256279544,1.0476270929708027
Cond00895,10.0,0.2,0.01,2.0,0.002,0.002,0.001,0.0005,0.001,0.002,0.05,5.0e-6,200.0,0.2,0.2,0.002,0.0008,0.2,0.2,123.0,0.0,77.0,0.9104333333333336,0.002,2.0,2.0,0.01,1.0,10.0,0.9273744781563528,63.45,0.01,5.0,0.2,10.0,0.2,0.002,0.0002,5.0e-5,0.002,0.0001,0.2,0.002,0.1,0.002,0.01,0.0064505180441429754,0.5873830037585226,0.744972594000203,0.8808825745273312
Cond00896,10.0,0.2,0.01,2.0,0.002,0.002,0.001,0.0005,0.001,0.002,0.05,5.0e-6,200.0,0.2,0.2,0.002,0.0008,0.2,0.2,123.0,0.2,77.0,0.9100444444444443,0.002,2.0,2.0,0.01,1.0,10.0,0.9297678004248799,63.45,0.01,5.0,0.2,10.0,0.2,0.002,0.0002,5.0e-5,0.002,0.0001,0.2,0.002,0.1,0.002,0.01,0.005621061164518172,0.598218391676191,0.7492486928076135,0.8623455843056331
Cond00897,10.0,0.2,0.01,2.0,0.002,0.002,0.001,0.0005,0.001,0.002,0.05,5.0e-6,200.0,0.2,0.2,0.002,0.0008,0.2,0.2,123.0,2.0,77.0,0.927988888888889,0.002,2.0,2.0,0.01,1.0,10.0,0.947111294301529,63.45,0.01,5.0,0.2,10.0,0.2,0.002,0.0002,5.0e-5,0.002,0.0001,0.2,0.002,0.1,0.002,0.01,0.0061242694684624215,0.5848011299304638,0.7247592321222763,0.9050845822962853
Cond00898,10.0,0.2,0.01,2.0,0.002,0.002,0.001,0.0005,0.001,0.002,0.05,5.0e-6,200.0,0.2,0.2,0.002,0.0008,0.2,0.2,123.0,20.0,77.0,0.9215999999999998,0.002,2.0,2.0,0.01,1.0,10.0,0.9512621927528772,63.45,0.01,5.0,0.2,10.0,0.2,0.002,0.0002,5.0e-5,0.002,0.0001,0.2,0.002,0.1,0.002,0.01,0.006613160168305379,0.6262652312207253,0.7120052968443573,0.8832463330496696
Cond00899,10.0,0.2,0.01,2.0,0.002,0.002,0.001,0.0005,0.001,0.002,0.05,5.0e-6,200.0,0.2,0.2,0.002,0.0008,0.2,0.2,123.0,0.02,77.0,0.916711111111111,0.002,2.0,2.0,0.01,1.0,10.0,0.9256564585104733,63.45,0.01,5.0,0.2,0.0,0.2,0.002,0.0002,5.0e-5,0.002,0.0001,0.2,0.002,0.1,0.002,0.01,0.006908284133938774,0.5833242404982164,0.769031384365164,0.9085455473076968
Cond00900,10.0,0.2,0.01,2.0,0.002,0.002,0.001,0.0005,0.001,0.002,0.05,5.0e-6,200.0,0.2,0.2,0.002,0.0008,0.2,0.2,123.0,0.02,77.0,0.9289333333333332,0.002,2.0,2.0,0.01,1.0,10.0,0.9384589867804487,63.45,0.01,5.0,0.2,0.01,0.2,0.002,0.0002,5.0e-5,0.002,0.0001,0.2,0.002,0.1,0.002,0.01,0.007410873296564293,0.5909652181705678,0.7708568219307739,0.8676177473155567
Cond00901,10.0,0.2,0.01,2.0,0.002,0.002,0.001,0.0005,0.001,0.002,0.05,5.0e-6,200.0,0.2,0.2,0.002,0.0008,0.2,0.2,123.0,0.02,77.0,0.9336555555555557,0.002,2.0,2.0,0.01,1.0,10.0,0.939124817640675,63.45,0.01,5.0,0.2,0.1,0.2,0.002,0.0002,5.0e-5,0.002,0.0001,0.2,0.002,0.1,0.002,0.01,0.006030363916724353,0.5759697476315514,0.734273866612814,0.8491542156272425
Cond00902,10.0,0.2,0.01,2.0,0.002,0.002,0.001,0.0005,0.001,0.002,0.05,5.0e-6,200.0,0.2,0.2,0.002,0.0008,0.2,0.2,123.0,0.02,77.0,0.9353222222222219,0.002,2.0,2.0,0.01,1.0,10.0,0.9408451219766962,63.45,0.01,5.0,0.2,1.0,0.2,0.002,0.0002,5.0e-5,0.002,0.0001,0.2,0.002,0.1,0.002,0.01,0.007291336403734725,0.5560713302845579,0.7754622704210623,0.9397102873840608
Cond00903,10.0,0.2,0.01,2.0,0.002,0.002,0.001,0.0005,0.001,0.002,0.05,5.0e-6,200.0,0.2,0.2,0.002,0.0008,0.2,0.2,123.0,0.02,77.0,0.21348888888888878,0.002,2.0,2.0,0.01,0.0002,10.0,0.28506105981837726,63.45,0.01,5.0,0.2,10.0,0.2,0.002,0.0002,5.0e-5,0.002,0.0001,0.2,0.002,0.1,0.002,0.01,0.02306760386548623,0.2451344773364479,0.7561123406269155,11.630563645416157
Cond00904,10.0,0.2,0.01,2.0,0.002,0.002,0.001,0.0005,0.001,0.002,0.05,5.0e-6,200.0,0.2,0.2,0.002,0.0008,0.2,0.2,123.0,0.02,77.0,0.40787777777777773,0.002,2.0,2.0,0.01,0.01,10.0,0.4696962341845113,63.45,0.01,5.0,0.2,10.0,0.2,0.002,0.0002,5.0e-5,0.002,0.0001,0.2,0.002,0.1,0.002,0.01,0.008441332393564965,0.4032906498639674,0.753888871309347,3.2225711953645386
Cond00905,10.0,0.2,0.01,2.0,0.002,0.002,0.001,0.0005,0.001,0.002,0.05,5.0e-6,200.0,0.2,0.2,0.002,0.0008,0.2,0.2,123.0,0.02,77.0,0.7452666666666663,0.002,2.0,2.0,0.01,0.1,10.0,0.7913777374516752,63.45,0.01,5.0,0.2,10.0,0.2,0.002,0.0002,5.0e-5,0.002,0.0001,0.2,0.002,0.1,0.002,0.01,0.004903058240213632,0.5531747821987103,0.7720757320933822,1.3891143708770448
Cond00906,10.0,0.2,0.01,2.0,0.002,0.002,0.001,0.0005,0.001,0.002,0.05,5.0e-6,200.0,0.2,0.2,0.002,0.0008,0.2,0.2,123.0,0.02,77.0,0.8965833333333332,0.002,2.0,2.0,0.01,10.0,10.0,0.9274656827435899,63.45,0.01,5.0,0.2,10.0,0.2,0.002,0.0002,5.0e-5,0.002,0.0001,0.2,0.002,0.1,0.002,0.01,0.004073119553158724,0.7083813525047564,0.7663372445627407,0.7187824022869405
Cond00907,10.0,0.2,0.01,2.0,0.002,0.002,0.001,0.0005,0.001,0.002,0.05,5.0e-6,200.0,0.2,0.2,0.002,0.0008,0.2,0.2,123.0,0.02,77.0,0.9082111111111109,0.002,2.0,2.0,0.0,1.0,10.0,0.9231451310482238,63.45,0.01,5.0,0.2,10.0,0.2,0.002,0.0002,5.0e-5,0.002,0.0001,0.2,0.002,0.1,0.002,0.01,0.005847254830756472,0.5820338820705575,0.7578769121198388,0.9575031784036364
Cond00908,10.0,0.2,0.01,2.0,0.002,0.002,0.001,0.0005,0.001,0.002,0.05,5.0e-6,200.0,0.2,0.2,0.002,0.0008,0.2,0.2,123.0,0.02,77.0,0.9091555555555553,0.002,2.0,2.0,0.1,1.0,10.0,0.9292704811613467,63.45,0.01,5.0,0.2,10.0,0.2,0.002,0.0002,5.0e-5,0.002,0.0001,0.2,0.002,0.1,0.002,0.01,0.005572453724509555,0.5635955716118786,0.7748329366062158,0.9448114059437924
Cond00909,10.0,0.2,0.01,2.0,0.002,0.002,0.001,0.0005,0.001,0.002,0.05,5.0e-6,200.0,0.2,0.2,0.002,0.0008,0.2,0.2,123.0,0.02,77.0,0.8996555555555558,0.002,2.0,2.0,1.0,1.0,10.0,0.9130888008492859,63.45,0.01,5.0,0.2,10.0,0.2,0.002,0.0002,5.0e-5,0.002,0.0001,0.2,0.002,0.1,0.002,0.01,0.0062998420466942985,0.5342008883873288,0.7706513858439556,1.0922127112709152
Cond00910,10.0,0.2,0.01,2.0,0.002,0.002,0.001,0.0005,0.001,0.002,0.05,5.0e-6,200.0,0.2,0.2,0.002,0.0008,0.2,0.2,123.0,0.02,77.0,0.8893222222222223,0.002,2.0,2.0,10.0,1.0,10.0,0.921806260441591,63.45,0.01,5.0,0.2,10.0,0.2,0.002,0.0002,5.0e-5,0.002,0.0001,0.2,0.002,0.1,0.002,0.01,0.004235800120221605,0.6403138023326428,0.7582344214952788,0.8358117322592693
Cond00911,10.0,0.2,0.01,2.0,0.002,0.002,0.0,0.0005,0.001,0.002,0.05,5.0e-6,200.0,0.2,0.2,0.002,0.0008,0.2,0.2,123.0,0.02,77.0,0.909433333333333,0.002,2.0,2.0,0.01,1.0,10.0,0.930405832480694,63.45,0.01,5.0,0.2,10.0,0.2,0.002,0.0002,5.0e-5,0.002,0.0001,0.2,0.002,0.1,0.002,0.01,0.004504986014635736,0.629915142882003,0.7548346357201581,0.8309826938685324
Cond00912,10.0,0.2,0.01,2.0,0.002,0.002,0.01,0.0005,0.001,0.002,0.05,5.0e-6,200.0,0.2,0.2,0.002,0.0008,0.2,0.2,123.0,0.02,77.0,0.9227666666666668,0.002,2.0,2.0,0.01,1.0,10.0,0.9437804152948956,63.45,0.01,5.0,0.2,10.0,0.2,0.002,0.0002,5.0e-5,0.002,0.0001,0.2,0.002,0.1,0.002,0.01,0.004948119793025102,0.5867122606671911,0.7725236394451762,0.8637132855700282
Cond00913,10.0,0.2,0.01,2.0,0.002,0.002,0.1,0.0005,0.001,0.002,0.05,5.0e-6,200.0,0.2,0.2,0.002,0.0008,0.2,0.2,123.0,0.02,77.0,0.9340444444444446,0.002,2.0,2.0,0.01,1.0,10.0,0.9511746807486657,63.45,0.01,5.0,0.2,10.0,0.2,0.002,0.0002,5.0e-5,0.002,0.0001,0.2,0.002,0.1,0.002,0.01,0.005164393920665795,0.5784427467570037,0.7662586217200582,0.9243314583115091
Cond00914,10.0,0.2,0.01,2.0,0.002,0.002,1.0,0.0005,0.001,0.002,0.05,5.0e-6,200.0,0.2,0.2,0.002,0.0008,0.2,0.2,123.0,0.02,77.0,0.9630444444444441,0.002,2.0,2.0,0.01,1.0,10.0,0.9778927029787634,63.45,0.01,5.0,0.2,10.0,0.2,0.002,0.0002,5.0e-5,0.002,0.0001,0.2,0.002,0.1,0.002,0.01,0.006879052977309128,0.5201515574990355,0.7470280637229826,1.1203427487781927
Cond00915,10.0,0.2,0.01,2.0,0.002,0.002,0.001,0.0,0.001,0.002,0.05,5.0e-6,200.0,0.2,0.2,0.002,0.0008,0.2,0.2,123.0,0.02,77.0,0.9243222222222222,0.002,2.0,2.0,0.01,1.0,10.0,0.9327581373772169,63.45,0.01,5.0,0.2,10.0,0.2,0.002,0.0002,5.0e-5,0.002,0.0001,0.2,0.002,0.1,0.002,0.01,0.006790641247697674,0.5464691773380594,0.7725524295634147,0.9681755576595796
Cond00916,10.0,0.2,0.01,2.0,0.002,0.002,0.001,0.005,0.001,0.002,0.05,5.0e-6,200.0,0.2,0.2,0.002,0.0008,0.2,0.2,123.0,0.02,77.0,0.9483777777777777,0.002,2.0,2.0,0.01,1.0,10.0,0.9615925002436396,63.45,0.01,5.0,0.2,10.0,0.2,0.002,0.0002,5.0e-5,0.002,0.0001,0.2,0.002,0.1,0.002,0.01,0.006808879330404822,0.5491581754470047,0.7564162915165629,0.9365414427651315
Cond00917,10.0,0.2,0.01,2.0,0.002,0.002,0.001,0.05,0.001,0.002,0.05,5.0e-6,200.0,0.2,0.2,0.002,0.0008,0.2,0.2,123.0,0.02,77.0,0.9522111111111111,0.002,2.0,2.0,0.01,1.0,10.0,0.9692565623561692,63.45,0.01,5.0,0.2,10.0,0.2,0.002,0.0002,5.0e-5,0.002,0.0001,0.2,0.002,0.1,0.002,0.01,0.005469184380038612,0.599142073354412,0.7836660754031824,0.8519482131828412
Cond00918,10.0,0.2,0.01,2.0,0.002,0.002,0.001,0.5,0.001,0.002,0.05,5.0e-6,200.0,0.2,0.2,0.002,0.0008,0.2,0.2,123.0,0.02,77.0,0.960988888888889,0.002,2.0,2.0,0.01,1.0,10.0,1.0048780335709324,63.45,0.01,5.0,0.2,10.0,0.2,0.002,0.0002,5.0e-5,0.002,0.0001,0.2,0.002,0.1,0.002,0.01,0.006418448117599947,0.6115420056966429,0.771168736037198,0.8581771482210886
Cond00919,10.0,0.2,0.01,2.0,0.002,0.002,0.001,0.0005,0.001,0.002,0.05,5.0e-6,200.0,0.2,0.2,0.002,0.0008,0.2,0.2,123.0,0.02,77.0,0.9424333333333335,0.002,2.0,2.0,0.01,1.0,10.0,0.941315964871639,63.45,0.01,5.0,0.0,10.0,0.2,0.002,0.0002,5.0e-5,0.002,0.0001,0.2,0.002,0.1,0.002,0.01,0.0064454329533593984,0.5548121731176465,0.7503293292036148,0.9400362514437162
Cond00920,10.0,0.2,0.01,2.0,0.002,0.002,0.001,0.0005,0.001,0.002,0.05,5.0e-6,200.0,0.2,0.2,0.002,0.0008,0.2,0.2,123.0,0.02,77.0,0.9375444444444445,0.002,2.0,2.0,0.01,1.0,10.0,0.9382880824420256,63.45,0.01,5.0,0.002,10.0,0.2,0.002,0.0002,5.0e-5,0.002,0.0001,0.2,0.002,0.1,0.002,0.01,0.008581536998269615,0.4869860502505554,0.7569475508564943,1.128688936576566
Cond00921,10.0,0.2,0.01,2.0,0.002,0.002,0.001,0.0005,0.001,0.002,0.05,5.0e-6,200.0,0.2,0.2,0.002,0.0008,0.2,0.2,123.0,0.02,77.0,0.9264888888888885,0.002,2.0,2.0,0.01,1.0,10.0,0.9347423030563243,63.45,0.01,5.0,0.02,10.0,0.2,0.002,0.0002,5.0e-5,0.002,0.0001,0.2,0.002,0.1,0.002,0.01,0.00544294500836161,0.5778746856262719,0.7703308602398802,0.9084129431640307
Cond00922,10.0,0.2,0.01,2.0,0.002,0.002,0.001,0.0005,0.001,0.002,0.05,5.0e-6,200.0,0.2,0.2,0.002,0.0008,0.2,0.2,123.0,0.02,77.0,0.9334888888888889,0.002,2.0,2.0,0.01,1.0,10.0,0.9444402974467658,63.45,0.01,5.0,2.0,10.0,0.2,0.002,0.0002,5.0e-5,0.002,0.0001,0.2,0.002,0.1,0.002,0.01,0.005622100685559664,0.5538364893915164,0.74802639132617,0.9088420071949245
Cond00923,10.0,0.2,0.01,2.0,0.002,0.002,0.001,0.0005,0.001,0.002,0.05,5.0e-6,200.0,0.2,0.2,0.002,0.0008,0.2,0.2,123.0,0.02,77.0,0.9382111111111109,0.002,2.0,2.0,0.01,1.0,10.0,0.9535214765992143,63.45,0.01,0.0,0.2,10.0,0.2,0.002,0.0002,5.0e-5,0.002,0.0001,0.2,0.002,0.1,0.002,0.01,0.005136758235825132,0.6101145575719077,0.7345896625392103,0.7927671735735999
Cond00924,10.0,0.2,0.01,2.0,0.002,0.002,0.001,0.0005,0.001,0.002,0.05,5.0e-6,200.0,0.2,0.2,0.002,0.0008,0.2,0.2,123.0,0.02,77.0,0.9324888888888889,0.002,2.0,2.0,0.01,1.0,10.0,0.9488878043774148,63.45,0.01,0.05,0.2,10.0,0.2,0.002,0.0002,5.0e-5,0.002,0.0001,0.2,0.002,0.1,0.002,0.01,0.005782395801222458,0.5932655011886893,0.7453540116360515,0.8555906626208826
Cond00925,10.0,0.2,0.01,2.0,0.002,0.002,0.001,0.0005,0.001,0.002,0.05,5.0e-6,200.0,0.2,0.2,0.002,0.0008,0.2,0.2,123.0,0.02,77.0,0.9353222222222222,0.002,2.0,2.0,0.01,1.0,10.0,0.9488266812945886,63.45,0.01,0.5,0.2,10.0,0.2,0.002,0.0002,5.0e-5,0.002,0.0001,0.2,0.002,0.1,0.002,0.01,0.005670947209167964,0.6134094048153248,0.7633885517889879,0.8170635757162198
Cond00926,10.0,0.2,0.01,2.0,0.002,0.002,0.001,0.0005,0.001,0.002,0.05,5.0e-6,200.0,0.2,0.2,0.002,0.0008,0.2,0.2,123.0,0.02,77.0,0.9160444444444441,0.002,2.0,2.0,0.01,1.0,10.0,0.9202514694800935,63.45,0.01,50.0,0.2,10.0,0.2,0.002,0.0002,5.0e-5,0.002,0.0001,0.2,0.002,0.1,0.002,0.01,0.004595365067643004,0.5037345016585063,0.6992641261521073,1.0141984080590694
Cond00927,10.0,0.2,0.01,2.0,0.002,0.002,0.001,0.0005,0.001,0.002,0.0,5.0e-6,200.0,0.2,0.2,0.002,0.0008,0.2,0.2,123.0,0.02,77.0,0.7764333333333331,0.002,2.0,2.0,0.01,1.0,10.0,0.7322897109134464,63.45,0.01,5.0,0.2,10.0,0.2,0.002,0.0002,5.0e-5,0.002,0.0001,0.2,0.002,0.1,0.002,0.01,0.006722906760775773,0.4956824471764382,0.736489201735318,1.0635492237425344
Cond00928,10.0,0.2,0.01,2.0,0.002,0.002,0.001,0.0005,0.001,0.002,5.0e-5,5.0e-6,200.0,0.2,0.2,0.002,0.0008,0.2,0.2,123.0,0.02,77.0,0.740711111111111,0.002,2.0,2.0,0.01,1.0,10.0,0.7486766548076998,63.45,0.01,5.0,0.2,10.0,0.2,0.002,0.0002,5.0e-5,0.002,0.0001,0.2,0.002,0.1,0.002,0.01,0.0062279778415254535,0.4857736779726086,0.7279858672200631,1.2188983383356147
Cond00929,10.0,0.2,0.01,2.0,0.002,0.002,0.001,0.0005,0.001,0.002,0.0005,5.0e-6,200.0,0.2,0.2,0.002,0.0008,0.2,0.2,123.0,0.02,77.0,0.8756555555555555,0.002,2.0,2.0,0.01,1.0,10.0,0.8861292563919284,63.45,0.01,5.0,0.2,10.0,0.2,0.002,0.0002,5.0e-5,0.002,0.0001,0.2,0.002,0.1,0.002,0.01,0.0058748368098266385,0.5086748365376295,0.7244228280710115,1.0956549485289857
Cond00930,10.0,0.2,0.01,2.0,0.002,0.002,0.001,0.0005,0.001,0.002,0.005,5.0e-6,200.0,0.2,0.2,0.002,0.0008,0.2,0.2,123.0,0.02,77.0,0.9414333333333335,0.002,2.0,2.0,0.01,1.0,10.0,0.9627472949831023,63.45,0.01,5.0,0.2,10.0,0.2,0.002,0.0002,5.0e-5,0.002,0.0001,0.2,0.002,0.1,0.002,0.01,0.006934547049686694,0.5450057802473139,0.7373010764161833,0.9474851075568682
Cond00931,10.0,0.2,0.01,2.0,0.002,0.002,0.001,0.0005,0.0,0.002,0.05,5.0e-6,200.0,0.2,0.2,0.002,0.0008,0.2,0.2,123.0,0.02,77.0,0.9166000000000002,0.002,2.0,2.0,0.01,1.0,10.0,0.9416369218212903,63.45,0.01,5.0,0.2,10.0,0.2,0.002,0.0002,5.0e-5,0.002,0.0001,0.2,0.002,0.1,0.002,0.01,0.005597531389965591,0.5765077740378162,0.7338844403058933,0.895789926519105
Cond00932,10.0,0.2,0.01,2.0,0.002,0.002,0.001,0.0005,1.0e-6,0.002,0.05,5.0e-6,200.0,0.2,0.2,0.002,0.0008,0.2,0.2,123.0,0.02,77.0,0.9263222222222223,0.002,2.0,2.0,0.01,1.0,10.0,0.9636132909560658,63.45,0.01,5.0,0.2,10.0,0.2,0.002,0.0002,5.0e-5,0.002,0.0001,0.2,0.002,0.1,0.002,0.01,0.005317948783977406,0.5818274351105939,0.7244641513897871,0.8694521499286576
Cond00933,10.0,0.2,0.01,2.0,0.002,0.002,0.001,0.0005,1.0e-5,0.002,0.05,5.0e-6,200.0,0.2,0.2,0.002,0.0008,0.2,0.2,123.0,0.02,77.0,0.9342111111111111,0.002,2.0,2.0,0.01,1.0,10.0,0.9558974469649579,63.45,0.01,5.0,0.2,10.0,0.2,0.002,0.0002,5.0e-5,0.002,0.0001,0.2,0.002,0.1,0.002,0.01,0.00597718101854809,0.5610131531210689,0.7446580465537256,0.9224183050347025
Cond00934,10.0,0.2,0.01,2.0,0.002,0.002,0.001,0.0005,0.0001,0.002,0.05,5.0e-6,200.0,0.2,0.2,0.002,0.0008,0.2,0.2,123.0,0.02,77.0,0.9490444444444448,0.002,2.0,2.0,0.01,1.0,10.0,0.9739252797900141,63.45,0.01,5.0,0.2,10.0,0.2,0.002,0.0002,5.0e-5,0.002,0.0001,0.2,0.002,0.1,0.002,0.01,0.004225119503351005,0.6575942346896568,0.7353955503567868,0.7056162424751882
Cond00935,10.0,0.2,0.01,2.0,0.002,0.002,0.001,0.0005,0.001,0.002,0.05,5.0e-6,200.0,0.2,0.2,0.002,0.0008,0.2,0.2,123.0,0.02,77.0,0.9201000000000001,0.002,2.0,2.0,0.01,1.0,10.0,0.9274610499436571,63.45,0.0,5.0,0.2,10.0,0.2,0.002,0.0002,5.0e-5,0.002,0.0001,0.2,0.002,0.1,0.002,0.01,0.004681210732671568,0.5786138151884345,0.7598542016431717,0.8923405509051676
Cond00936,10.0,0.2,0.01,2.0,0.002,0.002,0.001,0.0005,0.001,0.002,0.05,5.0e-6,200.0,0.2,0.2,0.002,0.0008,0.2,0.2,123.0,0.02,77.0,0.9193222222222226,0.002,2.0,2.0,0.01,1.0,10.0,0.9403785488267827,63.45,0.0001,5.0,0.2,10.0,0.2,0.002,0.0002,5.0e-5,0.002,0.0001,0.2,0.002,0.1,0.002,0.01,0.00500707721939319,0.5914911989626295,0.7431628818429922,0.889040634156371
Cond00937,10.0,0.2,0.01,2.0,0.002,0.002,0.001,0.0005,0.001,0.002,0.05,5.0e-6,200.0,0.2,0.2,0.002,0.0008,0.2,0.2,123.0,0.02,77.0,0.9232666666666669,0.002,2.0,2.0,0.01,1.0,10.0,0.9396005705070256,63.45,0.001,5.0,0.2,10.0,0.2,0.002,0.0002,5.0e-5,0.002,0.0001,0.2,0.002,0.1,0.002,0.01,0.0047235582114908865,0.5724315884800104,0.7569994126011015,0.8986200019977575
Cond00938,10.0,0.2,0.01,2.0,0.002,0.002,0.001,0.0005,0.001,0.002,0.05,5.0e-6,200.0,0.2,0.2,0.002,0.0008,0.2,0.2,123.0,0.02,77.0,0.9491,0.002,2.0,2.0,0.01,1.0,10.0,0.9580414522077818,63.45,0.1,5.0,0.2,10.0,0.2,0.002,0.0002,5.0e-5,0.002,0.0001,0.2,0.002,0.1,0.002,0.01,0.004052582776998994,0.6485670784482349,0.7394840099820872,0.7882962465660617
Cond00939,10.0,0.2,0.01,2.0,0.002,0.002,0.001,0.0005,0.001,0.002,0.05,5.0e-6,200.0,0.2,0.2,0.002,0.0008,0.2,0.2,123.0,0.02,77.0,0.9058222222222224,0.002,2.0,2.0,0.01,1.0,10.0,0.9295493539574752,63.45,0.01,5.0,0.2,10.0,0.2,0.002,0.0002,5.0e-5,0.002,0.0001,0.2,0.002,0.1,0.002,0.0,0.00507911533339378,0.5445236047181159,0.7539815828991601,1.015659380183501
Cond00940,10.0,0.2,0.01,2.0,0.002,0.002,0.001,0.0005,0.001,0.002,0.05,5.0e-6,200.0,0.2,0.2,0.002,0.0008,0.2,0.2,123.0,0.02,77.0,0.9209888888888893,0.002,2.0,2.0,0.01,1.0,10.0,0.9292108284394784,63.45,0.01,5.0,0.2,10.0,0.2,0.002,0.0002,5.0e-5,0.002,0.0001,0.2,0.002,0.1,0.002,1.0e-5,0.0050557736093487194,0.5632469654611749,0.749023025054926,0.9458644281466047
Cond00941,10.0,0.2,0.01,2.0,0.002,0.002,0.001,0.0005,0.001,0.002,0.05,5.0e-6,200.0,0.2,0.2,0.002,0.0008,0.2,0.2,123.0,0.02,77.0,0.8947111111111111,0.002,2.0,2.0,0.01,1.0,10.0,0.9158916107154389,63.45,0.01,5.0,0.2,10.0,0.2,0.002,0.0002,5.0e-5,0.002,0.0001,0.2,0.002,0.1,0.002,0.0001,0.005330075723574967,0.5506255103286459,0.7714751956359795,1.0215417603054813
Cond00942,10.0,0.2,0.01,2.0,0.002,0.002,0.001,0.0005,0.001,0.002,0.05,5.0e-6,200.0,0.2,0.2,0.002,0.0008,0.2,0.2,123.0,0.02,77.0,0.9229333333333332,0.002,2.0,2.0,0.01,1.0,10.0,0.9375137144629632,63.45,0.01,5.0,0.2,10.0,0.2,0.002,0.0002,5.0e-5,0.002,0.0001,0.2,0.002,0.1,0.002,0.001,0.006397008267016808,0.5220490113055295,0.7569143255507066,1.0832653977911584
Cond00943,10.0,0.2,0.01,2.0,0.002,0.002,0.001,0.0005,0.001,0.002,0.05,5.0e-6,200.0,0.2,0.2,0.002,0.0008,0.2,0.2,123.0,0.02,77.0,0.9483777777777779,0.002,2.0,2.0,0.01,1.0,10.0,0.9581469823740387,63.45,0.01,5.0,0.2,10.0,0.2,0.002,0.0002,5.0e-5,0.002,0.0,0.2,0.002,0.1,0.002,0.01,0.0060861148730573305,0.536465733950226,0.753919801317092,0.9830077782487567
Cond00944,10.0,0.2,0.01,2.0,0.002,0.002,0.001,0.0005,0.001,0.002,0.05,5.0e-6,200.0,0.2,0.2,0.002,0.0008,0.2,0.2,123.0,0.02,77.0,1.0040999999999998,0.002,2.0,2.0,0.01,1.0,10.0,1.0113544756977402,63.45,0.01,5.0,0.2,10.0,0.2,0.002,0.0002,5.0e-5,0.002,0.001,0.2,0.002,0.1,0.002,0.01,0.0058313353753413795,0.5628964241756846,0.7504945560948817,0.8876624112185347
Cond00945,10.0,0.2,0.01,2.0,0.002,0.002,0.001,0.0005,0.001,0.002,0.05,5.0e-6,200.0,0.2,0.2,0.002,0.0008,0.2,0.2,123.0,0.02,77.0,1.0253222222222218,0.002,2.0,2.0,0.01,1.0,10.0,1.0233804687382184,63.45,0.01,5.0,0.2,10.0,0.2,0.002,0.0002,5.0e-5,0.002,0.01,0.2,0.002,0.1,0.002,0.01,0.0060841538041855525,0.5496792679437661,0.7305662122062753,0.8809934257098914
Cond00946,10.0,0.2,0.01,2.0,0.002,0.002,0.001,0.0005,0.001,0.002,0.05,5.0e-6,200.0,0.2,0.2,0.002,0.0008,0.2,0.2,123.0,0.02,77.0,1.0577666666666667,0.002,2.0,2.0,0.01,1.0,10.0,1.068557159536275,63.45,0.01,5.0,0.2,10.0,0.2,0.002,0.0002,5.0e-5,0.002,0.1,0.2,0.002,0.1,0.002,0.01,0.0054580423935107905,0.6192149072637361,0.7123301389432378,0.6899123896865307
Cond00947,10.0,0.2,0.01,2.0,0.002,0.002,0.001,0.0005,0.001,0.002,0.05,5.0e-6,200.0,0.2,0.2,0.002,0.0008,0.2,0.2,123.0,0.02,77.0,0.9189888888888884,0.002,2.0,2.0,0.01,1.0,10.0,0.9332761661585679,63.45,0.01,5.0,0.2,10.0,0.2,0.002,0.0,5.0e-5,0.002,0.0001,0.2,0.002,0.1,0.002,0.01,0.005339495777320653,0.5611715862774983,0.7537806691970355,0.9798639306056197
Cond00948,10.0,0.2,0.01,2.0,0.002,0.002,0.001,0.0005,0.001,0.002,0.05,5.0e-6,200.0,0.2,0.2,0.002,0.0008,0.2,0.2,123.0,0.02,77.0,0.9416000000000001,0.002,2.0,2.0,0.01,1.0,10.0,0.9653066656473709,63.45,0.01,5.0,0.2,10.0,0.2,0.002,0.002,5.0e-5,0.002,0.0001,0.2,0.002,0.1,0.002,0.01,0.004906537473335106,0.6096121025644318,0.7580080801192407,0.8025192678131471
Cond00949,10.0,0.2,0.01,2.0,0.002,0.002,0.001,0.0005,0.001,0.002,0.05,5.0e-6,200.0,0.2,0.2,0.002,0.0008,0.2,0.2,123.0,0.02,77.0,0.9527111111111114,0.002,2.0,2.0,0.01,1.0,10.0,0.9714110174955205,63.45,0.01,5.0,0.2,10.0,0.2,0.002,0.02,5.0e-5,0.002,0.0001,0.2,0.002,0.1,0.002,0.01,0.00558534193399833,0.5871622452941478,0.760699550074032,0.8894023981820323
Cond00950,10.0,0.2,0.01,2.0,0.002,0.002,0.001,0.0005,0.001,0.002,0.05,5.0e-6,200.0,0.2,0.2,0.002,0.0008,0.2,0.2,123.0,0.02,77.0,0.9629888888888893,0.002,2.0,2.0,0.01,1.0,10.0,0.9846545795742512,63.45,0.01,5.0,0.2,10.0,0.2,0.002,0.2,5.0e-5,0.002,0.0001,0.2,0.002,0.1,0.002,0.01,0.00430257327224249,0.6228613147683078,0.7356095072757072,0.7850647656441241
Cond00951,10.0,0.2,0.01,2.0,0.002,0.002,0.001,0.0005,0.001,0.002,0.05,0.0,200.0,0.2,0.2,0.002,0.0008,0.2,0.2,123.0,0.02,77.0,0.9248222222222225,0.002,2.0,2.0,0.01,1.0,10.0,0.936130767177028,63.45,0.01,5.0,0.2,10.0,0.2,0.002,0.0002,5.0e-5,0.002,0.0001,0.2,0.002,0.1,0.002,0.01,0.005377405319679261,0.5924836088078974,0.7369972831761744,0.875497989949118
Cond00952,10.0,0.2,0.01,2.0,0.002,0.002,0.001,0.0005,0.001,0.002,0.05,5.0e-5,200.0,0.2,0.2,0.002,0.0008,0.2,0.2,123.0,0.02,77.0,0.9252666666666669,0.002,2.0,2.0,0.01,1.0,10.0,0.9347205002143792,63.45,0.01,5.0,0.2,10.0,0.2,0.002,0.0002,5.0e-5,0.002,0.0001,0.2,0.002,0.1,0.002,0.01,0.006440070481667604,0.5500068017528119,0.7324858498635978,0.9508776378660202
Cond00953,10.0,0.2,0.01,2.0,0.002,0.002,0.001,0.0005,0.001,0.002,0.05,0.0005,200.0,0.2,0.2,0.002,0.0008,0.2,0.2,123.0,0.02,77.0,0.944044444444444,0.002,2.0,2.0,0.01,1.0,10.0,0.9495877582287454,63.45,0.01,5.0,0.2,10.0,0.2,0.002,0.0002,5.0e-5,0.002,0.0001,0.2,0.002,0.1,0.002,0.01,0.006313680814271043,0.5476970488187578,0.7501195867478215,0.9356478515213844
Cond00954,10.0,0.2,0.01,2.0,0.002,0.002,0.001,0.0005,0.001,0.002,0.05,0.005,200.0,0.2,0.2,0.002,0.0008,0.2,0.2,123.0,0.02,77.0,0.9595999999999998,0.002,2.0,2.0,0.01,1.0,10.0,0.9762853182682149,63.45,0.01,5.0,0.2,10.0,0.2,0.002,0.0002,5.0e-5,0.002,0.0001,0.2,0.002,0.1,0.002,0.01,0.006319078888067888,0.5434325688636161,0.72859418446073,0.9248387547827233
Cond00955,10.0,0.2,0.01,2.0,0.002,0.002,0.001,0.0005,0.001,0.002,0.05,5.0e-6,200.0,0.2,0.2,0.002,0.0008,0.2,0.2,123.0,0.02,77.0,0.9284888888888888,0.002,2.0,2.0,0.01,1.0,10.0,0.9388182504148398,63.45,0.01,5.0,0.2,10.0,0.2,0.002,0.0002,0.0,0.002,0.0001,0.2,0.002,0.1,0.002,0.01,0.005773024745887798,0.5813780262356019,0.7484843471739381,0.8916285395931054
Cond00956,10.0,0.2,0.01,2.0,0.002,0.002,0.001,0.0005,0.001,0.002,0.05,5.0e-6,200.0,0.2,0.2,0.002,0.0008,0.2,0.2,123.0,0.02,77.0,0.9393222222222225,0.002,2.0,2.0,0.01,1.0,10.0,0.9552139394299429,63.45,0.01,5.0,0.2,10.0,0.2,0.002,0.0002,0.0005,0.002,0.0001,0.2,0.002,0.1,0.002,0.01,0.005935800196984977,0.5982384570253898,0.7460175035031715,0.8472868239224794
Cond00957,10.0,0.2,0.01,2.0,0.002,0.002,0.001,0.0005,0.001,0.002,0.05,5.0e-6,200.0,0.2,0.2,0.002,0.0008,0.2,0.2,123.0,0.02,77.0,0.9505444444444444,0.002,2.0,2.0,0.01,1.0,10.0,0.9600214623670428,63.45,0.01,5.0,0.2,10.0,0.2,0.002,0.0002,0.005,0.002,0.0001,0.2,0.002,0.1,0.002,0.01,0.006438874933840136,0.5532248155456622,0.7384332858534395,0.9465818688266032
Cond00958,10.0,0.2,0.01,2.0,0.002,0.002,0.001,0.0005,0.001,0.002,0.05,5.0e-6,200.0,0.2,0.2,0.002,0.0008,0.2,0.2,123.0,0.02,77.0,0.9598222222222224,0.002,2.0,2.0,0.01,1.0,10.0,0.9677172691398225,63.45,0.01,5.0,0.2,10.0,0.2,0.002,0.0002,0.05,0.002,0.0001,0.2,0.002,0.1,0.002,0.01,0.004304903368792963,0.6109920016507803,0.732205597400945,0.8281281868151278
Cond00959,10.0,0.2,0.01,2.0,0.002,0.002,0.001,0.0005,0.001,0.002,0.05,5.0e-6,200.0,0.2,0.2,0.002,0.0,0.2,0.2,123.0,0.02,77.0,0.9152111111111112,0.002,2.0,2.0,0.01,1.0,10.0,0.9230298579437393,63.45,0.01,5.0,0.2,10.0,0.2,0.002,0.0002,5.0e-5,0.002,0.0001,0.2,0.002,0.1,0.002,0.01,0.006894493618478894,0.5211535378334581,0.7608417748745897,1.1142974023301724
Cond00960,10.0,0.2,0.01,2.0,0.002,0.002,0.001,0.0005,0.001,0.002,0.05,5.0e-6,200.0,0.2,0.2,0.002,0.008,0.2,0.2,123.0,0.02,77.0,0.9313777777777776,0.002,2.0,2.0,0.01,1.0,10.0,0.9434912205685725,63.45,0.01,5.0,0.2,10.0,0.2,0.002,0.0002,5.0e-5,0.002,0.0001,0.2,0.002,0.1,0.002,0.01,0.007912058610194528,0.5701479758432361,0.7588879432623137,0.9753404151141444
Cond00961,10.0,0.2,0.01,2.0,0.002,0.002,0.001,0.0005,0.001,0.002,0.05,5.0e-6,200.0,0.2,0.2,0.002,0.08,0.2,0.2,123.0,0.02,77.0,0.9482666666666665,0.002,2.0,2.0,0.01,1.0,10.0,0.9569601271508851,63.45,0.01,5.0,0.2,10.0,0.2,0.002,0.0002,5.0e-5,0.002,0.0001,0.2,0.002,0.1,0.002,0.01,0.006636054520518201,0.5454541849502601,0.7478345231997631,0.9788272046186314
Cond00962,10.0,0.2,0.01,2.0,0.002,0.002,0.001,0.0005,0.001,0.002,0.05,5.0e-6,200.0,0.2,0.2,0.002,0.8,0.2,0.2,123.0,0.02,77.0,0.9232111111111111,0.002,2.0,2.0,0.01,1.0,10.0,0.9435433110117563,63.45,0.01,5.0,0.2,10.0,0.2,0.002,0.0002,5.0e-5,0.002,0.0001,0.2,0.002,0.1,0.002,0.01,0.003919715092499592,0.6184276090231461,0.7161174656864184,0.814875385746907
Cond00963,10.0,0.2,0.0,2.0,0.002,0.002,0.001,0.0005,0.001,0.002,0.05,5.0e-6,200.0,0.2,0.2,0.002,0.0008,0.2,0.2,123.0,0.02,77.0,0.9064333333333331,0.002,2.0,2.0,0.01,1.0,10.0,0.9219649720587451,63.45,0.01,5.0,0.2,10.0,0.2,0.002,0.0002,5.0e-5,0.002,0.0001,0.2,0.002,0.1,0.002,0.01,0.0054681555851331075,0.5926345022504194,0.7459655246353059,0.8720117475867414
Cond00964,10.0,0.2,0.0001,2.0,0.002,0.002,0.001,0.0005,0.001,0.002,0.05,5.0e-6,200.0,0.2,0.2,0.002,0.0008,0.2,0.2,123.0,0.02,77.0,0.9188222222222221,0.002,2.0,2.0,0.01,1.0,10.0,0.9358315097514528,63.45,0.01,5.0,0.2,10.0,0.2,0.002,0.0002,5.0e-5,0.002,0.0001,0.2,0.002,0.1,0.002,0.01,0.0066616690736781645,0.559784303261395,0.736680797447935,0.9667895623061367
Cond00965,10.0,0.2,0.001,2.0,0.002,0.002,0.001,0.0005,0.001,0.002,0.05,5.0e-6,200.0,0.2,0.2,0.002,0.0008,0.2,0.2,123.0,0.02,77.0,0.9353777777777782,0.002,2.0,2.0,0.01,1.0,10.0,0.943876867231086,63.45,0.01,5.0,0.2,10.0,0.2,0.002,0.0002,5.0e-5,0.002,0.0001,0.2,0.002,0.1,0.002,0.01,0.005671722904780813,0.5971901128419916,0.7331683056595409,0.9163933440018085
Cond00966,10.0,0.2,0.1,2.0,0.002,0.002,0.001,0.0005,0.001,0.002,0.05,5.0e-6,200.0,0.2,0.2,0.002,0.0008,0.2,0.2,123.0,0.02,77.0,0.9726555555555559,0.002,2.0,2.0,0.01,1.0,10.0,0.9957347378696793,63.45,0.01,5.0,0.2,10.0,0.2,0.002,0.0002,5.0e-5,0.002,0.0001,0.2,0.002,0.1,0.002,0.01,0.005071611244591915,0.567257823217967,0.7280501119200817,0.889018110285961
Cond00967,10.0,0.0,0.0,0.0,0.0,0.0,0.0,0.0,0.0,0.0,0.0,0.0,0.02,0.0,0.0,0.0,0.0,0.0,0.0,61.5,0.0,22.0,0.08128611111111117,0.0,0.0,0.0,0.0,1.0,0.0,0.20718913869895955,0.0,0.0,0.0,0.0,0.0,0.0,0.0,0.0,0.0,0.0,0.0,0.0,0.0,0.0,0.0,0.0,0.009932166878670476,0.2068915545961757,0.5708747076690635,18.075297100067264
Cond00968,10.0,0.0,0.0,0.0,0.0,0.0,0.0,0.0,0.0,0.0,0.0,0.0,0.22,0.0,0.0,0.0,0.0,0.0,0.0,61.5,0.0,22.0,0.0942666666666667,0.0,0.0,0.0,0.0,1.0,0.0,0.19083910737038923,0.0,0.0,0.0,0.0,0.0,0.0,0.0,0.0,0.0,0.0,0.0,0.0,0.0,0.0,0.0,0.0,0.026863672622129308,0.14244571210654408,0.5348695640205664,25.156717350295292
Cond00969,10.0,0.0,0.0,0.0,0.0,0.0,0.0,0.0,0.0,0.0,0.0,0.0,2.0,0.0,0.0,0.0,0.0,0.0,0.0,61.5,0.0,22.0,0.1756555555555555,0.0,0.0,0.0,0.0,1.0,0.0,0.24546584056348714,0.0,0.0,0.0,0.0,0.0,0.0,0.0,0.0,0.0,0.0,0.0,0.0,0.0,0.0,0.0,0.0,0.016154837403889528,0.30180331751864864,0.747133582703441,11.824184937439504
Cond00970,10.0,0.0,0.0,0.0,0.0,0.0,0.0,0.0,0.0,0.0,0.0,0.0,20.0,0.0,0.0,0.0,0.0,0.0,0.0,61.5,0.0,22.0,0.2939333333333332,0.0,0.0,0.0,0.0,1.0,0.0,0.36006957272023077,0.0,0.0,0.0,0.0,0.0,0.0,0.0,0.0,0.0,0.0,0.0,0.0,0.0,0.0,0.0,0.0,0.008956630949722688,0.3563670442877589,0.7410351546687609,2.5935667346465916
Cond00971,10.0,0.0,0.0,0.0,0.0,0.0,0.0,0.0,0.0,0.0,0.0,0.0,200.0,0.0,0.0,0.0,0.0,0.0,0.0,61.5,0.0,22.0,0.33343333333333325,0.0,0.0,0.0,0.0,1.0,0.0,0.3934291434656274,0.0,0.0,0.0,0.0,0.0,0.0,0.0,0.0,0.0,0.0,0.0,0.0,0.0,0.0,0.0,0.0,0.012132593797638428,0.3536811290422039,0.7311901575982067,1.299051469969473
Cond00972,0.015,0.0,0.0,0.0,0.0,0.0,0.0,0.0,0.0,0.0,0.0,0.0,20.0,0.0,0.0,0.0,0.0,0.0,0.0,61.5,0.0,22.0,0.2174055555555555,0.0,0.0,0.0,0.0,1.0,0.0,0.2867775795755367,0.0,0.0,0.0,0.0,0.0,0.0,0.0,0.0,0.0,0.0,0.0,0.0,0.0,0.0,0.0,0.0,0.02099740419386997,0.32876921688646327,0.6908670822478049,5.578564373322473
Cond00973,0.115,0.0,0.0,0.0,0.0,0.0,0.0,0.0,0.0,0.0,0.0,0.0,20.0,0.0,0.0,0.0,0.0,0.0,0.0,61.5,0.0,22.0,0.25529444444444455,0.0,0.0,0.0,0.0,1.0,0.0,0.30355762035533274,0.0,0.0,0.0,0.0,0.0,0.0,0.0,0.0,0.0,0.0,0.0,0.0,0.0,0.0,0.0,0.0,0.012420042949481324,0.3224010437650275,0.7718830158882155,11.436572957761847
Cond00974,1.0,0.0,0.0,0.0,0.0,0.0,0.0,0.0,0.0,0.0,0.0,0.0,20.0,0.0,0.0,0.0,0.0,0.0,0.0,61.5,0.0,22.0,0.2702666666666666,0.0,0.0,0.0,0.0,1.0,0.0,0.3379981803098083,0.0,0.0,0.0,0.0,0.0,0.0,0.0,0.0,0.0,0.0,0.0,0.0,0.0,0.0,0.0,0.0,0.015249881020044468,0.3231588213780723,0.7464136981399097,4.465370067657423
Cond00975,100.0,0.0,0.0,0.0,0.0,0.0,0.0,0.0,0.0,0.0,0.0,0.0,20.0,0.0,0.0,0.0,0.0,0.0,0.0,61.5,0.0,22.0,0.3273777777777777,0.0,0.0,0.0,0.0,1.0,0.0,0.39285157722790076,0.0,0.0,0.0,0.0,0.0,0.0,0.0,0.0,0.0,0.0,0.0,0.0,0.0,0.0,0.0,0.0,0.009448865359856642,0.3408275072398055,0.7983220004646544,2.0343797252619646
Cond00976,10.0,0.2,0.01,2.0,0.002,0.002,0.001,0.0005,0.001,0.002,0.05,5.0e-6,0.02,0.2,0.2,0.002,0.0008,0.2,0.2,123.0,0.02,77.0,0.1643499999999999,0.002,2.0,2.0,0.01,1.0,10.0,0.23179731302886017,0.0,0.01,5.0,0.2,10.0,0.2,0.002,0.0002,5.0e-5,0.002,0.0001,0.2,0.002,0.1,0.002,0.01,0.04393174231199226,0.25491896635931627,0.6992962673968948,9.334887301518052
Cond00977,10.0,0.2,0.01,2.0,0.002,0.002,0.001,0.0005,0.001,0.002,0.05,5.0e-6,0.02,0.2,0.2,0.002,0.0008,0.2,0.2,123.0,0.02,77.0,0.16345694444444472,0.002,2.0,2.0,0.01,1.0,10.0,0.2338056661426766,21.15,0.01,5.0,0.2,10.0,0.2,0.002,0.0002,5.0e-5,0.002,0.0001,0.2,0.002,0.1,0.002,0.01,0.053836268486391156,0.2538255839497976,0.7069638205534376,11.404514356357021
Cond00978,10.0,0.2,0.01,2.0,0.002,0.002,0.001,0.0005,0.001,0.002,0.05,5.0e-6,0.02,0.2,0.2,0.002,0.0008,0.2,0.2,123.0,0.02,77.0,0.15057222222222222,0.002,2.0,2.0,0.01,1.0,10.0,0.22566228960861803,42.3,0.01,5.0,0.2,10.0,0.2,0.002,0.0002,5.0e-5,0.002,0.0001,0.2,0.002,0.1,0.002,0.01,0.038440379565897305,0.23337590071939995,0.7127705132383007,15.60886663809351
Cond00979,10.0,0.2,0.01,2.0,0.002,0.002,0.001,0.0005,0.001,0.002,0.05,5.0e-6,0.02,0.2,0.2,0.002,0.0008,0.2,0.2,123.0,0.02,77.0,0.14843333333333333,0.002,2.0,2.0,0.01,1.0,10.0,0.22676982477927377,63.45,0.01,5.0,0.2,10.0,0.2,0.002,0.0002,5.0e-5,0.002,0.0001,0.2,0.002,0.1,0.002,0.01,0.026869444683008822,0.27973613921736606,0.7075576069114845,12.196133980001335
Cond00980,10.0,0.2,0.01,2.0,0.002,0.002,0.001,0.0005,0.001,0.002,0.05,5.0e-6,0.02,0.2,0.2,0.002,0.0008,0.2,0.2,123.0,0.02,77.0,0.13437777777777773,0.002,2.0,2.0,0.01,1.0,10.0,0.21097910330825975,84.6,0.01,5.0,0.2,10.0,0.2,0.002,0.0002,5.0e-5,0.002,0.0001,0.2,0.002,0.1,0.002,0.01,0.036473213445068084,0.19059791490007352,0.6704190064220454,20.149202686460626
Cond00981,10.0,0.2,0.01,2.0,0.002,0.002,0.001,0.0005,0.001,0.002,0.05,5.0e-6,0.22,0.2,0.2,0.002,0.0008,0.2,0.2,123.0,0.02,77.0,0.2350166666666666,0.002,2.0,2.0,0.01,1.0,10.0,0.305462096010119,21.15,0.01,5.0,0.2,10.0,0.2,0.002,0.0002,5.0e-5,0.002,0.0001,0.2,0.002,0.1,0.002,0.01,0.044175396979560265,0.4032645417541063,0.8934036812858872,3.809752602031674
Cond00982,10.0,0.2,0.01,2.0,0.002,0.002,0.001,0.0005,0.001,0.002,0.05,5.0e-6,2.0,0.2,0.2,0.002,0.0008,0.2,0.2,123.0,0.02,77.0,0.3656277777777781,0.002,2.0,2.0,0.01,1.0,10.0,0.4203777166370192,21.15,0.01,5.0,0.2,10.0,0.2,0.002,0.0002,5.0e-5,0.002,0.0001,0.2,0.002,0.1,0.002,0.01,0.09658775740397194,0.48216370007387865,0.9324486257709553,2.4062074104042357
Cond00983,10.0,0.2,0.01,2.0,0.002,0.002,0.001,0.0005,0.001,0.002,0.05,5.0e-6,20.0,0.2,0.2,0.002,0.0008,0.2,0.2,123.0,0.02,77.0,1.0988777777777778,0.002,2.0,2.0,0.01,1.0,10.0,1.1268992305247332,21.15,0.01,5.0,0.2,10.0,0.2,0.002,0.0002,5.0e-5,0.002,0.0001,0.2,0.002,0.1,0.002,0.01,0.010666219653224332,0.6789763671507221,0.9122866286636755,0.9400057330109826
Cond00984,10.0,0.2,0.01,2.0,0.002,0.002,0.001,0.0005,0.001,0.002,0.05,5.0e-6,200.0,0.2,0.2,0.002,0.0008,0.2,0.2,123.0,0.02,77.0,0.8980444444444446,0.002,2.0,2.0,0.01,1.0,10.0,0.9335953819112692,21.15,0.01,5.0,0.2,10.0,0.2,0.002,0.0002,5.0e-5,0.002,0.0001,0.2,0.002,0.1,0.002,0.01,0.008047096997888985,0.6250817200521213,0.8009427801583923,0.8915157650128887
Cond00985,0.015,0.2,0.01,2.0,0.002,0.002,0.001,0.0005,0.001,0.002,0.05,5.0e-6,200.0,0.2,0.2,0.002,0.0008,0.2,0.2,123.0,0.02,77.0,1.248947222222225,0.002,2.0,2.0,0.01,1.0,0.1,1.3109527833918038,63.45,0.01,5.0,0.2,10.0,0.2,0.002,0.0002,5.0e-5,0.002,0.0001,0.2,0.002,0.1,0.002,0.01,0.01978530806204698,0.3923250079193375,0.7418337300049314,0.791528100256484
Cond00986,0.115,0.2,0.01,2.0,0.002,0.002,0.001,0.0005,0.001,0.002,0.05,5.0e-6,200.0,0.2,0.2,0.002,0.0008,0.2,0.2,123.0,0.02,77.0,1.3039611111111116,0.002,2.0,2.0,0.01,1.0,0.1,1.3881884531568416,63.45,0.01,5.0,0.2,10.0,0.2,0.002,0.0002,5.0e-5,0.002,0.0001,0.2,0.002,0.1,0.002,0.01,0.023628979682660825,0.3555650753316123,0.774174305787011,0.7846263335450065
Cond00987,1.0,0.2,0.01,2.0,0.002,0.002,0.001,0.0005,0.001,0.002,0.05,5.0e-6,200.0,0.2,0.2,0.002,0.0008,0.2,0.2,123.0,0.02,77.0,1.2623777777777763,0.002,2.0,2.0,0.01,1.0,0.1,1.2494471664398492,63.45,0.01,5.0,0.2,10.0,0.2,0.002,0.0002,5.0e-5,0.002,0.0001,0.2,0.002,0.1,0.002,0.01,0.00899445061736361,0.5223666077381379,0.7624466180373388,0.7272814284041271
Cond00988,10.0,0.2,0.01,2.0,0.002,0.002,0.001,0.0005,0.001,0.002,0.05,5.0e-6,200.0,0.2,0.2,0.002,0.0008,0.2,0.2,123.0,0.02,77.0,0.9940444444444443,0.002,2.0,2.0,0.01,1.0,0.1,0.9832350537984537,63.45,0.01,5.0,0.2,10.0,0.2,0.002,0.0002,5.0e-5,0.002,0.0001,0.2,0.002,0.1,0.002,0.01,0.005402408303154914,0.5831696011535138,0.7675968099306661,0.8369835673978788
Cond00989,100.0,0.2,0.01,2.0,0.002,0.002,0.001,0.0005,0.001,0.002,0.05,5.0e-6,200.0,0.2,0.2,0.002,0.0008,0.2,0.2,123.0,0.02,77.0,0.9014333333333339,0.002,2.0,2.0,0.01,1.0,0.1,0.8880662973758142,63.45,0.01,5.0,0.2,10.0,0.2,0.002,0.0002,5.0e-5,0.002,0.0001,0.2,0.002,0.1,0.002,0.01,0.0020251950895062184,0.4900139077386855,0.6251408418199088,1.1171757517875927
Cond00990,0.015,0.2,0.01,2.0,0.002,0.002,0.001,0.0005,0.001,0.002,0.05,5.0e-6,200.0,0.2,0.2,0.002,0.0008,0.2,0.2,123.0,0.02,77.0,1.2152388888888892,0.002,2.0,2.0,0.01,1.0,0.0,1.2767892811669368,63.45,0.01,5.0,0.2,10.0,0.2,0.002,0.0002,5.0e-5,0.002,0.0001,0.2,0.002,0.1,0.002,0.01,0.01611983252577614,0.4311375438956513,0.740824228274395,0.7232637018997371
Cond00991,0.015,0.2,0.01,2.0,0.002,0.002,0.001,0.0005,0.001,0.002,0.05,5.0e-6,200.0,0.2,0.2,0.002,0.0008,0.2,0.2,123.0,0.02,77.0,1.296016666666666,0.002,2.0,2.0,0.01,1.0,1.0,1.3267356476240157,63.45,0.01,5.0,0.2,10.0,0.2,0.002,0.0002,5.0e-5,0.002,0.0001,0.2,0.002,0.1,0.002,0.01,0.01253741993879384,0.4947415963815483,0.7872828777910232,0.6594451573946527
Cond00992,0.015,0.2,0.01,2.0,0.002,0.002,0.001,0.0005,0.001,0.002,0.05,5.0e-6,200.0,0.2,0.2,0.002,0.0008,0.2,0.2,123.0,0.02,77.0,0.9824611111111109,0.002,2.0,2.0,0.01,1.0,10.0,0.9879639332974466,63.45,0.01,5.0,0.2,10.0,0.2,0.002,0.0002,5.0e-5,0.002,0.0001,0.2,0.002,0.1,0.002,0.01,0.0054758493189962475,0.5832037131887403,0.7616909880826713,0.8668424928180173
Cond00993,0.015,0.2,0.01,2.0,0.002,0.002,0.001,0.0005,0.001,0.002,0.05,5.0e-6,200.0,0.2,0.2,0.002,0.0008,0.2,0.2,123.0,0.02,77.0,0.8858777777777778,0.002,2.0,2.0,0.01,1.0,100.0,0.8935054374306637,63.45,0.01,5.0,0.2,10.0,0.2,0.002,0.0002,5.0e-5,0.002,0.0001,0.2,0.002,0.1,0.002,0.01,0.002544294669262705,0.5007928172152596,0.567046807840686,1.1816560093690773
Cond00994,0.015,0.48,0.0028,0.42,0.8,0.426,0.24,0.3,0.00021,0.026,0.0105,0.00014000000000000001,42.22,0.48,0.48,0.06,0.32,0.42,1.6,73.8615,8.0,22.9185,NaN,0.48,0.38,0.38,2.0,30.0002,3.0,7.174200815110712,0.0,0.003,1.4,0.0,0.0,0.42,0.44,0.0028,0.0016,0.48,0.021,0.062,0.482,0.241,0.064,0.0019,2.905539171967839,0.29916861668001293,NaN,18.639881313500357
Cond00995,0.015,0.48,0.0028,0.42,0.8,0.426,0.24,0.3,0.00021,0.026,0.0105,0.00014000000000000001,42.22,0.48,0.48,0.06,0.32,0.42,1.6,73.8615,8.0,22.9185,NaN,0.48,0.38,0.38,2.0,30.0002,3.0,0.94613922348621,16.92,0.003,1.4,0.0,0.0,0.42,0.44,0.0028,0.0016,0.48,0.021,0.062,0.482,0.241,0.064,0.0019,0.015794065496960445,0.28455946393687415,NaN,10.58239472110585
Cond00996,0.015,0.48,0.0028,0.42,0.8,0.426,0.24,0.3,0.00021,0.026,0.0105,0.00014000000000000001,42.22,0.48,0.48,0.06,0.32,0.42,1.6,73.8615,8.0,22.9185,NaN,0.48,0.38,0.38,2.0,30.0002,3.0,4.458080452434372,33.84,0.003,1.4,0.0,0.0,0.42,0.44,0.0028,0.0016,0.48,0.021,0.062,0.482,0.241,0.064,0.0019,0.0013904944765324861,0.3567141129824686,NaN,9.872620563289727
Cond00997,0.015,0.48,0.0028,0.42,0.8,0.426,0.24,0.3,0.00021,0.026,0.0105,0.00014000000000000001,42.22,0.48,0.48,0.06,0.32,0.42,1.6,73.8615,8.0,22.9185,NaN,0.48,0.38,0.38,2.0,30.0002,3.0,4.311730263760407,50.76,0.003,1.4,0.0,0.0,0.42,0.44,0.0028,0.0016,0.48,0.021,0.062,0.482,0.241,0.064,0.0019,4.167917878134001,0.29513831537043195,NaN,12.30737241311623
Cond00998,0.015,0.48,0.0028,0.42,0.8,0.426,0.24,0.3,0.00021,0.026,0.0105,0.00014000000000000001,42.22,0.48,0.48,0.06,0.32,0.42,1.6,73.8615,8.0,22.9185,1.1241,0.48,0.38,0.38,2.0,30.0002,3.0,1.0620080258216282,67.68,0.003,1.4,0.0,0.0,0.42,0.44,0.0028,0.0016,0.48,0.021,0.062,0.482,0.241,0.064,0.0019,4.185663222290265,0.357439193671846,1.0346325158790421,12.541361203283941
Cond00999,20.015,0.48,0.0028,0.42,0.8,0.426,0.24,0.3,0.00021,0.026,0.0105,0.00014000000000000001,42.22,0.48,0.48,0.06,0.32,0.42,1.6,73.8615,8.0,22.9185,NaN,0.48,0.38,0.38,2.0,30.0002,3.0,15.901110384951371,0.0,0.003,1.4,0.0,0.0,0.42,0.44,0.0028,0.0016,0.48,0.021,0.062,0.482,0.241,0.064,0.0019,0.08043214567272315,7.6944859008842865,NaN,18.571877271006088
Cond01000,40.015,0.48,0.0028,0.42,0.8,0.426,0.24,0.3,0.00021,0.026,0.0105,0.00014000000000000001,42.22,0.48,0.48,0.06,0.32,0.42,1.6,73.8615,8.0,22.9185,0.8004333333333333,0.48,0.38,0.38,2.0,30.0002,3.0,2.2457787532727695,0.0,0.003,1.4,0.0,0.0,0.42,0.44,0.0028,0.0016,0.48,0.021,0.062,0.482,0.241,0.064,0.0019,4.4125363659358925,0.4560947666493376,1.6745271228691532,4.230418805536861
Cond01001,60.015,0.48,0.0028,0.42,0.8,0.426,0.24,0.3,0.00021,0.026,0.0105,0.00014000000000000001,42.22,0.48,0.48,0.06,0.32,0.42,1.6,73.8615,8.0,22.9185,0.8081000000000002,0.48,0.38,0.38,2.0,30.0002,3.0,0.9745303467005795,0.0,0.003,1.4,0.0,0.0,0.42,0.44,0.0028,0.0016,0.48,0.021,0.062,0.482,0.241,0.064,0.0019,0.28267177431196794,0.6006151014485154,1.3953032153090275,0.9567016905901072
Cond01002,80.015,0.48,0.0028,0.42,0.8,0.426,0.24,0.3,0.00021,0.026,0.0105,0.00014000000000000001,42.22,0.48,0.48,0.06,0.32,0.42,1.6,73.8615,8.0,22.9185,0.9327666666666664,0.48,0.38,0.38,2.0,30.0002,3.0,1.0409120799680311,0.0,0.003,1.4,0.0,0.0,0.42,0.44,0.0028,0.0016,0.48,0.021,0.062,0.482,0.241,0.064,0.0019,0.28041509280247456,0.38262420155155563,1.2513209975226862,2.7634279661531984
Cond01003,0.015,0.48,0.0028,0.42,0.8,0.426,0.24,0.1,0.00021,0.026,0.0105,0.00014000000000000001,42.22,0.48,0.48,0.06,0.32,0.42,1.6,73.8615,8.0,22.9185,NaN,0.48,0.38,0.38,2.0,30.0002,3.0,5.559667263012287,0.0,0.003,1.4,0.0,0.0,0.42,0.44,0.0028,0.0016,0.48,0.021,0.062,0.482,0.241,0.064,0.0019,6.263127547315207,0.40672899138804586,NaN,14.100801214485811
Cond01004,0.015,0.48,0.0028,0.42,0.8,0.426,0.24,0.1,0.00021,0.026,0.0105,0.00014000000000000001,42.22,0.48,0.48,0.06,0.32,0.42,1.6,73.8615,8.0,22.9185,NaN,0.48,0.38,0.38,2.0,30.0002,3.0,2.661946596958493,16.92,0.003,1.4,0.0,0.0,0.42,0.44,0.0028,0.0016,0.48,0.021,0.062,0.482,0.241,0.064,0.0019,0.0030658422389946392,0.2782754933321504,NaN,16.09484534327676
Cond01005,0.015,0.48,0.0028,0.42,0.8,0.426,0.24,0.1,0.00021,0.026,0.0105,0.00014000000000000001,42.22,0.48,0.48,0.06,0.32,0.42,1.6,73.8615,8.0,22.9185,NaN,0.48,0.38,0.38,2.0,30.0002,3.0,6.949269717308772,33.84,0.003,1.4,0.0,0.0,0.42,0.44,0.0028,0.0016,0.48,0.021,0.062,0.482,0.241,0.064,0.0019,0.09385728543062105,0.2549259629112608,NaN,20.24620953950396
Cond01006,0.015,0.48,0.0028,0.42,0.8,0.426,0.24,0.1,0.00021,0.026,0.0105,0.00014000000000000001,42.22,0.48,0.48,0.06,0.32,0.42,1.6,73.8615,8.0,22.9185,NaN,0.48,0.38,0.38,2.0,30.0002,3.0,1.0226232577024987,50.76,0.003,1.4,0.0,0.0,0.42,0.44,0.0028,0.0016,0.48,0.021,0.062,0.482,0.241,0.064,0.0019,0.0028053967650183034,0.26587273004193707,NaN,21.711486875839444
Cond01007,0.015,0.48,0.0028,0.42,0.8,0.426,0.24,0.1,0.00021,0.026,0.0105,0.00014000000000000001,42.22,0.48,0.48,0.06,0.32,0.42,1.6,73.8615,8.0,22.9185,NaN,0.48,0.38,0.38,2.0,30.0002,3.0,0.9876018011742992,67.68,0.003,1.4,0.0,0.0,0.42,0.44,0.0028,0.0016,0.48,0.021,0.062,0.482,0.241,0.064,0.0019,0.002316968043045674,0.3287525832908995,NaN,12.784751977026673
Cond01008,20.015,0.48,0.0028,0.42,0.8,0.426,0.24,0.1,0.00021,0.026,0.0105,0.00014000000000000001,42.22,0.48,0.48,0.06,0.32,0.42,1.6,73.8615,8.0,22.9185,NaN,0.48,0.38,0.38,2.0,30.0002,3.0,6.054316255328742,0.0,0.003,1.4,0.0,0.0,0.42,0.44,0.0028,0.0016,0.48,0.021,0.062,0.482,0.241,0.064,0.0019,0.002069109893266472,0.19885038122486468,NaN,25.350682257429057
Cond01009,40.015,0.48,0.0028,0.42,0.8,0.426,0.24,0.1,0.00021,0.026,0.0105,0.00014000000000000001,42.22,0.48,0.48,0.06,0.32,0.42,1.6,73.8615,8.0,22.9185,0.8793499999999997,0.48,0.38,0.38,2.0,30.0002,3.0,0.9718487525315569,0.0,0.003,1.4,0.0,0.0,0.42,0.44,0.0028,0.0016,0.48,0.021,0.062,0.482,0.241,0.064,0.0019,0.21602272139401058,0.4889168196409908,1.3307260124086853,9.310909648783973
Cond01010,60.015,0.48,0.0028,0.42,0.8,0.426,0.24,0.1,0.00021,0.026,0.0105,0.00014000000000000001,42.22,0.48,0.48,0.06,0.32,0.42,1.6,73.8615,8.0,22.9185,1.0587666666666664,0.48,0.38,0.38,2.0,30.0002,3.0,0.9797096581301388,0.0,0.003,1.4,0.0,0.0,0.42,0.44,0.0028,0.0016,0.48,0.021,0.062,0.482,0.241,0.064,0.0019,0.40905611106532674,0.6205205599382784,1.4274274885326268,1.0989840239598876
Cond01011,80.015,0.48,0.0028,0.42,0.8,0.426,0.24,0.1,0.00021,0.026,0.0105,0.00014000000000000001,42.22,0.48,0.48,0.06,0.32,0.42,1.6,73.8615,8.0,22.9185,1.165516666666667,0.48,0.38,0.38,2.0,30.0002,3.0,1.1036659649367622,0.0,0.003,1.4,0.0,0.0,0.42,0.44,0.0028,0.0016,0.48,0.021,0.062,0.482,0.241,0.064,0.0019,0.33287816070554693,0.6239771573829228,1.3352365073950976,0.8215885156508436
Cond01012,20.015,0.48,0.0028,0.42,0.8,0.426,0.24,0.0,0.00021,0.026,0.0105,0.00014000000000000001,42.22,0.48,0.48,0.06,0.32,0.42,0.4,0.0615,8.0,22.9185,0.6579055555555547,0.48,0.38,0.38,2.0,0.0002,3.0,0.7377742886432052,16.92,0.003,1.4,0.8,8.0,0.42,0.44,0.0028,0.0016,0.48,0.021,0.062,0.482,0.241,0.064,0.0019,0.6006631286942823,0.5980967533679282,1.3740174009369606,0.9313691862780161
Cond01013,20.015,0.48,0.0028,0.42,0.8,0.426,0.24,0.0,0.00021,0.026,0.0105,0.00014000000000000001,42.22,0.48,0.48,0.06,0.32,0.42,0.4,24.6615,8.0,22.9185,0.9185166666666676,0.48,0.38,0.38,2.0,0.0002,3.0,0.9264627967927248,16.92,0.003,1.4,0.8,8.0,0.42,0.44,0.0028,0.0016,0.48,0.021,0.062,0.482,0.241,0.064,0.0019,0.4257916574782535,0.7084034404966825,1.3855569819883877,0.8264101728876997
Cond01014,20.015,0.48,0.0028,0.42,0.8,0.426,0.24,0.0,0.00021,0.026,0.0105,0.00014000000000000001,42.22,0.48,0.48,0.06,0.32,0.42,0.4,49.2615,8.0,22.9185,0.9536833333333337,0.48,0.38,0.38,2.0,0.0002,3.0,0.9941673247631927,16.92,0.003,1.4,0.8,8.0,0.42,0.44,0.0028,0.0016,0.48,0.021,0.062,0.482,0.241,0.064,0.0019,0.3370474212973195,0.7091410442995386,1.4396360418752936,0.7996464553409046
Cond01015,20.015,0.48,0.0028,0.42,0.8,0.426,0.24,0.0,0.00021,0.026,0.0105,0.00014000000000000001,42.22,0.48,0.48,0.06,0.32,0.42,0.4,73.8615,8.0,22.9185,0.9860166666666667,0.48,0.38,0.38,2.0,0.0002,3.0,1.0839405108780757,16.92,0.003,1.4,0.8,8.0,0.42,0.44,0.0028,0.0016,0.48,0.021,0.062,0.482,0.241,0.064,0.0019,0.3026261616172851,0.9469407142108136,1.0819164004239255,0.6582392569183322
Cond01016,20.015,0.48,0.0028,0.42,0.8,0.426,0.24,0.0,0.00021,0.026,0.0105,0.00014000000000000001,42.22,0.48,0.48,0.06,0.32,0.42,0.4,98.4615,8.0,22.9185,1.0626277777777784,0.48,0.38,0.38,2.0,0.0002,3.0,1.1553804146450368,16.92,0.003,1.4,0.8,8.0,0.42,0.44,0.0028,0.0016,0.48,0.021,0.062,0.482,0.241,0.064,0.0019,0.2142977885671883,0.69395166256273,1.1836641444006561,0.7929699748603314
Cond01017,20.015,0.48,0.0028,0.42,0.8,0.426,0.24,0.0,0.00021,0.026,0.0105,0.00014000000000000001,42.22,0.48,0.48,0.06,0.32,0.42,0.4,0.0615,8.0,22.9185,0.7156277777777773,0.48,0.38,0.38,2.0,0.0002,3.0,0.748389328029215,16.92,0.003,1.4,0.8,0.0,0.42,0.44,0.0028,0.0016,0.48,0.021,0.062,0.482,0.241,0.064,0.0019,0.51265265473143,0.7103883491555191,1.4246737510205958,0.7998546811332934
Cond01018,20.015,0.48,0.0028,0.42,0.8,0.426,0.24,0.0,0.00021,0.026,0.0105,0.00014000000000000001,42.22,0.48,0.48,0.06,0.32,0.42,0.4,0.0615,8.0,22.9185,0.6977111111111114,0.48,0.38,0.38,2.0,0.0002,3.0,0.7599134491908464,16.92,0.003,1.4,0.8,2.0,0.42,0.44,0.0028,0.0016,0.48,0.021,0.062,0.482,0.241,0.064,0.0019,0.6859599111699128,0.6494513256008748,1.4253482725675477,0.8398383475617062
Cond01019,20.015,0.48,0.0028,0.42,0.8,0.426,0.24,0.0,0.00021,0.026,0.0105,0.00014000000000000001,42.22,0.48,0.48,0.06,0.32,0.42,0.4,0.0615,8.0,22.9185,0.6354055555555554,0.48,0.38,0.38,2.0,0.0002,3.0,0.7283213614383559,16.92,0.003,1.4,0.8,4.0,0.42,0.44,0.0028,0.0016,0.48,0.021,0.062,0.482,0.241,0.064,0.0019,0.6424835912787182,0.6022955019341031,1.3135445421707457,0.906257008847273
Cond01020,20.015,0.48,0.0028,0.42,0.8,0.426,0.24,0.0,0.00021,0.026,0.0105,0.00014000000000000001,42.22,0.48,0.48,0.06,0.32,0.42,0.4,0.0615,8.0,22.9185,0.6957111111111112,0.48,0.38,0.38,2.0,0.0002,3.0,0.7760880993768586,16.92,0.003,1.4,0.8,6.0,0.42,0.44,0.0028,0.0016,0.48,0.021,0.062,0.482,0.241,0.064,0.0019,0.702747960525024,0.6330004934179082,1.4439868440503258,0.8621102573371455
Cond01021,0.015,0.48,0.0029,0.46,0.78,0.414,0.23,0.0,0.00022,0.026,0.011,0.000135,43.42,0.48,0.48,0.058,0.312,0.4,1.6,0.0615,12.0,23.7985,0.889516666666667,0.48,0.4,0.4,4.0,10.0002,3.1,0.9341117789911695,50.76,0.0031,1.45,1.6,0.0,0.42,0.44,0.0028,0.00155,0.46,0.02,0.064,0.468,0.2365,0.062,0.002,0.3332319988558828,0.6499774388814534,1.33889842303317,0.9141270066408516
Cond01022,20.015,0.48,0.0029,0.46,0.78,0.414,0.23,0.0,0.00022,0.026,0.011,0.000135,43.42,0.48,0.48,0.058,0.312,0.4,1.6,0.0615,12.0,23.7985,0.830322222222222,0.48,0.4,0.4,4.0,10.0002,3.1,0.8792219138406261,50.76,0.0031,1.45,1.6,0.0,0.42,0.44,0.0028,0.00155,0.46,0.02,0.064,0.468,0.2365,0.062,0.002,0.5457945210537642,0.5791463565455551,1.2303883126857427,0.9859286646271084
Cond01023,40.015,0.48,0.0029,0.46,0.78,0.414,0.23,0.0,0.00022,0.026,0.011,0.000135,43.42,0.48,0.48,0.058,0.312,0.4,1.6,0.0615,12.0,23.7985,0.8772000000000002,0.48,0.4,0.4,4.0,10.0002,3.1,0.9690845950256833,50.76,0.0031,1.45,1.6,0.0,0.42,0.44,0.0028,0.00155,0.46,0.02,0.064,0.468,0.2365,0.062,0.002,0.4073077713106795,0.5192917074779395,0.6508408559245062,1.177658241854944
Cond01024,60.015,0.48,0.0029,0.46,0.78,0.414,0.23,0.0,0.00022,0.026,0.011,0.000135,43.42,0.48,0.48,0.058,0.312,0.4,1.6,0.0615,12.0,23.7985,0.8754333333333333,0.48,0.4,0.4,4.0,10.0002,3.1,0.9515651400921831,50.76,0.0031,1.45,1.6,0.0,0.42,0.44,0.0028,0.00155,0.46,0.02,0.064,0.468,0.2365,0.062,0.002,0.3279665799728795,0.6456977917029271,1.333364303745977,0.8739276844480584
Cond01025,80.015,0.48,0.0029,0.46,0.78,0.414,0.23,0.0,0.00022,0.026,0.011,0.000135,43.42,0.48,0.48,0.058,0.312,0.4,1.6,0.0615,12.0,23.7985,0.8959166666666667,0.48,0.4,0.4,4.0,10.0002,3.1,0.9358824299672059,50.76,0.0031,1.45,1.6,0.0,0.42,0.44,0.0028,0.00155,0.46,0.02,0.064,0.468,0.2365,0.062,0.002,0.4590408634529735,0.46807627924643813,1.1461548616229367,1.3836311877366074
Cond01026,0.015,0.48,0.0029,0.46,0.78,0.414,0.23,0.0,0.00022,0.026,0.011,0.000135,43.42,0.48,0.48,0.058,0.312,0.4,0.0,0.0615,12.0,23.7985,0.8651,0.48,0.4,0.4,4.0,10.0002,3.1,0.880493025332835,50.76,0.0031,1.45,1.6,0.0,0.42,0.44,0.0028,0.00155,0.46,0.02,0.064,0.468,0.2365,0.062,0.002,0.00014557192614549384,0.5290899688573658,1.0272827956052213,2.752088069928142
Cond01027,0.015,0.48,0.0029,0.46,0.78,0.414,0.23,0.0,0.00022,0.026,0.011,0.000135,43.42,0.48,0.48,0.058,0.312,0.4,0.4,0.0615,12.0,23.7985,0.9014333333333338,0.48,0.4,0.4,4.0,10.0002,3.1,0.9114917027209327,50.76,0.0031,1.45,1.6,0.0,0.42,0.44,0.0028,0.00155,0.46,0.02,0.064,0.468,0.2365,0.062,0.002,0.4625778881927447,0.6095392069469997,1.2271542234748951,0.9941483707064255
Cond01028,0.015,0.48,0.0029,0.46,0.78,0.414,0.23,0.0,0.00022,0.026,0.011,0.000135,43.42,0.48,0.48,0.058,0.312,0.4,0.8,0.0615,12.0,23.7985,0.9293222222222224,0.48,0.4,0.4,4.0,10.0002,3.1,0.9485110587503988,50.76,0.0031,1.45,1.6,0.0,0.42,0.44,0.0028,0.00155,0.46,0.02,0.064,0.468,0.2365,0.062,0.002,0.4399172527113679,0.6687973083014388,1.312595596763529,0.8714585726765093
Cond01029,0.015,0.48,0.0029,0.46,0.78,0.414,0.23,0.0,0.00022,0.026,0.011,0.000135,43.42,0.48,0.48,0.058,0.312,0.4,1.2,0.0615,12.0,23.7985,0.9376555555555556,0.48,0.4,0.4,4.0,10.0002,3.1,0.969520915065134,50.76,0.0031,1.45,1.6,0.0,0.42,0.44,0.0028,0.00155,0.46,0.02,0.064,0.468,0.2365,0.062,0.002,0.3551794464630241,0.7349961090249435,1.3351556958981157,0.7950025840366408
